{"resourceType":"ImplementationGuide","id":"fhir.acep.covid19-ed-r4","text":{"status":"extensions","div":"<div xmlns=\"http://www.w3.org/1999/xhtml\"><h2>COVID19EDSeverityClassification</h2><p>The official URL for this implementation guide is: </p><pre>http://fhir.org/guides/acep/ImplementationGuide/fhir.acep.covid19-ed-r4</pre><div><p>Implementation guide for an Emergency Department COVID-19 Severity Classification and Disposition guideline defined by the American College of Emergency Physicians (ACEP)</p>\n</div></div>"},"url":"http://fhir.org/guides/acep/ImplementationGuide/fhir.acep.covid19-ed-r4","version":"0.1.0","name":"COVID19EDSeverityClassification","title":"Emergency Department COVID-19 Severity Classification","status":"draft","experimental":false,"date":"2022-01-24T16:21:32+00:00","publisher":"Veterans Health Administration (VHA)","contact":[{"telecom":[{"system":"url","value":"http://hl7.org/Special/committees/[something]"}]}],"description":"Implementation guide for an Emergency Department COVID-19 Severity Classification and Disposition guideline defined by the American College of Emergency Physicians (ACEP)","jurisdiction":[{"coding":[{"system":"http://unstats.un.org/unsd/methods/m49/m49.htm","code":"001"}]}],"packageId":"fhir.acep.covid19-ed-r4","license":"Apache-2.0","fhirVersion":["4.0.1"],"dependsOn":[{"id":"cpg","uri":"http://hl7.org/fhir/uv/cpg/ImplementationGuide/hl7.fhir.uv.cpg","packageId":"hl7.fhir.uv.cpg","version":"dev"}],"definition":{"extension":[{"extension":[{"url":"code","valueString":"copyrightyear"},{"url":"value","valueString":"2020+"}],"url":"http://hl7.org/fhir/tools/StructureDefinition/ig-parameter"},{"extension":[{"url":"code","valueString":"releaselabel"},{"url":"value","valueString":"CI Build"}],"url":"http://hl7.org/fhir/tools/StructureDefinition/ig-parameter"},{"extension":[{"url":"code","valueString":"path-binary"},{"url":"value","valueString":"input/cql"}],"url":"http://hl7.org/fhir/tools/StructureDefinition/ig-parameter"},{"extension":[{"url":"code","valueString":"excludettl"},{"url":"value","valueString":"true"}],"url":"http://hl7.org/fhir/tools/StructureDefinition/ig-parameter"},{"extension":[{"url":"code","valueString":"excludemap"},{"url":"value","valueString":"true"}],"url":"http://hl7.org/fhir/tools/StructureDefinition/ig-parameter"},{"extension":[{"url":"code","valueString":"path-suppressed-warnings"},{"url":"value","valueString":"input/ignoreWarnings.txt"}],"url":"http://hl7.org/fhir/tools/StructureDefinition/ig-parameter"},{"extension":[{"url":"code","valueString":"autoload-resources"},{"url":"value","valueString":"true"}],"url":"http://hl7.org/fhir/tools/StructureDefinition/ig-parameter"},{"extension":[{"url":"code","valueString":"path-liquid"},{"url":"value","valueString":"template/liquid"}],"url":"http://hl7.org/fhir/tools/StructureDefinition/ig-parameter"},{"extension":[{"url":"code","valueString":"path-liquid"},{"url":"value","valueString":"input/liquid"}],"url":"http://hl7.org/fhir/tools/StructureDefinition/ig-parameter"},{"extension":[{"url":"code","valueString":"path-qa"},{"url":"value","valueString":"temp/qa"}],"url":"http://hl7.org/fhir/tools/StructureDefinition/ig-parameter"},{"extension":[{"url":"code","valueString":"path-temp"},{"url":"value","valueString":"temp/pages"}],"url":"http://hl7.org/fhir/tools/StructureDefinition/ig-parameter"},{"extension":[{"url":"code","valueString":"path-output"},{"url":"value","valueString":"output"}],"url":"http://hl7.org/fhir/tools/StructureDefinition/ig-parameter"},{"extension":[{"url":"code","valueString":"path-history"},{"url":"value","valueString":"http://fhir.org/guides/acep/history.html"}],"url":"http://hl7.org/fhir/tools/StructureDefinition/ig-parameter"},{"extension":[{"url":"code","valueString":"template-html"},{"url":"value","valueString":"template-page.html"}],"url":"http://hl7.org/fhir/tools/StructureDefinition/ig-parameter"},{"extension":[{"url":"code","valueString":"template-md"},{"url":"value","valueString":"template-page-md.html"}],"url":"http://hl7.org/fhir/tools/StructureDefinition/ig-parameter"},{"extension":[{"url":"code","valueString":"apply-contact"},{"url":"value","valueString":"true"}],"url":"http://hl7.org/fhir/tools/StructureDefinition/ig-parameter"},{"extension":[{"url":"code","valueString":"apply-context"},{"url":"value","valueString":"true"}],"url":"http://hl7.org/fhir/tools/StructureDefinition/ig-parameter"},{"extension":[{"url":"code","valueString":"apply-copyright"},{"url":"value","valueString":"true"}],"url":"http://hl7.org/fhir/tools/StructureDefinition/ig-parameter"},{"extension":[{"url":"code","valueString":"apply-jurisdiction"},{"url":"value","valueString":"true"}],"url":"http://hl7.org/fhir/tools/StructureDefinition/ig-parameter"},{"extension":[{"url":"code","valueString":"apply-license"},{"url":"value","valueString":"true"}],"url":"http://hl7.org/fhir/tools/StructureDefinition/ig-parameter"},{"extension":[{"url":"code","valueString":"apply-publisher"},{"url":"value","valueString":"true"}],"url":"http://hl7.org/fhir/tools/StructureDefinition/ig-parameter"},{"extension":[{"url":"code","valueString":"apply-version"},{"url":"value","valueString":"true"}],"url":"http://hl7.org/fhir/tools/StructureDefinition/ig-parameter"},{"extension":[{"url":"code","valueString":"active-tables"},{"url":"value","valueString":"true"}],"url":"http://hl7.org/fhir/tools/StructureDefinition/ig-parameter"}],"grouping":[{"id":"-term-valueset","name":"Terminology: Value Sets","description":"These define sets of codes used by systems conforming to this implementation guide"},{"id":"-ka-plandefinition","name":"Knowledge Artifacts: Plan Definitions","description":"These define workflows, rules, strategies, or protocols as part of content in this implementation guide"},{"id":"-ka-library","name":"Knowledge Artifacts: Libraries","description":"These define logic, asset collections and other libraries as part of content in this implementation guide"}],"resource":[{"extension":[{"url":"http://hl7.org/fhir/StructureDefinition/implementationguide-page","valueUri":"Library-COVID19Concepts.html"}],"reference":{"reference":"Library/COVID19Concepts"},"name":"CQL Library - COVID-19 Shared Concepts and Terminology","description":"COVID-19 Shared Concepts and Terminology imported by other CQL logic libraries.","groupingId":"-ka-library"},{"extension":[{"url":"http://hl7.org/fhir/StructureDefinition/implementationguide-page","valueUri":"Library-COVID19EmergencyDeptSummary.html"}],"reference":{"reference":"Library/COVID19EmergencyDeptSummary"},"name":"CQL Library - Summary of results for the ACEP Emergency Department COVID-19 Management Tool","description":"This library contains logic to support the ACEP Emergency Department COVID-19 Management Tool guideline, summarizing clinical assessment, risk factores, diagnostic tests, and risk scores.","groupingId":"-ka-library"},{"extension":[{"url":"http://hl7.org/fhir/StructureDefinition/implementationguide-page","valueUri":"Library-COVID19EmergencyDeptAssessment.html"}],"reference":{"reference":"Library/COVID19EmergencyDeptAssessment"},"name":"CQL Library - ACEP Emergency Department COVID-19 Management Tool Logic","description":"This library contains logic to support the ACEP Emergency Department COVID-19 Management Tool guideline, including caclculation of the risk score and severity.","groupingId":"-ka-library"},{"extension":[{"url":"http://hl7.org/fhir/StructureDefinition/implementationguide-page","valueUri":"Library-COVID19EmergencyDeptHooks.html"}],"reference":{"reference":"Library/COVID19EmergencyDeptHooks"},"name":"CQL Library - CDS Hooks for ACEP Emergency Department COVID-19 Management Tool Logic","description":"This library contains logic to support CDS Hooks for the ACEP Emergency Department COVID-19 Management Tool guideline.","groupingId":"-ka-library"},{"extension":[{"url":"http://hl7.org/fhir/StructureDefinition/implementationguide-page","valueUri":"Library-FHIRHelpers-4.0.1.html"}],"reference":{"reference":"Library/FHIRHelpers-4.0.1"},"name":"CQL Library - FHIR Helpers for CDS","description":"CQL Library - FHIR Helpers for CDS","groupingId":"-ka-library"},{"extension":[{"url":"http://hl7.org/fhir/StructureDefinition/implementationguide-page","valueUri":"Library-CDSConnectCommons.html"}],"reference":{"reference":"Library/CDSConnectCommons"},"name":"CQL Library - Common Logic for CDS","description":"CQL Common Logic for CDS providing shared helper functions.","groupingId":"-ka-library"},{"extension":[{"url":"http://hl7.org/fhir/StructureDefinition/implementationguide-page","valueUri":"PlanDefinition-COVID19EmergencyDeptRecommendation.html"}],"reference":{"reference":"PlanDefinition/COVID19EmergencyDeptRecommendation"},"name":"PlanDefinition - ACEP COVID-19 ED Severity Classification and Disposition","description":"CDS Hook definitions for ACEP COVID-19 ED Severity Classification and Disposition","groupingId":"-ka-plandefinition"},{"extension":[{"url":"http://hl7.org/fhir/StructureDefinition/implementationguide-page","valueUri":"ValueSet-covid-19-condition-risk-steroid-usage-icd10.html"}],"reference":{"reference":"ValueSet/covid-19-condition-risk-steroid-usage-icd10"},"name":"COVID-19 ICD10 Condition Risk Steroid Usage","description":"COVID-19 ICD10 Condition Risk Steroid Usage","groupingId":"-term-valueset"},{"extension":[{"url":"http://hl7.org/fhir/StructureDefinition/implementationguide-page","valueUri":"ValueSet-covid-19-lab-aspartate-aminotransferase.html"}],"reference":{"reference":"ValueSet/covid-19-lab-aspartate-aminotransferase"},"name":"COVID-19 Laboratory Value Set for Aspartate Aminotransferase","description":"COVID-19 Laboratory Value Set for Aspartate Aminotransferase","groupingId":"-term-valueset"},{"extension":[{"url":"http://hl7.org/fhir/StructureDefinition/implementationguide-page","valueUri":"ValueSet-covid-19-lab-alt.html"}],"reference":{"reference":"ValueSet/covid-19-lab-alt"},"name":"COVID-19 Laboratory Value Set for ALT","description":"COVID-19 Laboratory Value Set for ALT","groupingId":"-term-valueset"},{"extension":[{"url":"http://hl7.org/fhir/StructureDefinition/implementationguide-page","valueUri":"ValueSet-covid-19-lab-fibrin.html"}],"reference":{"reference":"ValueSet/covid-19-lab-fibrin"},"name":"COVID-19 Laboratory Value Set for Fibrin","description":"COVID-19 Laboratory Value Set for Fibrin","groupingId":"-term-valueset"},{"extension":[{"url":"http://hl7.org/fhir/StructureDefinition/implementationguide-page","valueUri":"ValueSet-covid-19-lab-troponin.html"}],"reference":{"reference":"ValueSet/covid-19-lab-troponin"},"name":"COVID-19 Laboratory Value Set for Troponin","description":"COVID-19 Laboratory Value Set for Troponin","groupingId":"-term-valueset"},{"extension":[{"url":"http://hl7.org/fhir/StructureDefinition/implementationguide-page","valueUri":"ValueSet-2.16.840.1.113883.3.3616.200.110.102.3102.html"}],"reference":{"reference":"ValueSet/2.16.840.1.113883.3.3616.200.110.102.3102"},"groupingId":"-term-valueset"},{"extension":[{"url":"http://hl7.org/fhir/StructureDefinition/implementationguide-page","valueUri":"ValueSet-2.16.840.1.113883.3.3616.200.110.102.6048.html"}],"reference":{"reference":"ValueSet/2.16.840.1.113883.3.3616.200.110.102.6048"},"groupingId":"-term-valueset"},{"extension":[{"url":"http://hl7.org/fhir/StructureDefinition/implementationguide-page","valueUri":"ValueSet-covid-19-lab-ferritin.html"}],"reference":{"reference":"ValueSet/covid-19-lab-ferritin"},"name":"COVID-19 Laboratory Value Set for Ferritin","description":"COVID-19 Laboratory Value Set for Ferritin","groupingId":"-term-valueset"},{"extension":[{"url":"http://hl7.org/fhir/StructureDefinition/implementationguide-page","valueUri":"ValueSet-2.16.840.1.113883.3.3616.200.110.102.6100.html"}],"reference":{"reference":"ValueSet/2.16.840.1.113883.3.3616.200.110.102.6100"},"groupingId":"-term-valueset"},{"extension":[{"url":"http://hl7.org/fhir/StructureDefinition/implementationguide-page","valueUri":"ValueSet-who-performance-status.html"}],"reference":{"reference":"ValueSet/who-performance-status"},"name":"WHO Performance Status Value Set","description":"World Health Organization (WHO) performance status finding (finding)","groupingId":"-term-valueset"},{"extension":[{"url":"http://hl7.org/fhir/StructureDefinition/implementationguide-page","valueUri":"ValueSet-covid-19-lab-lactate-dehydrogenase.html"}],"reference":{"reference":"ValueSet/covid-19-lab-lactate-dehydrogenase"},"name":"COVID-19 Laboratory Value Set for Lactate Dehydrogenase","description":"COVID-19 Laboratory Value Set for Lactate Dehydrogenase","groupingId":"-term-valueset"},{"extension":[{"url":"http://hl7.org/fhir/StructureDefinition/implementationguide-page","valueUri":"ValueSet-covid-19-lab-creatinine.html"}],"reference":{"reference":"ValueSet/covid-19-lab-creatinine"},"name":"COVID-19 Laboratory Value Set for Creatinine","description":"COVID-19 Laboratory Value Set for Creatinine","groupingId":"-term-valueset"},{"extension":[{"url":"http://hl7.org/fhir/StructureDefinition/implementationguide-page","valueUri":"ValueSet-covid-19-lab-ddimer.html"}],"reference":{"reference":"ValueSet/covid-19-lab-ddimer"},"name":"COVID-19 Laboratory Value Set for D-dimer","description":"COVID-19 Laboratory Value Set for D-dimer","groupingId":"-term-valueset"},{"extension":[{"url":"http://hl7.org/fhir/StructureDefinition/implementationguide-page","valueUri":"ValueSet-covid-19-lab-interleukin-6.html"}],"reference":{"reference":"ValueSet/covid-19-lab-interleukin-6"},"name":"COVID-19 Laboratory Value Set for Interleukin 6","description":"COVID-19 Laboratory Value Set for Interleukin 6","groupingId":"-term-valueset"},{"extension":[{"url":"http://hl7.org/fhir/StructureDefinition/implementationguide-page","valueUri":"ValueSet-covid-19-lab-interleukin.html"}],"reference":{"reference":"ValueSet/covid-19-lab-interleukin"},"name":"COVID-19 Laboratory Value Set for Interleukin","description":"COVID-19 Laboratory Value Set for Interleukin","groupingId":"-term-valueset"},{"extension":[{"url":"http://hl7.org/fhir/StructureDefinition/implementationguide-page","valueUri":"ValueSet-covid-19-lab-oxygen.html"}],"reference":{"reference":"ValueSet/covid-19-lab-oxygen"},"name":"COVID-19 Laboratory Value Set for Oxygen","description":"COVID-19 Laboratory Value Set for Oxygen","groupingId":"-term-valueset"},{"extension":[{"url":"http://hl7.org/fhir/StructureDefinition/implementationguide-page","valueUri":"ValueSet-covid-19-condition-vital-blood-pressure.html"}],"reference":{"reference":"ValueSet/covid-19-condition-vital-blood-pressure"},"name":"COVID-19 Condition Vital Blood Pressure Value Set","description":"COVID-19 Condition Vital Blood Pressure Value Set","groupingId":"-term-valueset"},{"extension":[{"url":"http://hl7.org/fhir/StructureDefinition/implementationguide-page","valueUri":"ValueSet-2.16.840.1.113883.3.3616.200.110.102.3028.html"}],"reference":{"reference":"ValueSet/2.16.840.1.113883.3.3616.200.110.102.3028"},"groupingId":"-term-valueset"},{"extension":[{"url":"http://hl7.org/fhir/StructureDefinition/implementationguide-page","valueUri":"ValueSet-covid-19-condition-risk-immunosuppression-icd10.html"}],"reference":{"reference":"ValueSet/covid-19-condition-risk-immunosuppression-icd10"},"name":"COVID-19 ICD10 Condition Risk Immunosuppression","description":"COVID-19 ICD10 Condition Risk Immunosuppression","groupingId":"-term-valueset"},{"extension":[{"url":"http://hl7.org/fhir/StructureDefinition/implementationguide-page","valueUri":"ValueSet-covid-19-lab-pao2fio2.html"}],"reference":{"reference":"ValueSet/covid-19-lab-pao2fio2"},"name":"COVID-19 Laboratory Value Set for PaO2FiO2 Ratio","description":"COVID-19 Laboratory Value Set for PaO2FiO2 Ratio","groupingId":"-term-valueset"},{"extension":[{"url":"http://hl7.org/fhir/StructureDefinition/implementationguide-page","valueUri":"ValueSet-2.16.840.1.113883.3.3616.200.110.102.3153.html"}],"reference":{"reference":"ValueSet/2.16.840.1.113883.3.3616.200.110.102.3153"},"groupingId":"-term-valueset"},{"extension":[{"url":"http://hl7.org/fhir/StructureDefinition/implementationguide-page","valueUri":"ValueSet-covid-19-condition-risk-steroid-usage-snomed.html"}],"reference":{"reference":"ValueSet/covid-19-condition-risk-steroid-usage-snomed"},"name":"COVID-19 SNOMED Condition Risk Steroid Usage","description":"COVID-19 SNOMED Condition Risk Steroid Usage","groupingId":"-term-valueset"},{"extension":[{"url":"http://hl7.org/fhir/StructureDefinition/implementationguide-page","valueUri":"ValueSet-covid-19-lab-c-reactive-protein.html"}],"reference":{"reference":"ValueSet/covid-19-lab-c-reactive-protein"},"name":"COVID-19 Laboratory Value Set for C Reactive Protein","description":"COVID-19 Laboratory Value Set for C Reactive Protein","groupingId":"-term-valueset"},{"extension":[{"url":"http://hl7.org/fhir/StructureDefinition/implementationguide-page","valueUri":"ValueSet-2.16.840.1.113883.3.3616.200.110.102.6064.html"}],"reference":{"reference":"ValueSet/2.16.840.1.113883.3.3616.200.110.102.6064"},"groupingId":"-term-valueset"},{"extension":[{"url":"http://hl7.org/fhir/StructureDefinition/implementationguide-page","valueUri":"ValueSet-covid-19-lab-interleukin-8.html"}],"reference":{"reference":"ValueSet/covid-19-lab-interleukin-8"},"name":"COVID-19 Laboratory Value Set for Interleukin 8","description":"COVID-19 Laboratory Value Set for Interleukin 8","groupingId":"-term-valueset"},{"extension":[{"url":"http://hl7.org/fhir/StructureDefinition/implementationguide-page","valueUri":"ValueSet-covid-19-lab-ast.html"}],"reference":{"reference":"ValueSet/covid-19-lab-ast"},"name":"COVID-19 Laboratory Value Set for AST","description":"COVID-19 Laboratory Value Set for AST","groupingId":"-term-valueset"},{"extension":[{"url":"http://hl7.org/fhir/StructureDefinition/implementationguide-page","valueUri":"ValueSet-covid-19-lab-crp.html"}],"reference":{"reference":"ValueSet/covid-19-lab-crp"},"name":"COVID-19 Laboratory Value Set for CRP","description":"COVID-19 Laboratory Value Set for CRP","groupingId":"-term-valueset"},{"extension":[{"url":"http://hl7.org/fhir/StructureDefinition/implementationguide-page","valueUri":"ValueSet-covid-19-lab-procalcitonin.html"}],"reference":{"reference":"ValueSet/covid-19-lab-procalcitonin"},"name":"COVID-19 Laboratory Value Set for Procalcitonin","description":"COVID-19 Laboratory Value Set for Procalcitonin","groupingId":"-term-valueset"},{"extension":[{"url":"http://hl7.org/fhir/StructureDefinition/implementationguide-page","valueUri":"ValueSet-covid-19-lab-lymphocytes.html"}],"reference":{"reference":"ValueSet/covid-19-lab-lymphocytes"},"name":"COVID-19 Laboratory Value Set for Lymphocytes","description":"COVID-19 Laboratory Value Set for Lymphocytes","groupingId":"-term-valueset"},{"extension":[{"url":"http://hl7.org/fhir/StructureDefinition/implementationguide-page","valueUri":"ValueSet-covid-19-condition-risk-immunosuppression-snomed.html"}],"reference":{"reference":"ValueSet/covid-19-condition-risk-immunosuppression-snomed"},"name":"COVID-19 SNOMED Condition Risk Immunosuppression","description":"COVID-19 SNOMED Condition Risk Immunosuppression","groupingId":"-term-valueset"},{"extension":[{"url":"http://hl7.org/fhir/StructureDefinition/implementationguide-page","valueUri":"ValueSet-covid-19-lab-leukocyte.html"}],"reference":{"reference":"ValueSet/covid-19-lab-leukocyte"},"name":"COVID-19 Laboratory Value Set for Leukocytes","description":"COVID-19 Laboratory Value Set for Leukocytes","groupingId":"-term-valueset"},{"extension":[{"url":"http://hl7.org/fhir/StructureDefinition/implementationguide-page","valueUri":"ValueSet-covid-19-lab-platelets.html"}],"reference":{"reference":"ValueSet/covid-19-lab-platelets"},"name":"COVID-19 Laboratory Value Set for Blood Platelets","description":"COVID-19 Laboratory Value Set for Blood Platelets","groupingId":"-term-valueset"},{"extension":[{"url":"http://hl7.org/fhir/StructureDefinition/implementationguide-page","valueUri":"ValueSet-covid-19-lab-ldh.html"}],"reference":{"reference":"ValueSet/covid-19-lab-ldh"},"name":"COVID-19 Laboratory Value Set for LDH","description":"COVID-19 Laboratory Value Set for LDH","groupingId":"-term-valueset"},{"extension":[{"url":"http://hl7.org/fhir/StructureDefinition/implementationguide-page","valueUri":"ValueSet-covid-19-lab-alanine-aminotransferase.html"}],"reference":{"reference":"ValueSet/covid-19-lab-alanine-aminotransferase"},"name":"COVID-19 Laboratory Value Set for Alanine Aminotransferase","description":"COVID-19 Laboratory Value Set for Alanine Aminotransferase","groupingId":"-term-valueset"},{"extension":[{"url":"http://hl7.org/fhir/StructureDefinition/implementationguide-page","valueUri":"ValueSet-covid-19-condition-risk-downs-syndrome-icd10.html"}],"reference":{"reference":"ValueSet/covid-19-condition-risk-downs-syndrome-icd10"},"name":"COVID-19 ICD10 Risk Factor Downs Syndrome Conditions Value Set","description":"COVID-19 ICD10 Risk Factor Downs Syndrome Conditions Value Set","groupingId":"-term-valueset"},{"extension":[{"url":"http://hl7.org/fhir/StructureDefinition/implementationguide-page","valueUri":"ValueSet-covid-19-lab-interleukin-1.html"}],"reference":{"reference":"ValueSet/covid-19-lab-interleukin-1"},"name":"COVID-19 Laboratory Value Set for Interleukin 1","description":"COVID-19 Laboratory Value Set for Interleukin 1","groupingId":"-term-valueset"},{"extension":[{"url":"http://hl7.org/fhir/StructureDefinition/implementationguide-page","valueUri":"ValueSet-covid-19-obs-alertness.html"}],"reference":{"reference":"ValueSet/covid-19-obs-alertness"},"name":"COVID-19 Clinical Observation for Alertness","description":"COVID-19 Clinical Observation for Alertness","groupingId":"-term-valueset"},{"extension":[{"url":"http://hl7.org/fhir/StructureDefinition/implementationguide-page","valueUri":"ValueSet-covid-19-condition-risk-downs-syndrome-snomed.html"}],"reference":{"reference":"ValueSet/covid-19-condition-risk-downs-syndrome-snomed"},"name":"COVID-19 SNOMED Risk Factor Downs Syndrome Conditions Value Set","description":"COVID-19 SNOMED Risk Factor Downs Syndrome Conditions Value Set","groupingId":"-term-valueset"},{"extension":[{"url":"http://hl7.org/fhir/StructureDefinition/implementationguide-page","valueUri":"ValueSet-covid-19-lab-tumor-necrosis.html"}],"reference":{"reference":"ValueSet/covid-19-lab-tumor-necrosis"},"name":"COVID-19 Laboratory Value Set for Tumor Necrosis","description":"COVID-19 Laboratory Value Set for Tumor Necrosis","groupingId":"-term-valueset"},{"extension":[{"url":"http://hl7.org/fhir/StructureDefinition/implementationguide-page","valueUri":"ValueSet-covid-19-lab-neutrophils.html"}],"reference":{"reference":"ValueSet/covid-19-lab-neutrophils"},"name":"COVID-19 Laboratory Value Set for Neutrophils","description":"COVID-19 Laboratory Value Set for Neutrophils","groupingId":"-term-valueset"}],"page":{"nameUrl":"toc.html","title":"Table of Contents","generation":"html","page":[{"nameUrl":"index.html","title":"COVID-19 ED Severity Classification","generation":"html"},{"nameUrl":"background.html","title":"Background","generation":"html"},{"nameUrl":"spec.html","title":"Detailed Specification","generation":"markdown"},{"nameUrl":"downloads.html","title":"Useful Downloads","generation":"html"},{"nameUrl":"changes.html","title":"IG Change History","generation":"html"},{"nameUrl":"artifacts.html","title":"Artifacts Summary","generation":"html","page":[{"nameUrl":"ValueSet-covid-19-condition-risk-steroid-usage-icd10.html","title":"COVID-19 ICD10 Condition Risk Steroid Usage","generation":"generated"},{"nameUrl":"ValueSet-covid-19-lab-aspartate-aminotransferase.html","title":"COVID-19 Laboratory Value Set for Aspartate Aminotransferase","generation":"generated"},{"nameUrl":"ValueSet-covid-19-lab-alt.html","title":"COVID-19 Laboratory Value Set for ALT","generation":"generated"},{"nameUrl":"ValueSet-covid-19-lab-fibrin.html","title":"COVID-19 Laboratory Value Set for Fibrin","generation":"generated"},{"nameUrl":"ValueSet-covid-19-lab-troponin.html","title":"COVID-19 Laboratory Value Set for Troponin","generation":"generated"},{"nameUrl":"ValueSet-2.16.840.1.113883.3.3616.200.110.102.3102.html","generation":"generated"},{"nameUrl":"ValueSet-2.16.840.1.113883.3.3616.200.110.102.6048.html","generation":"generated"},{"nameUrl":"ValueSet-covid-19-lab-ferritin.html","title":"COVID-19 Laboratory Value Set for Ferritin","generation":"generated"},{"nameUrl":"ValueSet-2.16.840.1.113883.3.3616.200.110.102.6100.html","generation":"generated"},{"nameUrl":"ValueSet-who-performance-status.html","title":"WHO Performance Status Value Set","generation":"generated"},{"nameUrl":"ValueSet-covid-19-lab-lactate-dehydrogenase.html","title":"COVID-19 Laboratory Value Set for Lactate Dehydrogenase","generation":"generated"},{"nameUrl":"ValueSet-covid-19-lab-creatinine.html","title":"COVID-19 Laboratory Value Set for Creatinine","generation":"generated"},{"nameUrl":"ValueSet-covid-19-lab-ddimer.html","title":"COVID-19 Laboratory Value Set for D-dimer","generation":"generated"},{"nameUrl":"ValueSet-covid-19-lab-interleukin-6.html","title":"COVID-19 Laboratory Value Set for Interleukin 6","generation":"generated"},{"nameUrl":"ValueSet-covid-19-lab-interleukin.html","title":"COVID-19 Laboratory Value Set for Interleukin","generation":"generated"},{"nameUrl":"ValueSet-covid-19-lab-oxygen.html","title":"COVID-19 Laboratory Value Set for Oxygen","generation":"generated"},{"nameUrl":"ValueSet-covid-19-condition-vital-blood-pressure.html","title":"COVID-19 Condition Vital Blood Pressure Value Set","generation":"generated"},{"nameUrl":"ValueSet-2.16.840.1.113883.3.3616.200.110.102.3028.html","generation":"generated"},{"nameUrl":"ValueSet-covid-19-condition-risk-immunosuppression-icd10.html","title":"COVID-19 ICD10 Condition Risk Immunosuppression","generation":"generated"},{"nameUrl":"ValueSet-covid-19-lab-pao2fio2.html","title":"COVID-19 Laboratory Value Set for PaO2FiO2 Ratio","generation":"generated"},{"nameUrl":"ValueSet-2.16.840.1.113883.3.3616.200.110.102.3153.html","generation":"generated"},{"nameUrl":"ValueSet-covid-19-condition-risk-steroid-usage-snomed.html","title":"COVID-19 SNOMED Condition Risk Steroid Usage","generation":"generated"},{"nameUrl":"ValueSet-covid-19-lab-c-reactive-protein.html","title":"COVID-19 Laboratory Value Set for C Reactive Protein","generation":"generated"},{"nameUrl":"ValueSet-2.16.840.1.113883.3.3616.200.110.102.6064.html","generation":"generated"},{"nameUrl":"ValueSet-covid-19-lab-interleukin-8.html","title":"COVID-19 Laboratory Value Set for Interleukin 8","generation":"generated"},{"nameUrl":"ValueSet-covid-19-lab-ast.html","title":"COVID-19 Laboratory Value Set for AST","generation":"generated"},{"nameUrl":"ValueSet-covid-19-lab-crp.html","title":"COVID-19 Laboratory Value Set for CRP","generation":"generated"},{"nameUrl":"ValueSet-covid-19-lab-procalcitonin.html","title":"COVID-19 Laboratory Value Set for Procalcitonin","generation":"generated"},{"nameUrl":"ValueSet-covid-19-lab-lymphocytes.html","title":"COVID-19 Laboratory Value Set for Lymphocytes","generation":"generated"},{"nameUrl":"ValueSet-covid-19-condition-risk-immunosuppression-snomed.html","title":"COVID-19 SNOMED Condition Risk Immunosuppression","generation":"generated"},{"nameUrl":"ValueSet-covid-19-lab-leukocyte.html","title":"COVID-19 Laboratory Value Set for Leukocytes","generation":"generated"},{"nameUrl":"ValueSet-covid-19-lab-platelets.html","title":"COVID-19 Laboratory Value Set for Blood Platelets","generation":"generated"},{"nameUrl":"ValueSet-covid-19-lab-ldh.html","title":"COVID-19 Laboratory Value Set for LDH","generation":"generated"},{"nameUrl":"ValueSet-covid-19-lab-alanine-aminotransferase.html","title":"COVID-19 Laboratory Value Set for Alanine Aminotransferase","generation":"generated"},{"nameUrl":"ValueSet-covid-19-condition-risk-downs-syndrome-icd10.html","title":"COVID-19 ICD10 Risk Factor Downs Syndrome Conditions Value Set","generation":"generated"},{"nameUrl":"ValueSet-covid-19-lab-interleukin-1.html","title":"COVID-19 Laboratory Value Set for Interleukin 1","generation":"generated"},{"nameUrl":"ValueSet-covid-19-obs-alertness.html","title":"COVID-19 Clinical Observation for Alertness","generation":"generated"},{"nameUrl":"ValueSet-covid-19-condition-risk-downs-syndrome-snomed.html","title":"COVID-19 SNOMED Risk Factor Downs Syndrome Conditions Value Set","generation":"generated"},{"nameUrl":"ValueSet-covid-19-lab-tumor-necrosis.html","title":"COVID-19 Laboratory Value Set for Tumor Necrosis","generation":"generated"},{"nameUrl":"ValueSet-covid-19-lab-neutrophils.html","title":"COVID-19 Laboratory Value Set for Neutrophils","generation":"generated"},{"nameUrl":"PlanDefinition-COVID19EmergencyDeptRecommendation.html","title":"PlanDefinition - ACEP COVID-19 ED Severity Classification and Disposition","generation":"generated"},{"nameUrl":"Library-COVID19Concepts.html","title":"CQL Library - COVID-19 Shared Concepts and Terminology","generation":"generated"},{"nameUrl":"Library-COVID19EmergencyDeptSummary.html","title":"CQL Library - Summary of results for the ACEP Emergency Department COVID-19 Management Tool","generation":"generated"},{"nameUrl":"Library-COVID19EmergencyDeptAssessment.html","title":"CQL Library - ACEP Emergency Department COVID-19 Management Tool Logic","generation":"generated"},{"nameUrl":"Library-COVID19EmergencyDeptHooks.html","title":"CQL Library - CDS Hooks for ACEP Emergency Department COVID-19 Management Tool Logic","generation":"generated"},{"nameUrl":"Library-FHIRHelpers-4.0.1.html","title":"CQL Library - FHIR Helpers for CDS","generation":"generated"},{"nameUrl":"Library-CDSConnectCommons.html","title":"CQL Library - Common Logic for CDS","generation":"generated"}]}]},"parameter":[{"code":"path-resource","value":"input/resources/library"},{"code":"path-resource","value":"input/resources/plandefinition"},{"code":"path-resource","value":"input/resources/activitydefinition"},{"code":"path-resource","value":"input/vocabulary/codesystem"},{"code":"path-resource","value":"input/vocabulary/ValueSet"},{"code":"path-resource","value":"input/capabilities"},{"code":"path-resource","value":"input/examples"},{"code":"path-resource","value":"input/extensions"},{"code":"path-resource","value":"input/models"},{"code":"path-resource","value":"input/operations"},{"code":"path-resource","value":"input/profiles"},{"code":"path-resource","value":"input/resources"},{"code":"path-resource","value":"input/vocabulary"},{"code":"path-resource","value":"input/testing"},{"code":"path-resource","value":"input/history"},{"code":"path-resource","value":"fsh-generated/resources"},{"code":"path-pages","value":"template/config"},{"code":"path-pages","value":"input/images"},{"code":"path-tx-cache","value":"input-cache/txcache"}]}}