{"resourceType":"ValueSet","id":"covid-19-obs-alertness","meta":{"profile":["http://hl7.org/fhir/uv/cpg/StructureDefinition/cpg-executablevalueset"]},"language":"en","text":{"status":"generated","div":"<div xmlns=\"http://www.w3.org/1999/xhtml\" xml:lang=\"en\" lang=\"en\"><p>This value set contains 2 concepts</p><p>All codes in this table are from the system <a href=\"http://terminology.hl7.org/3.1.0/CodeSystem-v3-snomed-CT.html\"><code>http://snomed.info/sct</code></a></p><table class=\"codes\"><tr><td style=\"white-space:nowrap\"><b>Code</b></td><td><b>Display</b> - English (English, en)</td></tr><tr><td style=\"white-space:nowrap\"><a name=\"http---snomed.info-sct-248234008\"> </a><a href=\"http://snomed.info/id/248234008\">248234008</a></td><td>Mentally alert (finding)</td></tr><tr><td style=\"white-space:nowrap\"><a name=\"http---snomed.info-sct-130987000\"> </a><a href=\"http://snomed.info/id/130987000\">130987000</a></td><td>Acute confusion (finding)</td></tr></table></div>"},"extension":[{"url":"http://hl7.org/fhir/uv/cpg/StructureDefinition/cpg-knowledgeCapability","valueCode":"executable"},{"url":"http://hl7.org/fhir/uv/cpg/StructureDefinition/cpg-knowledgeRepresentationLevel","valueCode":"executable"}],"url":"http://fhir.org/guides/acep/ValueSet/covid-19-obs-alertness","version":"0.1.0","name":"COVID19ObservationAlertness","title":"COVID-19 Clinical Observation for Alertness","status":"active","date":"2021-03-14T20:00:00+00:00","publisher":"Veterans Health Administration (VHA)","contact":[{"telecom":[{"system":"url","value":"http://hl7.org/Special/committees/[something]"}]}],"description":"COVID-19 Clinical Observation for Alertness","jurisdiction":[{"coding":[{"system":"http://unstats.un.org/unsd/methods/m49/m49.htm","code":"001"}]}],"expansion":{"contains":[{"system":"http://snomed.info/sct","code":"248234008","display":"Mentally alert (finding)"},{"system":"http://snomed.info/sct","code":"130987000","display":"Acute confusion (finding)"}]}}