{"resourceType":"ValueSet","id":"covid-19-condition-risk-downs-syndrome-snomed","language":"en","text":{"status":"generated","div":"<div xmlns=\"http://www.w3.org/1999/xhtml\" xml:lang=\"en\" lang=\"en\"><p>This value set contains 9 concepts</p><p style=\"border: black 1px dotted; background-color: #EEEEEE; padding: 8px; margin-bottom: 8px\">Expansion based on SNOMED CT Australian edition 04-Feb 2021</p><p>All codes in this table are from the system <a href=\"http://terminology.hl7.org/3.0.0/CodeSystem-v3-snomed-CT.html\"><code>http://snomed.info/sct</code></a></p><table class=\"codes\"><tr><td style=\"white-space:nowrap\"><b>Code</b></td><td><b>Display</b> - English (English, en)</td></tr><tr><td style=\"white-space:nowrap\"><a name=\"http---snomed.info-sct-41040004\"> </a><a href=\"http://snomed.info/id/41040004\">41040004</a></td><td>Complete trisomy 21 syndrome (disorder)</td></tr><tr><td style=\"white-space:nowrap\"><a name=\"http---snomed.info-sct-733194007\"> </a><a href=\"http://snomed.info/id/733194007\">733194007</a></td><td>Dementia co-occurrent and due to Down syndrome (disorder)</td></tr><tr><td style=\"white-space:nowrap\"><a name=\"http---snomed.info-sct-840505007\"> </a><a href=\"http://snomed.info/id/840505007\">840505007</a></td><td>Down syndrome co-occurrent with leukemoid reaction associated transient neonatal pustulosis (disorder)</td></tr><tr><td style=\"white-space:nowrap\"><a name=\"http---snomed.info-sct-724644005\"> </a><a href=\"http://snomed.info/id/724644005\">724644005</a></td><td>Myeloid leukemia co-occurrent with Down syndrome (disorder)</td></tr><tr><td style=\"white-space:nowrap\"><a name=\"http---snomed.info-sct-254264002\"> </a><a href=\"http://snomed.info/id/254264002\">254264002</a></td><td>Partial trisomy 21 in Down's syndrome (disorder)</td></tr><tr><td style=\"white-space:nowrap\"><a name=\"http---snomed.info-sct-709469005\"> </a><a href=\"http://snomed.info/id/709469005\">709469005</a></td><td>Periodontitis co-occurrent with Down syndrome (disorder)</td></tr><tr><td style=\"white-space:nowrap\"><a name=\"http---snomed.info-sct-724643004\"> </a><a href=\"http://snomed.info/id/724643004\">724643004</a></td><td>Transient abnormal myelopoiesis co-occurrent with Down syndrome (disorder)</td></tr><tr><td style=\"white-space:nowrap\"><a name=\"http---snomed.info-sct-371045000\"> </a><a href=\"http://snomed.info/id/371045000\">371045000</a></td><td>Translocation Down syndrome (disorder)</td></tr><tr><td style=\"white-space:nowrap\"><a name=\"http---snomed.info-sct-205615000\"> </a><a href=\"http://snomed.info/id/205615000\">205615000</a></td><td>Trisomy 21- meiotic nondisjunction (disorder)</td></tr></table></div>"},"url":"http://fhir.org/guides/acep/ValueSet/covid-19-condition-risk-downs-syndrome-snomed","version":"0.1.0","name":"COVID19SNOMEDRiskFactorDownsSyndrome","title":"COVID-19 SNOMED Risk Factor Downs Syndrome Conditions Value Set","status":"active","date":"2022-02-16T22:34:03+00:00","publisher":"Veterans Health Administration (VHA)","contact":[{"telecom":[{"system":"url","value":"http://hl7.org/Special/committees/[something]"}]}],"description":"COVID-19 SNOMED Risk Factor Downs Syndrome Conditions Value Set","jurisdiction":[{"coding":[{"system":"http://unstats.un.org/unsd/methods/m49/m49.htm","code":"001"}]}],"expansion":{"identifier":"f3d77542-b753-48cd-81e8-42d201ca903b","timestamp":"2021-02-20T05:22:21+10:00","total":10,"offset":0,"parameter":[{"name":"version","valueUri":"http://snomed.info/sct|http://snomed.info/sct/32506021000036107/version/20210204"},{"name":"count","valueInteger":2147483647},{"name":"offset","valueInteger":0}],"contains":[{"system":"http://snomed.info/sct","code":"41040004","display":"Complete trisomy 21 syndrome (disorder)"},{"system":"http://snomed.info/sct","code":"733194007","display":"Dementia co-occurrent and due to Down syndrome (disorder)"},{"system":"http://snomed.info/sct","code":"840505007","display":"Down syndrome co-occurrent with leukemoid reaction associated transient neonatal pustulosis (disorder)"},{"system":"http://snomed.info/sct","code":"724644005","display":"Myeloid leukemia co-occurrent with Down syndrome (disorder)"},{"system":"http://snomed.info/sct","code":"254264002","display":"Partial trisomy 21 in Down's syndrome (disorder)"},{"system":"http://snomed.info/sct","code":"709469005","display":"Periodontitis co-occurrent with Down syndrome (disorder)"},{"system":"http://snomed.info/sct","code":"724643004","display":"Transient abnormal myelopoiesis co-occurrent with Down syndrome (disorder)"},{"system":"http://snomed.info/sct","code":"371045000","display":"Translocation Down syndrome (disorder)"},{"system":"http://snomed.info/sct","code":"205615000","display":"Trisomy 21- meiotic nondisjunction (disorder)"}]}}