{"resourceType":"ValueSet","id":"covid-19-lab-troponin","meta":{"profile":["http://hl7.org/fhir/uv/cpg/StructureDefinition/cpg-executablevalueset"]},"language":"en","text":{"status":"generated","div":"<div xmlns=\"http://www.w3.org/1999/xhtml\" xml:lang=\"en\" lang=\"en\"><p>This value set contains 7 concepts</p><p>All codes in this table are from the system <a href=\"http://terminology.hl7.org/2.1.0/CodeSystem-v3-loinc.html\"><code>http://loinc.org</code></a></p><table class=\"codes\"><tr><td style=\"white-space:nowrap\"><b>Code</b></td><td><b>Display</b></td><td><b>Definition</b></td></tr><tr><td style=\"white-space:nowrap\"><a name=\"http---loinc.org-16255-2\"> </a><a href=\"http://details.loinc.org/LOINC/16255-2.html\">16255-2</a></td><td/><td/></tr><tr><td style=\"white-space:nowrap\"><a name=\"http---loinc.org-10839-9\"> </a><a href=\"http://details.loinc.org/LOINC/10839-9.html\">10839-9</a></td><td/><td/></tr><tr><td style=\"white-space:nowrap\"><a name=\"http---loinc.org-49563-0\"> </a><a href=\"http://details.loinc.org/LOINC/49563-0.html\">49563-0</a></td><td/><td/></tr><tr><td style=\"white-space:nowrap\"><a name=\"http---loinc.org-89579-7\"> </a><a href=\"http://details.loinc.org/LOINC/89579-7.html\">89579-7</a></td><td/><td/></tr><tr><td style=\"white-space:nowrap\"><a name=\"http---loinc.org-89575-5\"> </a><a href=\"http://details.loinc.org/LOINC/89575-5.html\">89575-5</a></td><td/><td/></tr><tr><td style=\"white-space:nowrap\"><a name=\"http---loinc.org-6598-7\"> </a><a href=\"http://details.loinc.org/LOINC/6598-7.html\">6598-7</a></td><td/><td/></tr><tr><td style=\"white-space:nowrap\"><a name=\"http---loinc.org-67151-1\"> </a><a href=\"http://details.loinc.org/LOINC/67151-1.html\">67151-1</a></td><td/><td/></tr></table></div>"},"extension":[{"url":"http://hl7.org/fhir/uv/cpg/StructureDefinition/cpg-knowledgeCapability","valueCode":"executable"},{"url":"http://hl7.org/fhir/uv/cpg/StructureDefinition/cpg-knowledgeRepresentationLevel","valueCode":"executable"}],"url":"http://fhir.org/guides/acep/ValueSet/covid-19-lab-troponin","version":"0.1.0","name":"COVID19LabTroponin","title":"COVID-19 Laboratory Value Set for Troponin","status":"active","date":"2021-02-26T20:00:00+00:00","publisher":"Veterans Health Administration (VHA)","contact":[{"telecom":[{"system":"url","value":"http://hl7.org/Special/committees/[something]"}]}],"description":"COVID-19 Laboratory Value Set for Troponin","jurisdiction":[{"coding":[{"system":"http://unstats.un.org/unsd/methods/m49/m49.htm","code":"001"}]}],"compose":{"include":[{"system":"http://loinc.org","concept":[{"code":"16255-2"},{"code":"10839-9"},{"code":"49563-0"},{"code":"89579-7"},{"code":"89575-5"},{"code":"6598-7"},{"code":"67151-1"}]}]},"expansion":{"timestamp":"2021-03-14T21:43:10-06:00","contains":[{"system":"http://loinc.org","code":"16255-2"},{"system":"http://loinc.org","code":"10839-9"},{"system":"http://loinc.org","code":"49563-0"},{"system":"http://loinc.org","code":"89579-7"},{"system":"http://loinc.org","code":"89575-5"},{"system":"http://loinc.org","code":"6598-7"},{"system":"http://loinc.org","code":"67151-1"}]}}