{"resourceType":"ValueSet","id":"covid-19-lab-creatinine","meta":{"profile":["http://hl7.org/fhir/uv/cpg/StructureDefinition/cpg-executablevalueset"]},"language":"en","text":{"status":"generated","div":"<div xmlns=\"http://www.w3.org/1999/xhtml\" xml:lang=\"en\" lang=\"en\"><p>This value set contains 13 concepts</p><p>All codes in this table are from the system <a href=\"http://terminology.hl7.org/3.0.0/CodeSystem-v3-loinc.html\"><code>http://loinc.org</code></a></p><table class=\"codes\"><tr><td style=\"white-space:nowrap\"><b>Code</b></td><td><b>Display</b> - English (English, en)</td></tr><tr><td style=\"white-space:nowrap\"><a name=\"http---loinc.org-2160-0\"> </a><a href=\"http://details.loinc.org/LOINC/2160-0.html\">2160-0</a></td><td/></tr><tr><td style=\"white-space:nowrap\"><a name=\"http---loinc.org-44784-7\"> </a><a href=\"http://details.loinc.org/LOINC/44784-7.html\">44784-7</a></td><td/></tr><tr><td style=\"white-space:nowrap\"><a name=\"http---loinc.org-35203-9\"> </a><a href=\"http://details.loinc.org/LOINC/35203-9.html\">35203-9</a></td><td/></tr><tr><td style=\"white-space:nowrap\"><a name=\"http---loinc.org-77140-2\"> </a><a href=\"http://details.loinc.org/LOINC/77140-2.html\">77140-2</a></td><td/></tr><tr><td style=\"white-space:nowrap\"><a name=\"http---loinc.org-14682-9\"> </a><a href=\"http://details.loinc.org/LOINC/14682-9.html\">14682-9</a></td><td/></tr><tr><td style=\"white-space:nowrap\"><a name=\"http---loinc.org-16188-5\"> </a><a href=\"http://details.loinc.org/LOINC/16188-5.html\">16188-5</a></td><td/></tr><tr><td style=\"white-space:nowrap\"><a name=\"http---loinc.org-16189-3\"> </a><a href=\"http://details.loinc.org/LOINC/16189-3.html\">16189-3</a></td><td/></tr><tr><td style=\"white-space:nowrap\"><a name=\"http---loinc.org-40248-7\"> </a><a href=\"http://details.loinc.org/LOINC/40248-7.html\">40248-7</a></td><td/></tr><tr><td style=\"white-space:nowrap\"><a name=\"http---loinc.org-40264-4\"> </a><a href=\"http://details.loinc.org/LOINC/40264-4.html\">40264-4</a></td><td/></tr><tr><td style=\"white-space:nowrap\"><a name=\"http---loinc.org-11041-1\"> </a><a href=\"http://details.loinc.org/LOINC/11041-1.html\">11041-1</a></td><td/></tr><tr><td style=\"white-space:nowrap\"><a name=\"http---loinc.org-51620-3\"> </a><a href=\"http://details.loinc.org/LOINC/51620-3.html\">51620-3</a></td><td/></tr><tr><td style=\"white-space:nowrap\"><a name=\"http---loinc.org-11042-9\"> </a><a href=\"http://details.loinc.org/LOINC/11042-9.html\">11042-9</a></td><td/></tr><tr><td style=\"white-space:nowrap\"><a name=\"http---loinc.org-51619-5\"> </a><a href=\"http://details.loinc.org/LOINC/51619-5.html\">51619-5</a></td><td/></tr></table></div>"},"extension":[{"url":"http://hl7.org/fhir/uv/cpg/StructureDefinition/cpg-knowledgeCapability","valueCode":"executable"},{"url":"http://hl7.org/fhir/uv/cpg/StructureDefinition/cpg-knowledgeRepresentationLevel","valueCode":"executable"}],"url":"http://fhir.org/guides/acep/ValueSet/covid-19-lab-creatinine","version":"0.1.0","name":"COVID19LabCreatinine","title":"COVID-19 Laboratory Value Set for Creatinine","status":"active","date":"2021-02-26T20:00:00+00:00","publisher":"Veterans Health Administration (VHA)","contact":[{"telecom":[{"system":"url","value":"http://hl7.org/Special/committees/[something]"}]}],"description":"COVID-19 Laboratory Value Set for Creatinine","jurisdiction":[{"coding":[{"system":"http://unstats.un.org/unsd/methods/m49/m49.htm","code":"001"}]}],"compose":{"include":[{"system":"http://loinc.org","concept":[{"code":"2160-0"},{"code":"44784-7"},{"code":"35203-9"},{"code":"77140-2"},{"code":"14682-9"},{"code":"16188-5"},{"code":"16189-3"},{"code":"40248-7"},{"code":"40264-4"},{"code":"11041-1"},{"code":"51620-3"},{"code":"11042-9"},{"code":"51619-5"}]}]},"expansion":{"timestamp":"2021-03-14T21:43:10-06:00","contains":[{"system":"http://loinc.org","code":"2160-0"},{"system":"http://loinc.org","code":"44784-7"},{"system":"http://loinc.org","code":"35203-9"},{"system":"http://loinc.org","code":"77140-2"},{"system":"http://loinc.org","code":"14682-9"},{"system":"http://loinc.org","code":"16188-5"},{"system":"http://loinc.org","code":"16189-3"},{"system":"http://loinc.org","code":"40248-7"},{"system":"http://loinc.org","code":"40264-4"},{"system":"http://loinc.org","code":"11041-1"},{"system":"http://loinc.org","code":"51620-3"},{"system":"http://loinc.org","code":"11042-9"},{"system":"http://loinc.org","code":"51619-5"}]}}