{"resourceType":"ValueSet","id":"covid-19-condition-risk-obstructive-sleep-apnea-icd10","language":"en","text":{"status":"generated","div":"<div xmlns=\"http://www.w3.org/1999/xhtml\" xml:lang=\"en\" lang=\"en\"><p>This value set contains 2 concepts</p><p>All codes in this table are from the system <a href=\"http://terminology.hl7.org/3.0.0/CodeSystem-icd10CM.html\"><code>http://hl7.org/fhir/sid/icd-10-cm</code></a></p><table class=\"codes\"><tr><td style=\"white-space:nowrap\"><b>Code</b></td><td><b>Display</b></td><td><b>Definition</b></td></tr><tr><td style=\"white-space:nowrap\"><a name=\"http---hl7.org-fhir-sid-icd-10-cm-G47.30\"> </a>G47.30</td><td>Sleep apnea, unspecified</td><td/></tr><tr><td style=\"white-space:nowrap\"><a name=\"http---hl7.org-fhir-sid-icd-10-cm-G47.33\"> </a>G47.33</td><td>Obstructive sleep apnea (adult) (pediatric)</td><td/></tr></table></div>"},"url":"http://fhir.org/guides/acep/ValueSet/covid-19-condition-risk-obstructive-sleep-apnea-icd10","version":"0.1.0","name":"COVID19ICD10CMRiskFactorObstructiveSleepApnea","title":"COVID-19 ICD10CM Risk Factor Obstructive Sleep Apnea Conditions Value Set","status":"active","date":"2021-12-17T22:04:03+00:00","publisher":"Veterans Health Administration (VHA)","contact":[{"telecom":[{"system":"url","value":"http://hl7.org/Special/committees/[something]"}]}],"description":"COVID-19 ICD10CM Risk Factor Obstructive Sleep Apnea Conditions Value Set","jurisdiction":[{"coding":[{"system":"http://unstats.un.org/unsd/methods/m49/m49.htm","code":"001"}]}],"expansion":{"contains":[{"system":"http://hl7.org/fhir/sid/icd-10-cm","code":"G47.30","display":"Sleep apnea, unspecified"},{"system":"http://hl7.org/fhir/sid/icd-10-cm","code":"G47.33","display":"Obstructive sleep apnea (adult) (pediatric)"}]}}