{"resourceType":"ValueSet","id":"covid-19-condition-risk-steroid-usage-snomed","language":"en","text":{"status":"generated","div":"<div xmlns=\"http://www.w3.org/1999/xhtml\" xml:lang=\"en\" lang=\"en\"><p>This value set contains 2 concepts</p><p>All codes in this table are from the system <a href=\"http://terminology.hl7.org/3.0.0/CodeSystem-v3-snomed-CT.html\"><code>http://snomed.info/sct</code></a></p><table class=\"codes\"><tr><td style=\"white-space:nowrap\"><b>Code</b></td><td><b>Display</b> - English (English, en)</td></tr><tr><td style=\"white-space:nowrap\"><a name=\"http---snomed.info-sct-95919007\"> </a><a href=\"http://snomed.info/id/95919007\">95919007</a></td><td>Dependence on corticoids (disorder)</td></tr><tr><td style=\"white-space:nowrap\"><a name=\"http---snomed.info-sct-103079001\"> </a><a href=\"http://snomed.info/id/103079001\">103079001</a></td><td>Immunodeficiency caused by corticosteroid (disorder)</td></tr></table></div>"},"url":"http://fhir.org/guides/acep/ValueSet/covid-19-condition-risk-steroid-usage-snomed","version":"0.1.0","name":"COVID19SNOMEDConditionRiskSteroidUsage","title":"COVID-19 SNOMED Condition Risk Steroid Usage","status":"active","date":"2022-01-20T17:52:40+00:00","publisher":"Veterans Health Administration (VHA)","contact":[{"telecom":[{"system":"url","value":"http://hl7.org/Special/committees/[something]"}]}],"description":"COVID-19 SNOMED Condition Risk Steroid Usage","jurisdiction":[{"coding":[{"system":"http://unstats.un.org/unsd/methods/m49/m49.htm","code":"001"}]}],"expansion":{"contains":[{"system":"http://snomed.info/sct","code":"95919007","display":"Dependence on corticoids (disorder)"},{"system":"http://snomed.info/sct","code":"103079001","display":"Immunodeficiency caused by corticosteroid (disorder)"}]}}