{"resourceType":"ValueSet","id":"covid-19-condition-risk-hypertension","language":"en","text":{"status":"generated","div":"<div xmlns=\"http://www.w3.org/1999/xhtml\" xml:lang=\"en\" lang=\"en\"><p>This value set contains 133 concepts</p><p style=\"border: black 1px dotted; background-color: #EEEEEE; padding: 8px; margin-bottom: 8px\">Expansion based on SNOMED CT Australian edition 31-Dec 2020</p><p>All codes from system <a href=\"http://terminology.hl7.org/2.1.0/CodeSystem-v3-snomed-CT.html\"><code>http://snomed.info/sct</code></a></p><table class=\"codes\"><tr><td style=\"white-space:nowrap\"><b>Code</b></td><td><b>Display</b></td><td><b>Definition</b></td></tr><tr><td style=\"white-space:nowrap\"><a name=\"http---snomed.info-sct-38341003\"> </a><a href=\"http://browser.ihtsdotools.org/?perspective=full&amp;conceptId1=38341003\">38341003</a></td><td>Hypertensive disorder, systemic arterial (disorder)</td><td/></tr><tr><td style=\"white-space:nowrap\"><a name=\"http---snomed.info-sct-29259002\"> </a><a href=\"http://browser.ihtsdotools.org/?perspective=full&amp;conceptId1=29259002\">29259002</a></td><td>Malignant hypertension complicating AND/OR reason for care during pregnancy</td><td/></tr><tr><td style=\"white-space:nowrap\"><a name=\"http---snomed.info-sct-37618003\"> </a><a href=\"http://browser.ihtsdotools.org/?perspective=full&amp;conceptId1=37618003\">37618003</a></td><td>Chronic hypertension complicating AND/OR reason for care during pregnancy</td><td/></tr><tr><td style=\"white-space:nowrap\"><a name=\"http---snomed.info-sct-46481004\"> </a><a href=\"http://browser.ihtsdotools.org/?perspective=full&amp;conceptId1=46481004\">46481004</a></td><td>Low-renin essential hypertension</td><td/></tr><tr><td style=\"white-space:nowrap\"><a name=\"http---snomed.info-sct-1256051000168106\"> </a><a href=\"http://browser.ihtsdotools.org/?perspective=full&amp;conceptId1=1256051000168106\">1256051000168106</a></td><td>Inadequately controlled hypertension</td><td/></tr><tr><td style=\"white-space:nowrap\"><a name=\"http---snomed.info-sct-39018007\"> </a><a href=\"http://browser.ihtsdotools.org/?perspective=full&amp;conceptId1=39018007\">39018007</a></td><td>Renal arterial hypertension</td><td/></tr><tr><td style=\"white-space:nowrap\"><a name=\"http---snomed.info-sct-429457004\"> </a><a href=\"http://browser.ihtsdotools.org/?perspective=full&amp;conceptId1=429457004\">429457004</a></td><td>Systolic essential hypertension</td><td/></tr><tr><td style=\"white-space:nowrap\"><a name=\"http---snomed.info-sct-199005000\"> </a><a href=\"http://browser.ihtsdotools.org/?perspective=full&amp;conceptId1=199005000\">199005000</a></td><td>Pre-existing hypertension complicating pregnancy, childbirth and puerperium</td><td/></tr><tr><td style=\"white-space:nowrap\"><a name=\"http---snomed.info-sct-198947006\"> </a><a href=\"http://browser.ihtsdotools.org/?perspective=full&amp;conceptId1=198947006\">198947006</a></td><td>Benign essential hypertension complicating pregnancy, childbirth and the puerperium with postnatal complication</td><td/></tr><tr><td style=\"white-space:nowrap\"><a name=\"http---snomed.info-sct-198946002\"> </a><a href=\"http://browser.ihtsdotools.org/?perspective=full&amp;conceptId1=198946002\">198946002</a></td><td>Benign essential hypertension complicating pregnancy, childbirth and the puerperium - not delivered</td><td/></tr><tr><td style=\"white-space:nowrap\"><a name=\"http---snomed.info-sct-198945003\"> </a><a href=\"http://browser.ihtsdotools.org/?perspective=full&amp;conceptId1=198945003\">198945003</a></td><td>Benign essential hypertension complicating pregnancy, childbirth and the puerperium - delivered with postnatal complication</td><td/></tr><tr><td style=\"white-space:nowrap\"><a name=\"http---snomed.info-sct-5501000119106\"> </a><a href=\"http://browser.ihtsdotools.org/?perspective=full&amp;conceptId1=5501000119106\">5501000119106</a></td><td>Postoperative hypertension</td><td/></tr><tr><td style=\"white-space:nowrap\"><a name=\"http---snomed.info-sct-74451002\"> </a><a href=\"http://browser.ihtsdotools.org/?perspective=full&amp;conceptId1=74451002\">74451002</a></td><td>Secondary diastolic hypertension</td><td/></tr><tr><td style=\"white-space:nowrap\"><a name=\"http---snomed.info-sct-40511000119107\"> </a><a href=\"http://browser.ihtsdotools.org/?perspective=full&amp;conceptId1=40511000119107\">40511000119107</a></td><td>Pre-existing essential hypertension in postpartum</td><td/></tr><tr><td style=\"white-space:nowrap\"><a name=\"http---snomed.info-sct-198942000\"> </a><a href=\"http://browser.ihtsdotools.org/?perspective=full&amp;conceptId1=198942000\">198942000</a></td><td>Benign essential hypertension complicating pregnancy, childbirth and the puerperium</td><td/></tr><tr><td style=\"white-space:nowrap\"><a name=\"http---snomed.info-sct-59720008\"> </a><a href=\"http://browser.ihtsdotools.org/?perspective=full&amp;conceptId1=59720008\">59720008</a></td><td>Sustained diastolic hypertension</td><td/></tr><tr><td style=\"white-space:nowrap\"><a name=\"http---snomed.info-sct-73410007\"> </a><a href=\"http://browser.ihtsdotools.org/?perspective=full&amp;conceptId1=73410007\">73410007</a></td><td>Benign secondary renovascular hypertension</td><td/></tr><tr><td style=\"white-space:nowrap\"><a name=\"http---snomed.info-sct-206596003\"> </a><a href=\"http://browser.ihtsdotools.org/?perspective=full&amp;conceptId1=206596003\">206596003</a></td><td>Neonatal hypertension</td><td/></tr><tr><td style=\"white-space:nowrap\"><a name=\"http---snomed.info-sct-67359005\"> </a><a href=\"http://browser.ihtsdotools.org/?perspective=full&amp;conceptId1=67359005\">67359005</a></td><td>Pre-eclampsia added to pre-existing hypertension</td><td/></tr><tr><td style=\"white-space:nowrap\"><a name=\"http---snomed.info-sct-697930002\"> </a><a href=\"http://browser.ihtsdotools.org/?perspective=full&amp;conceptId1=697930002\">697930002</a></td><td>Labile hypertension due to being in a clinical environment</td><td/></tr><tr><td style=\"white-space:nowrap\"><a name=\"http---snomed.info-sct-198944004\"> </a><a href=\"http://browser.ihtsdotools.org/?perspective=full&amp;conceptId1=198944004\">198944004</a></td><td>Benign essential hypertension complicating pregnancy, childbirth and the puerperium - delivered</td><td/></tr><tr><td style=\"white-space:nowrap\"><a name=\"http---snomed.info-sct-140101000119109\"> </a><a href=\"http://browser.ihtsdotools.org/?perspective=full&amp;conceptId1=140101000119109\">140101000119109</a></td><td>Hypertension in chronic kidney disease stage 5 due to type 2 diabetes mellitus</td><td/></tr><tr><td style=\"white-space:nowrap\"><a name=\"http---snomed.info-sct-39727004\"> </a><a href=\"http://browser.ihtsdotools.org/?perspective=full&amp;conceptId1=39727004\">39727004</a></td><td>Hypertension secondary to renal disease complicating AND/OR reason for care during puerperium</td><td/></tr><tr><td style=\"white-space:nowrap\"><a name=\"http---snomed.info-sct-199002002\"> </a><a href=\"http://browser.ihtsdotools.org/?perspective=full&amp;conceptId1=199002002\">199002002</a></td><td>Pre-eclampsia or eclampsia with pre-existing hypertension - not delivered</td><td/></tr><tr><td style=\"white-space:nowrap\"><a name=\"http---snomed.info-sct-199000005\"> </a><a href=\"http://browser.ihtsdotools.org/?perspective=full&amp;conceptId1=199000005\">199000005</a></td><td>Pre-eclampsia or eclampsia with pre-existing hypertension - delivered with postnatal complication</td><td/></tr><tr><td style=\"white-space:nowrap\"><a name=\"http---snomed.info-sct-199003007\"> </a><a href=\"http://browser.ihtsdotools.org/?perspective=full&amp;conceptId1=199003007\">199003007</a></td><td>Pre-eclampsia or eclampsia with pre-existing hypertension with postnatal complication</td><td/></tr><tr><td style=\"white-space:nowrap\"><a name=\"http---snomed.info-sct-1078301000112109\"> </a><a href=\"http://browser.ihtsdotools.org/?perspective=full&amp;conceptId1=1078301000112109\">1078301000112109</a></td><td>Multiple drug intolerant hypertension</td><td/></tr><tr><td style=\"white-space:nowrap\"><a name=\"http---snomed.info-sct-26078007\"> </a><a href=\"http://browser.ihtsdotools.org/?perspective=full&amp;conceptId1=26078007\">26078007</a></td><td>Hypertension secondary to renal disease complicating AND/OR reason for care during childbirth</td><td/></tr><tr><td style=\"white-space:nowrap\"><a name=\"http---snomed.info-sct-871642009\"> </a><a href=\"http://browser.ihtsdotools.org/?perspective=full&amp;conceptId1=871642009\">871642009</a></td><td>Hypertension due to aortic arch obstruction</td><td/></tr><tr><td style=\"white-space:nowrap\"><a name=\"http---snomed.info-sct-10562009\"> </a><a href=\"http://browser.ihtsdotools.org/?perspective=full&amp;conceptId1=10562009\">10562009</a></td><td>Malignant hypertension complicating AND/OR reason for care during childbirth</td><td/></tr><tr><td style=\"white-space:nowrap\"><a name=\"http---snomed.info-sct-23786008\"> </a><a href=\"http://browser.ihtsdotools.org/?perspective=full&amp;conceptId1=23786008\">23786008</a></td><td>Malignant hypertension complicating AND/OR reason for care during puerperium</td><td/></tr><tr><td style=\"white-space:nowrap\"><a name=\"http---snomed.info-sct-81626002\"> </a><a href=\"http://browser.ihtsdotools.org/?perspective=full&amp;conceptId1=81626002\">81626002</a></td><td>Malignant hypertension in obstetric context</td><td/></tr><tr><td style=\"white-space:nowrap\"><a name=\"http---snomed.info-sct-78975002\"> </a><a href=\"http://browser.ihtsdotools.org/?perspective=full&amp;conceptId1=78975002\">78975002</a></td><td>Malignant essential hypertension</td><td/></tr><tr><td style=\"white-space:nowrap\"><a name=\"http---snomed.info-sct-65402008\"> </a><a href=\"http://browser.ihtsdotools.org/?perspective=full&amp;conceptId1=65402008\">65402008</a></td><td>Pre-existing hypertension complicating AND/OR reason for care during pregnancy</td><td/></tr><tr><td style=\"white-space:nowrap\"><a name=\"http---snomed.info-sct-198965005\"> </a><a href=\"http://browser.ihtsdotools.org/?perspective=full&amp;conceptId1=198965005\">198965005</a></td><td>Transient hypertension of pregnancy - delivered</td><td/></tr><tr><td style=\"white-space:nowrap\"><a name=\"http---snomed.info-sct-237279007\"> </a><a href=\"http://browser.ihtsdotools.org/?perspective=full&amp;conceptId1=237279007\">237279007</a></td><td>Transient hypertension of pregnancy</td><td/></tr><tr><td style=\"white-space:nowrap\"><a name=\"http---snomed.info-sct-237282002\"> </a><a href=\"http://browser.ihtsdotools.org/?perspective=full&amp;conceptId1=237282002\">237282002</a></td><td>Impending eclampsia</td><td/></tr><tr><td style=\"white-space:nowrap\"><a name=\"http---snomed.info-sct-198951008\"> </a><a href=\"http://browser.ihtsdotools.org/?perspective=full&amp;conceptId1=198951008\">198951008</a></td><td>Renal hypertension complicating pregnancy, childbirth and the puerperium - delivered</td><td/></tr><tr><td style=\"white-space:nowrap\"><a name=\"http---snomed.info-sct-198949009\"> </a><a href=\"http://browser.ihtsdotools.org/?perspective=full&amp;conceptId1=198949009\">198949009</a></td><td>Renal hypertension complicating pregnancy, childbirth and the puerperium</td><td/></tr><tr><td style=\"white-space:nowrap\"><a name=\"http---snomed.info-sct-82771000119102\"> </a><a href=\"http://browser.ihtsdotools.org/?perspective=full&amp;conceptId1=82771000119102\">82771000119102</a></td><td>Hypertension complicating pregnancy</td><td/></tr><tr><td style=\"white-space:nowrap\"><a name=\"http---snomed.info-sct-23717007\"> </a><a href=\"http://browser.ihtsdotools.org/?perspective=full&amp;conceptId1=23717007\">23717007</a></td><td>Benign essential hypertension complicating AND/OR reason for care during pregnancy</td><td/></tr><tr><td style=\"white-space:nowrap\"><a name=\"http---snomed.info-sct-429198000\"> </a><a href=\"http://browser.ihtsdotools.org/?perspective=full&amp;conceptId1=429198000\">429198000</a></td><td>Exertional hypertension</td><td/></tr><tr><td style=\"white-space:nowrap\"><a name=\"http---snomed.info-sct-237281009\"> </a><a href=\"http://browser.ihtsdotools.org/?perspective=full&amp;conceptId1=237281009\">237281009</a></td><td>Moderate pre-eclampsia</td><td/></tr><tr><td style=\"white-space:nowrap\"><a name=\"http---snomed.info-sct-428575007\"> </a><a href=\"http://browser.ihtsdotools.org/?perspective=full&amp;conceptId1=428575007\">428575007</a></td><td>Hypertension secondary to kidney transplant</td><td/></tr><tr><td style=\"white-space:nowrap\"><a name=\"http---snomed.info-sct-198984008\"> </a><a href=\"http://browser.ihtsdotools.org/?perspective=full&amp;conceptId1=198984008\">198984008</a></td><td>Severe pre-eclampsia - delivered with postnatal complication</td><td/></tr><tr><td style=\"white-space:nowrap\"><a name=\"http---snomed.info-sct-19769006\"> </a><a href=\"http://browser.ihtsdotools.org/?perspective=full&amp;conceptId1=19769006\">19769006</a></td><td>High-renin essential hypertension</td><td/></tr><tr><td style=\"white-space:nowrap\"><a name=\"http---snomed.info-sct-371125006\"> </a><a href=\"http://browser.ihtsdotools.org/?perspective=full&amp;conceptId1=371125006\">371125006</a></td><td>Labile essential hypertension</td><td/></tr><tr><td style=\"white-space:nowrap\"><a name=\"http---snomed.info-sct-118781000119108\"> </a><a href=\"http://browser.ihtsdotools.org/?perspective=full&amp;conceptId1=118781000119108\">118781000119108</a></td><td>Pre-existing hypertensive chronic kidney disease in mother complicating pregnancy</td><td/></tr><tr><td style=\"white-space:nowrap\"><a name=\"http---snomed.info-sct-198968007\"> </a><a href=\"http://browser.ihtsdotools.org/?perspective=full&amp;conceptId1=198968007\">198968007</a></td><td>Transient hypertension of pregnancy with postnatal complication</td><td/></tr><tr><td style=\"white-space:nowrap\"><a name=\"http---snomed.info-sct-140131000119102\"> </a><a href=\"http://browser.ihtsdotools.org/?perspective=full&amp;conceptId1=140131000119102\">140131000119102</a></td><td>Hypertension in chronic kidney disease stage 2 due to type 2 diabetes mellitus</td><td/></tr><tr><td style=\"white-space:nowrap\"><a name=\"http---snomed.info-sct-14973001\"> </a><a href=\"http://browser.ihtsdotools.org/?perspective=full&amp;conceptId1=14973001\">14973001</a></td><td>Renal sclerosis with hypertension</td><td/></tr><tr><td style=\"white-space:nowrap\"><a name=\"http---snomed.info-sct-34694006\"> </a><a href=\"http://browser.ihtsdotools.org/?perspective=full&amp;conceptId1=34694006\">34694006</a></td><td>Pre-existing hypertension complicating AND/OR reason for care during childbirth</td><td/></tr><tr><td style=\"white-space:nowrap\"><a name=\"http---snomed.info-sct-71874008\"> </a><a href=\"http://browser.ihtsdotools.org/?perspective=full&amp;conceptId1=71874008\">71874008</a></td><td>Benign essential hypertension complicating AND/OR reason for care during childbirth</td><td/></tr><tr><td style=\"white-space:nowrap\"><a name=\"http---snomed.info-sct-307632004\"> </a><a href=\"http://browser.ihtsdotools.org/?perspective=full&amp;conceptId1=307632004\">307632004</a></td><td>Non-proteinuric hypertension of pregnancy</td><td/></tr><tr><td style=\"white-space:nowrap\"><a name=\"http---snomed.info-sct-84094009\"> </a><a href=\"http://browser.ihtsdotools.org/?perspective=full&amp;conceptId1=84094009\">84094009</a></td><td>Rebound hypertension</td><td/></tr><tr><td style=\"white-space:nowrap\"><a name=\"http---snomed.info-sct-52698002\"> </a><a href=\"http://browser.ihtsdotools.org/?perspective=full&amp;conceptId1=52698002\">52698002</a></td><td>Transient hypertension</td><td/></tr><tr><td style=\"white-space:nowrap\"><a name=\"http---snomed.info-sct-72022006\"> </a><a href=\"http://browser.ihtsdotools.org/?perspective=full&amp;conceptId1=72022006\">72022006</a></td><td>Essential hypertension in obstetric context</td><td/></tr><tr><td style=\"white-space:nowrap\"><a name=\"http---snomed.info-sct-59621000\"> </a><a href=\"http://browser.ihtsdotools.org/?perspective=full&amp;conceptId1=59621000\">59621000</a></td><td>Essential hypertension</td><td/></tr><tr><td style=\"white-space:nowrap\"><a name=\"http---snomed.info-sct-721371000168104\"> </a><a href=\"http://browser.ihtsdotools.org/?perspective=full&amp;conceptId1=721371000168104\">721371000168104</a></td><td>Refractory hypertension</td><td/></tr><tr><td style=\"white-space:nowrap\"><a name=\"http---snomed.info-sct-194785008\"> </a><a href=\"http://browser.ihtsdotools.org/?perspective=full&amp;conceptId1=194785008\">194785008</a></td><td>Benign secondary hypertension</td><td/></tr><tr><td style=\"white-space:nowrap\"><a name=\"http---snomed.info-sct-8762007\"> </a><a href=\"http://browser.ihtsdotools.org/?perspective=full&amp;conceptId1=8762007\">8762007</a></td><td>Chronic hypertension in obstetric context</td><td/></tr><tr><td style=\"white-space:nowrap\"><a name=\"http---snomed.info-sct-111438007\"> </a><a href=\"http://browser.ihtsdotools.org/?perspective=full&amp;conceptId1=111438007\">111438007</a></td><td>Hypertension secondary to renal disease in obstetric context</td><td/></tr><tr><td style=\"white-space:nowrap\"><a name=\"http---snomed.info-sct-1256061000168108\"> </a><a href=\"http://browser.ihtsdotools.org/?perspective=full&amp;conceptId1=1256061000168108\">1256061000168108</a></td><td>Adequately controlled hypertension</td><td/></tr><tr><td style=\"white-space:nowrap\"><a name=\"http---snomed.info-sct-198997005\"> </a><a href=\"http://browser.ihtsdotools.org/?perspective=full&amp;conceptId1=198997005\">198997005</a></td><td>Pre-eclampsia or eclampsia with pre-existing hypertension</td><td/></tr><tr><td style=\"white-space:nowrap\"><a name=\"http---snomed.info-sct-198983002\"> </a><a href=\"http://browser.ihtsdotools.org/?perspective=full&amp;conceptId1=198983002\">198983002</a></td><td>Severe pre-eclampsia - delivered</td><td/></tr><tr><td style=\"white-space:nowrap\"><a name=\"http---snomed.info-sct-46764007\"> </a><a href=\"http://browser.ihtsdotools.org/?perspective=full&amp;conceptId1=46764007\">46764007</a></td><td>Severe pre-eclampsia</td><td/></tr><tr><td style=\"white-space:nowrap\"><a name=\"http---snomed.info-sct-443482000\"> </a><a href=\"http://browser.ihtsdotools.org/?perspective=full&amp;conceptId1=443482000\">443482000</a></td><td>Hypertensive urgency</td><td/></tr><tr><td style=\"white-space:nowrap\"><a name=\"http---snomed.info-sct-23130000\"> </a><a href=\"http://browser.ihtsdotools.org/?perspective=full&amp;conceptId1=23130000\">23130000</a></td><td>Paroxysmal hypertension</td><td/></tr><tr><td style=\"white-space:nowrap\"><a name=\"http---snomed.info-sct-140121000119100\"> </a><a href=\"http://browser.ihtsdotools.org/?perspective=full&amp;conceptId1=140121000119100\">140121000119100</a></td><td>Hypertension in chronic kidney disease stage 3 due to type 2 diabetes mellitus</td><td/></tr><tr><td style=\"white-space:nowrap\"><a name=\"http---snomed.info-sct-712832005\"> </a><a href=\"http://browser.ihtsdotools.org/?perspective=full&amp;conceptId1=712832005\">712832005</a></td><td>Supine hypertension</td><td/></tr><tr><td style=\"white-space:nowrap\"><a name=\"http---snomed.info-sct-78808002\"> </a><a href=\"http://browser.ihtsdotools.org/?perspective=full&amp;conceptId1=78808002\">78808002</a></td><td>Essential hypertension complicating AND/OR reason for care during pregnancy</td><td/></tr><tr><td style=\"white-space:nowrap\"><a name=\"http---snomed.info-sct-541000119105\"> </a><a href=\"http://browser.ihtsdotools.org/?perspective=full&amp;conceptId1=541000119105\">541000119105</a></td><td>Hypertension complicating pregnancy, childbirth and the puerperium, antepartum</td><td/></tr><tr><td style=\"white-space:nowrap\"><a name=\"http---snomed.info-sct-123800009\"> </a><a href=\"http://browser.ihtsdotools.org/?perspective=full&amp;conceptId1=123800009\">123800009</a></td><td>Goldblatt hypertension</td><td/></tr><tr><td style=\"white-space:nowrap\"><a name=\"http---snomed.info-sct-198986005\"> </a><a href=\"http://browser.ihtsdotools.org/?perspective=full&amp;conceptId1=198986005\">198986005</a></td><td>Severe pre-eclampsia with postnatal complication</td><td/></tr><tr><td style=\"white-space:nowrap\"><a name=\"http---snomed.info-sct-24042004\"> </a><a href=\"http://browser.ihtsdotools.org/?perspective=full&amp;conceptId1=24042004\">24042004</a></td><td>Chronic hypertension complicating AND/OR reason for care during puerperium</td><td/></tr><tr><td style=\"white-space:nowrap\"><a name=\"http---snomed.info-sct-48552006\"> </a><a href=\"http://browser.ihtsdotools.org/?perspective=full&amp;conceptId1=48552006\">48552006</a></td><td>Hypertension secondary to renal disease complicating AND/OR reason for care during pregnancy</td><td/></tr><tr><td style=\"white-space:nowrap\"><a name=\"http---snomed.info-sct-397748008\"> </a><a href=\"http://browser.ihtsdotools.org/?perspective=full&amp;conceptId1=397748008\">397748008</a></td><td>Hypertension with albuminuria</td><td/></tr><tr><td style=\"white-space:nowrap\"><a name=\"http---snomed.info-sct-8218002\"> </a><a href=\"http://browser.ihtsdotools.org/?perspective=full&amp;conceptId1=8218002\">8218002</a></td><td>Chronic hypertension complicating AND/OR reason for care during childbirth</td><td/></tr><tr><td style=\"white-space:nowrap\"><a name=\"http---snomed.info-sct-698638005\"> </a><a href=\"http://browser.ihtsdotools.org/?perspective=full&amp;conceptId1=698638005\">698638005</a></td><td>Pregnancy induced hypertension with pulmonary oedema</td><td/></tr><tr><td style=\"white-space:nowrap\"><a name=\"http---snomed.info-sct-18416000\"> </a><a href=\"http://browser.ihtsdotools.org/?perspective=full&amp;conceptId1=18416000\">18416000</a></td><td>Essential hypertension complicating AND/OR reason for care during childbirth</td><td/></tr><tr><td style=\"white-space:nowrap\"><a name=\"http---snomed.info-sct-720568003\"> </a><a href=\"http://browser.ihtsdotools.org/?perspective=full&amp;conceptId1=720568003\">720568003</a></td><td>Brachydactyly and arterial hypertension syndrome</td><td/></tr><tr><td style=\"white-space:nowrap\"><a name=\"http---snomed.info-sct-71701000119105\"> </a><a href=\"http://browser.ihtsdotools.org/?perspective=full&amp;conceptId1=71701000119105\">71701000119105</a></td><td>Hypertension in chronic kidney disease due to type 1 diabetes mellitus</td><td/></tr><tr><td style=\"white-space:nowrap\"><a name=\"http---snomed.info-sct-198952001\"> </a><a href=\"http://browser.ihtsdotools.org/?perspective=full&amp;conceptId1=198952001\">198952001</a></td><td>Renal hypertension complicating pregnancy, childbirth and the puerperium - delivered with postnatal complication</td><td/></tr><tr><td style=\"white-space:nowrap\"><a name=\"http---snomed.info-sct-198966006\"> </a><a href=\"http://browser.ihtsdotools.org/?perspective=full&amp;conceptId1=198966006\">198966006</a></td><td>Transient hypertension of pregnancy - delivered with postnatal complication</td><td/></tr><tr><td style=\"white-space:nowrap\"><a name=\"http---snomed.info-sct-35303009\"> </a><a href=\"http://browser.ihtsdotools.org/?perspective=full&amp;conceptId1=35303009\">35303009</a></td><td>Benign essential hypertension complicating AND/OR reason for care during puerperium</td><td/></tr><tr><td style=\"white-space:nowrap\"><a name=\"http---snomed.info-sct-63287004\"> </a><a href=\"http://browser.ihtsdotools.org/?perspective=full&amp;conceptId1=63287004\">63287004</a></td><td>Benign essential hypertension in obstetric context</td><td/></tr><tr><td style=\"white-space:nowrap\"><a name=\"http---snomed.info-sct-1201005\"> </a><a href=\"http://browser.ihtsdotools.org/?perspective=full&amp;conceptId1=1201005\">1201005</a></td><td>Benign essential hypertension</td><td/></tr><tr><td style=\"white-space:nowrap\"><a name=\"http---snomed.info-sct-9901000\"> </a><a href=\"http://browser.ihtsdotools.org/?perspective=full&amp;conceptId1=9901000\">9901000</a></td><td>Essential hypertension complicating AND/OR reason for care during puerperium</td><td/></tr><tr><td style=\"white-space:nowrap\"><a name=\"http---snomed.info-sct-194788005\"> </a><a href=\"http://browser.ihtsdotools.org/?perspective=full&amp;conceptId1=194788005\">194788005</a></td><td>Hypertension secondary to endocrine disorder</td><td/></tr><tr><td style=\"white-space:nowrap\"><a name=\"http---snomed.info-sct-198999008\"> </a><a href=\"http://browser.ihtsdotools.org/?perspective=full&amp;conceptId1=198999008\">198999008</a></td><td>Pre-eclampsia or eclampsia with pre-existing hypertension - delivered</td><td/></tr><tr><td style=\"white-space:nowrap\"><a name=\"http---snomed.info-sct-169465000\"> </a><a href=\"http://browser.ihtsdotools.org/?perspective=full&amp;conceptId1=169465000\">169465000</a></td><td>Hypertension caused by oral contraceptive pill</td><td/></tr><tr><td style=\"white-space:nowrap\"><a name=\"http---snomed.info-sct-194791005\"> </a><a href=\"http://browser.ihtsdotools.org/?perspective=full&amp;conceptId1=194791005\">194791005</a></td><td>Hypertension caused by drug</td><td/></tr><tr><td style=\"white-space:nowrap\"><a name=\"http---snomed.info-sct-198985009\"> </a><a href=\"http://browser.ihtsdotools.org/?perspective=full&amp;conceptId1=198985009\">198985009</a></td><td>Severe pre-eclampsia - not delivered</td><td/></tr><tr><td style=\"white-space:nowrap\"><a name=\"http---snomed.info-sct-95605009\"> </a><a href=\"http://browser.ihtsdotools.org/?perspective=full&amp;conceptId1=95605009\">95605009</a></td><td>HELLP syndrome</td><td/></tr><tr><td style=\"white-space:nowrap\"><a name=\"http---snomed.info-sct-198953006\"> </a><a href=\"http://browser.ihtsdotools.org/?perspective=full&amp;conceptId1=198953006\">198953006</a></td><td>Renal hypertension complicating pregnancy, childbirth and the puerperium - not delivered</td><td/></tr><tr><td style=\"white-space:nowrap\"><a name=\"http---snomed.info-sct-10752641000119102\"> </a><a href=\"http://browser.ihtsdotools.org/?perspective=full&amp;conceptId1=10752641000119102\">10752641000119102</a></td><td>Eclampsia with pre-existing hypertension in childbirth</td><td/></tr><tr><td style=\"white-space:nowrap\"><a name=\"http---snomed.info-sct-69909000\"> </a><a href=\"http://browser.ihtsdotools.org/?perspective=full&amp;conceptId1=69909000\">69909000</a></td><td>Eclampsia added to pre-existing hypertension</td><td/></tr><tr><td style=\"white-space:nowrap\"><a name=\"http---snomed.info-sct-198967002\"> </a><a href=\"http://browser.ihtsdotools.org/?perspective=full&amp;conceptId1=198967002\">198967002</a></td><td>Transient hypertension of pregnancy - not delivered</td><td/></tr><tr><td style=\"white-space:nowrap\"><a name=\"http---snomed.info-sct-766937004\"> </a><a href=\"http://browser.ihtsdotools.org/?perspective=full&amp;conceptId1=766937004\">766937004</a></td><td>Hypertension due to gain-of-function mutation in mineralocorticoid receptor</td><td/></tr><tr><td style=\"white-space:nowrap\"><a name=\"http---snomed.info-sct-140111000119107\"> </a><a href=\"http://browser.ihtsdotools.org/?perspective=full&amp;conceptId1=140111000119107\">140111000119107</a></td><td>Hypertension in chronic kidney disease stage 4 due to type 2 diabetes mellitus</td><td/></tr><tr><td style=\"white-space:nowrap\"><a name=\"http---snomed.info-sct-71421000119105\"> </a><a href=\"http://browser.ihtsdotools.org/?perspective=full&amp;conceptId1=71421000119105\">71421000119105</a></td><td>Hypertension in chronic kidney disease due to type 2 diabetes mellitus</td><td/></tr><tr><td style=\"white-space:nowrap\"><a name=\"http---snomed.info-sct-762463000\"> </a><a href=\"http://browser.ihtsdotools.org/?perspective=full&amp;conceptId1=762463000\">762463000</a></td><td>Diastolic hypertension co-occurrent with systolic hypertension</td><td/></tr><tr><td style=\"white-space:nowrap\"><a name=\"http---snomed.info-sct-56218007\"> </a><a href=\"http://browser.ihtsdotools.org/?perspective=full&amp;conceptId1=56218007\">56218007</a></td><td>Systolic hypertension</td><td/></tr><tr><td style=\"white-space:nowrap\"><a name=\"http---snomed.info-sct-765182005\"> </a><a href=\"http://browser.ihtsdotools.org/?perspective=full&amp;conceptId1=765182005\">765182005</a></td><td>Postpartum pre-eclampsia</td><td/></tr><tr><td style=\"white-space:nowrap\"><a name=\"http---snomed.info-sct-10757401000119104\"> </a><a href=\"http://browser.ihtsdotools.org/?perspective=full&amp;conceptId1=10757401000119104\">10757401000119104</a></td><td>Pre-existing hypertensive heart and chronic kidney disease in mother complicating childbirth</td><td/></tr><tr><td style=\"white-space:nowrap\"><a name=\"http---snomed.info-sct-199007008\"> </a><a href=\"http://browser.ihtsdotools.org/?perspective=full&amp;conceptId1=199007008\">199007008</a></td><td>Pre-existing hypertensive heart and renal disease complicating pregnancy, childbirth and the puerperium</td><td/></tr><tr><td style=\"white-space:nowrap\"><a name=\"http---snomed.info-sct-198941007\"> </a><a href=\"http://browser.ihtsdotools.org/?perspective=full&amp;conceptId1=198941007\">198941007</a></td><td>Hypertension complicating pregnancy, childbirth and the puerperium</td><td/></tr><tr><td style=\"white-space:nowrap\"><a name=\"http---snomed.info-sct-40521000119100\"> </a><a href=\"http://browser.ihtsdotools.org/?perspective=full&amp;conceptId1=40521000119100\">40521000119100</a></td><td>Gestational hypertension after childbirth</td><td/></tr><tr><td style=\"white-space:nowrap\"><a name=\"http---snomed.info-sct-65518004\"> </a><a href=\"http://browser.ihtsdotools.org/?perspective=full&amp;conceptId1=65518004\">65518004</a></td><td>Labile diastolic hypertension</td><td/></tr><tr><td style=\"white-space:nowrap\"><a name=\"http---snomed.info-sct-48146000\"> </a><a href=\"http://browser.ihtsdotools.org/?perspective=full&amp;conceptId1=48146000\">48146000</a></td><td>Diastolic hypertension</td><td/></tr><tr><td style=\"white-space:nowrap\"><a name=\"http---snomed.info-sct-31407004\"> </a><a href=\"http://browser.ihtsdotools.org/?perspective=full&amp;conceptId1=31407004\">31407004</a></td><td>Pre-existing hypertension complicating AND/OR reason for care during puerperium</td><td/></tr><tr><td style=\"white-space:nowrap\"><a name=\"http---snomed.info-sct-86041002\"> </a><a href=\"http://browser.ihtsdotools.org/?perspective=full&amp;conceptId1=86041002\">86041002</a></td><td>Pre-existing hypertension in obstetric context</td><td/></tr><tr><td style=\"white-space:nowrap\"><a name=\"http---snomed.info-sct-367390009\"> </a><a href=\"http://browser.ihtsdotools.org/?perspective=full&amp;conceptId1=367390009\">367390009</a></td><td>Hypertension in the obstetric context</td><td/></tr><tr><td style=\"white-space:nowrap\"><a name=\"http---snomed.info-sct-10725009\"> </a><a href=\"http://browser.ihtsdotools.org/?perspective=full&amp;conceptId1=10725009\">10725009</a></td><td>Benign hypertension</td><td/></tr><tr><td style=\"white-space:nowrap\"><a name=\"http---snomed.info-sct-57684003\"> </a><a href=\"http://browser.ihtsdotools.org/?perspective=full&amp;conceptId1=57684003\">57684003</a></td><td>Parenchymal renal hypertension</td><td/></tr><tr><td style=\"white-space:nowrap\"><a name=\"http---snomed.info-sct-698640000\"> </a><a href=\"http://browser.ihtsdotools.org/?perspective=full&amp;conceptId1=698640000\">698640000</a></td><td>Hypertension in the puerperium with pulmonary oedema</td><td/></tr><tr><td style=\"white-space:nowrap\"><a name=\"http---snomed.info-sct-288250001\"> </a><a href=\"http://browser.ihtsdotools.org/?perspective=full&amp;conceptId1=288250001\">288250001</a></td><td>Maternal hypertension</td><td/></tr><tr><td style=\"white-space:nowrap\"><a name=\"http---snomed.info-sct-194783001\"> </a><a href=\"http://browser.ihtsdotools.org/?perspective=full&amp;conceptId1=194783001\">194783001</a></td><td>Malignant secondary renovascular hypertension</td><td/></tr><tr><td style=\"white-space:nowrap\"><a name=\"http---snomed.info-sct-89242004\"> </a><a href=\"http://browser.ihtsdotools.org/?perspective=full&amp;conceptId1=89242004\">89242004</a></td><td>Malignant secondary hypertension</td><td/></tr><tr><td style=\"white-space:nowrap\"><a name=\"http---snomed.info-sct-70272006\"> </a><a href=\"http://browser.ihtsdotools.org/?perspective=full&amp;conceptId1=70272006\">70272006</a></td><td>Malignant hypertension</td><td/></tr><tr><td style=\"white-space:nowrap\"><a name=\"http---snomed.info-sct-132721000119104\"> </a><a href=\"http://browser.ihtsdotools.org/?perspective=full&amp;conceptId1=132721000119104\">132721000119104</a></td><td>Hypertensive emergency</td><td/></tr><tr><td style=\"white-space:nowrap\"><a name=\"http---snomed.info-sct-706882009\"> </a><a href=\"http://browser.ihtsdotools.org/?perspective=full&amp;conceptId1=706882009\">706882009</a></td><td>Hypertensive crisis</td><td/></tr><tr><td style=\"white-space:nowrap\"><a name=\"http---snomed.info-sct-123799005\"> </a><a href=\"http://browser.ihtsdotools.org/?perspective=full&amp;conceptId1=123799005\">123799005</a></td><td>Renovascular hypertension</td><td/></tr><tr><td style=\"white-space:nowrap\"><a name=\"http---snomed.info-sct-28119000\"> </a><a href=\"http://browser.ihtsdotools.org/?perspective=full&amp;conceptId1=28119000\">28119000</a></td><td>Renal hypertension</td><td/></tr><tr><td style=\"white-space:nowrap\"><a name=\"http---snomed.info-sct-15394000\"> </a><a href=\"http://browser.ihtsdotools.org/?perspective=full&amp;conceptId1=15394000\">15394000</a></td><td>Toxaemia of pregnancy</td><td/></tr><tr><td style=\"white-space:nowrap\"><a name=\"http---snomed.info-sct-16229371000119106\"> </a><a href=\"http://browser.ihtsdotools.org/?perspective=full&amp;conceptId1=16229371000119106\">16229371000119106</a></td><td>Labile systemic arterial hypertension</td><td/></tr><tr><td style=\"white-space:nowrap\"><a name=\"http---snomed.info-sct-697929007\"> </a><a href=\"http://browser.ihtsdotools.org/?perspective=full&amp;conceptId1=697929007\">697929007</a></td><td>Intermittent hypertension</td><td/></tr><tr><td style=\"white-space:nowrap\"><a name=\"http---snomed.info-sct-41114007\"> </a><a href=\"http://browser.ihtsdotools.org/?perspective=full&amp;conceptId1=41114007\">41114007</a></td><td>Mild pre-eclampsia</td><td/></tr><tr><td style=\"white-space:nowrap\"><a name=\"http---snomed.info-sct-398254007\"> </a><a href=\"http://browser.ihtsdotools.org/?perspective=full&amp;conceptId1=398254007\">398254007</a></td><td>Pre-eclampsia</td><td/></tr><tr><td style=\"white-space:nowrap\"><a name=\"http---snomed.info-sct-48194001\"> </a><a href=\"http://browser.ihtsdotools.org/?perspective=full&amp;conceptId1=48194001\">48194001</a></td><td>Pregnancy-induced hypertension</td><td/></tr><tr><td style=\"white-space:nowrap\"><a name=\"http---snomed.info-sct-427889009\"> </a><a href=\"http://browser.ihtsdotools.org/?perspective=full&amp;conceptId1=427889009\">427889009</a></td><td>Hypertension associated with transplantation</td><td/></tr><tr><td style=\"white-space:nowrap\"><a name=\"http---snomed.info-sct-199008003\"> </a><a href=\"http://browser.ihtsdotools.org/?perspective=full&amp;conceptId1=199008003\">199008003</a></td><td>Pre-existing secondary hypertension complicating pregnancy, childbirth and puerperium</td><td/></tr><tr><td style=\"white-space:nowrap\"><a name=\"http---snomed.info-sct-31992008\"> </a><a href=\"http://browser.ihtsdotools.org/?perspective=full&amp;conceptId1=31992008\">31992008</a></td><td>Secondary hypertension</td><td/></tr></table></div>"},"url":"http://fhir.org/guides/acep/ValueSet/covid-19-condition-risk-hypertension","version":"0.1.0","name":"COVID19RiskFactorHypertension","title":"COVID-19 Risk Factor Hypertension Value Set","status":"active","date":"2021-04-05T20:19:20+00:00","publisher":"Veterans Health Administration (VHA)","contact":[{"telecom":[{"system":"url","value":"http://hl7.org/Special/committees/[something]"}]}],"description":"COVID-19 Risk Factor Hypertension Value Set","jurisdiction":[{"coding":[{"system":"http://unstats.un.org/unsd/methods/m49/m49.htm","code":"001"}]}],"compose":{"include":[{"system":"http://snomed.info/sct","concept":[{"code":"38341003","display":"Hypertensive disorder, systemic arterial (disorder)"}]},{"system":"http://snomed.info/sct","filter":[{"property":"concept","op":"is-a","value":"38341003"}]}]},"expansion":{"identifier":"77b1bca6-c375-4915-8584-b7ced1fb9625","timestamp":"2021-01-09T03:25:48+10:00","total":133,"offset":0,"parameter":[{"name":"version","valueUri":"http://snomed.info/sct|http://snomed.info/sct/32506021000036107/version/20201231"},{"name":"count","valueInteger":2147483647},{"name":"offset","valueInteger":0}],"contains":[{"system":"http://snomed.info/sct","code":"38341003","display":"Hypertensive disorder, systemic arterial (disorder)"},{"system":"http://snomed.info/sct","code":"29259002","display":"Malignant hypertension complicating AND/OR reason for care during pregnancy"},{"system":"http://snomed.info/sct","code":"37618003","display":"Chronic hypertension complicating AND/OR reason for care during pregnancy"},{"system":"http://snomed.info/sct","code":"46481004","display":"Low-renin essential hypertension"},{"system":"http://snomed.info/sct","code":"1256051000168106","display":"Inadequately controlled hypertension"},{"system":"http://snomed.info/sct","code":"39018007","display":"Renal arterial hypertension"},{"system":"http://snomed.info/sct","code":"429457004","display":"Systolic essential hypertension"},{"system":"http://snomed.info/sct","code":"199005000","display":"Pre-existing hypertension complicating pregnancy, childbirth and puerperium"},{"system":"http://snomed.info/sct","code":"198947006","display":"Benign essential hypertension complicating pregnancy, childbirth and the puerperium with postnatal complication"},{"system":"http://snomed.info/sct","code":"198946002","display":"Benign essential hypertension complicating pregnancy, childbirth and the puerperium - not delivered"},{"system":"http://snomed.info/sct","code":"198945003","display":"Benign essential hypertension complicating pregnancy, childbirth and the puerperium - delivered with postnatal complication"},{"system":"http://snomed.info/sct","code":"5501000119106","display":"Postoperative hypertension"},{"system":"http://snomed.info/sct","code":"74451002","display":"Secondary diastolic hypertension"},{"system":"http://snomed.info/sct","code":"40511000119107","display":"Pre-existing essential hypertension in postpartum"},{"system":"http://snomed.info/sct","code":"198942000","display":"Benign essential hypertension complicating pregnancy, childbirth and the puerperium"},{"system":"http://snomed.info/sct","code":"59720008","display":"Sustained diastolic hypertension"},{"system":"http://snomed.info/sct","code":"73410007","display":"Benign secondary renovascular hypertension"},{"system":"http://snomed.info/sct","code":"206596003","display":"Neonatal hypertension"},{"system":"http://snomed.info/sct","code":"67359005","display":"Pre-eclampsia added to pre-existing hypertension"},{"system":"http://snomed.info/sct","code":"697930002","display":"Labile hypertension due to being in a clinical environment"},{"system":"http://snomed.info/sct","code":"198944004","display":"Benign essential hypertension complicating pregnancy, childbirth and the puerperium - delivered"},{"system":"http://snomed.info/sct","code":"140101000119109","display":"Hypertension in chronic kidney disease stage 5 due to type 2 diabetes mellitus"},{"system":"http://snomed.info/sct","code":"39727004","display":"Hypertension secondary to renal disease complicating AND/OR reason for care during puerperium"},{"system":"http://snomed.info/sct","code":"199002002","display":"Pre-eclampsia or eclampsia with pre-existing hypertension - not delivered"},{"system":"http://snomed.info/sct","code":"199000005","display":"Pre-eclampsia or eclampsia with pre-existing hypertension - delivered with postnatal complication"},{"system":"http://snomed.info/sct","code":"199003007","display":"Pre-eclampsia or eclampsia with pre-existing hypertension with postnatal complication"},{"system":"http://snomed.info/sct","code":"1078301000112109","display":"Multiple drug intolerant hypertension"},{"system":"http://snomed.info/sct","code":"26078007","display":"Hypertension secondary to renal disease complicating AND/OR reason for care during childbirth"},{"system":"http://snomed.info/sct","code":"871642009","display":"Hypertension due to aortic arch obstruction"},{"system":"http://snomed.info/sct","code":"10562009","display":"Malignant hypertension complicating AND/OR reason for care during childbirth"},{"system":"http://snomed.info/sct","code":"23786008","display":"Malignant hypertension complicating AND/OR reason for care during puerperium"},{"system":"http://snomed.info/sct","code":"81626002","display":"Malignant hypertension in obstetric context"},{"system":"http://snomed.info/sct","code":"78975002","display":"Malignant essential hypertension"},{"system":"http://snomed.info/sct","code":"65402008","display":"Pre-existing hypertension complicating AND/OR reason for care during pregnancy"},{"system":"http://snomed.info/sct","code":"198965005","display":"Transient hypertension of pregnancy - delivered"},{"system":"http://snomed.info/sct","code":"237279007","display":"Transient hypertension of pregnancy"},{"system":"http://snomed.info/sct","code":"237282002","display":"Impending eclampsia"},{"system":"http://snomed.info/sct","code":"198951008","display":"Renal hypertension complicating pregnancy, childbirth and the puerperium - delivered"},{"system":"http://snomed.info/sct","code":"198949009","display":"Renal hypertension complicating pregnancy, childbirth and the puerperium"},{"system":"http://snomed.info/sct","code":"82771000119102","display":"Hypertension complicating pregnancy"},{"system":"http://snomed.info/sct","code":"23717007","display":"Benign essential hypertension complicating AND/OR reason for care during pregnancy"},{"system":"http://snomed.info/sct","code":"429198000","display":"Exertional hypertension"},{"system":"http://snomed.info/sct","code":"237281009","display":"Moderate pre-eclampsia"},{"system":"http://snomed.info/sct","code":"428575007","display":"Hypertension secondary to kidney transplant"},{"system":"http://snomed.info/sct","code":"198984008","display":"Severe pre-eclampsia - delivered with postnatal complication"},{"system":"http://snomed.info/sct","code":"19769006","display":"High-renin essential hypertension"},{"system":"http://snomed.info/sct","code":"371125006","display":"Labile essential hypertension"},{"system":"http://snomed.info/sct","code":"118781000119108","display":"Pre-existing hypertensive chronic kidney disease in mother complicating pregnancy"},{"system":"http://snomed.info/sct","code":"198968007","display":"Transient hypertension of pregnancy with postnatal complication"},{"system":"http://snomed.info/sct","code":"140131000119102","display":"Hypertension in chronic kidney disease stage 2 due to type 2 diabetes mellitus"},{"system":"http://snomed.info/sct","code":"14973001","display":"Renal sclerosis with hypertension"},{"system":"http://snomed.info/sct","code":"34694006","display":"Pre-existing hypertension complicating AND/OR reason for care during childbirth"},{"system":"http://snomed.info/sct","code":"71874008","display":"Benign essential hypertension complicating AND/OR reason for care during childbirth"},{"system":"http://snomed.info/sct","code":"307632004","display":"Non-proteinuric hypertension of pregnancy"},{"system":"http://snomed.info/sct","code":"84094009","display":"Rebound hypertension"},{"system":"http://snomed.info/sct","code":"52698002","display":"Transient hypertension"},{"system":"http://snomed.info/sct","code":"72022006","display":"Essential hypertension in obstetric context"},{"system":"http://snomed.info/sct","code":"59621000","display":"Essential hypertension"},{"system":"http://snomed.info/sct","code":"721371000168104","display":"Refractory hypertension"},{"system":"http://snomed.info/sct","code":"194785008","display":"Benign secondary hypertension"},{"system":"http://snomed.info/sct","code":"8762007","display":"Chronic hypertension in obstetric context"},{"system":"http://snomed.info/sct","code":"111438007","display":"Hypertension secondary to renal disease in obstetric context"},{"system":"http://snomed.info/sct","code":"1256061000168108","display":"Adequately controlled hypertension"},{"system":"http://snomed.info/sct","code":"198997005","display":"Pre-eclampsia or eclampsia with pre-existing hypertension"},{"system":"http://snomed.info/sct","code":"198983002","display":"Severe pre-eclampsia - delivered"},{"system":"http://snomed.info/sct","code":"46764007","display":"Severe pre-eclampsia"},{"system":"http://snomed.info/sct","code":"443482000","display":"Hypertensive urgency"},{"system":"http://snomed.info/sct","code":"23130000","display":"Paroxysmal hypertension"},{"system":"http://snomed.info/sct","code":"140121000119100","display":"Hypertension in chronic kidney disease stage 3 due to type 2 diabetes mellitus"},{"system":"http://snomed.info/sct","code":"712832005","display":"Supine hypertension"},{"system":"http://snomed.info/sct","code":"78808002","display":"Essential hypertension complicating AND/OR reason for care during pregnancy"},{"system":"http://snomed.info/sct","code":"541000119105","display":"Hypertension complicating pregnancy, childbirth and the puerperium, antepartum"},{"system":"http://snomed.info/sct","code":"123800009","display":"Goldblatt hypertension"},{"system":"http://snomed.info/sct","code":"198986005","display":"Severe pre-eclampsia with postnatal complication"},{"system":"http://snomed.info/sct","code":"24042004","display":"Chronic hypertension complicating AND/OR reason for care during puerperium"},{"system":"http://snomed.info/sct","code":"48552006","display":"Hypertension secondary to renal disease complicating AND/OR reason for care during pregnancy"},{"system":"http://snomed.info/sct","code":"397748008","display":"Hypertension with albuminuria"},{"system":"http://snomed.info/sct","code":"8218002","display":"Chronic hypertension complicating AND/OR reason for care during childbirth"},{"system":"http://snomed.info/sct","code":"698638005","display":"Pregnancy induced hypertension with pulmonary oedema"},{"system":"http://snomed.info/sct","code":"18416000","display":"Essential hypertension complicating AND/OR reason for care during childbirth"},{"system":"http://snomed.info/sct","code":"720568003","display":"Brachydactyly and arterial hypertension syndrome"},{"system":"http://snomed.info/sct","code":"71701000119105","display":"Hypertension in chronic kidney disease due to type 1 diabetes mellitus"},{"system":"http://snomed.info/sct","code":"198952001","display":"Renal hypertension complicating pregnancy, childbirth and the puerperium - delivered with postnatal complication"},{"system":"http://snomed.info/sct","code":"198966006","display":"Transient hypertension of pregnancy - delivered with postnatal complication"},{"system":"http://snomed.info/sct","code":"35303009","display":"Benign essential hypertension complicating AND/OR reason for care during puerperium"},{"system":"http://snomed.info/sct","code":"63287004","display":"Benign essential hypertension in obstetric context"},{"system":"http://snomed.info/sct","code":"1201005","display":"Benign essential hypertension"},{"system":"http://snomed.info/sct","code":"9901000","display":"Essential hypertension complicating AND/OR reason for care during puerperium"},{"system":"http://snomed.info/sct","code":"194788005","display":"Hypertension secondary to endocrine disorder"},{"system":"http://snomed.info/sct","code":"198999008","display":"Pre-eclampsia or eclampsia with pre-existing hypertension - delivered"},{"system":"http://snomed.info/sct","code":"169465000","display":"Hypertension caused by oral contraceptive pill"},{"system":"http://snomed.info/sct","code":"194791005","display":"Hypertension caused by drug"},{"system":"http://snomed.info/sct","code":"198985009","display":"Severe pre-eclampsia - not delivered"},{"system":"http://snomed.info/sct","code":"95605009","display":"HELLP syndrome"},{"system":"http://snomed.info/sct","code":"198953006","display":"Renal hypertension complicating pregnancy, childbirth and the puerperium - not delivered"},{"system":"http://snomed.info/sct","code":"10752641000119102","display":"Eclampsia with pre-existing hypertension in childbirth"},{"system":"http://snomed.info/sct","code":"69909000","display":"Eclampsia added to pre-existing hypertension"},{"system":"http://snomed.info/sct","code":"198967002","display":"Transient hypertension of pregnancy - not delivered"},{"system":"http://snomed.info/sct","code":"766937004","display":"Hypertension due to gain-of-function mutation in mineralocorticoid receptor"},{"system":"http://snomed.info/sct","code":"140111000119107","display":"Hypertension in chronic kidney disease stage 4 due to type 2 diabetes mellitus"},{"system":"http://snomed.info/sct","code":"71421000119105","display":"Hypertension in chronic kidney disease due to type 2 diabetes mellitus"},{"system":"http://snomed.info/sct","code":"762463000","display":"Diastolic hypertension co-occurrent with systolic hypertension"},{"system":"http://snomed.info/sct","code":"56218007","display":"Systolic hypertension"},{"system":"http://snomed.info/sct","code":"765182005","display":"Postpartum pre-eclampsia"},{"system":"http://snomed.info/sct","code":"10757401000119104","display":"Pre-existing hypertensive heart and chronic kidney disease in mother complicating childbirth"},{"system":"http://snomed.info/sct","code":"199007008","display":"Pre-existing hypertensive heart and renal disease complicating pregnancy, childbirth and the puerperium"},{"system":"http://snomed.info/sct","code":"198941007","display":"Hypertension complicating pregnancy, childbirth and the puerperium"},{"system":"http://snomed.info/sct","code":"40521000119100","display":"Gestational hypertension after childbirth"},{"system":"http://snomed.info/sct","code":"65518004","display":"Labile diastolic hypertension"},{"system":"http://snomed.info/sct","code":"48146000","display":"Diastolic hypertension"},{"system":"http://snomed.info/sct","code":"31407004","display":"Pre-existing hypertension complicating AND/OR reason for care during puerperium"},{"system":"http://snomed.info/sct","code":"86041002","display":"Pre-existing hypertension in obstetric context"},{"system":"http://snomed.info/sct","code":"367390009","display":"Hypertension in the obstetric context"},{"system":"http://snomed.info/sct","code":"10725009","display":"Benign hypertension"},{"system":"http://snomed.info/sct","code":"57684003","display":"Parenchymal renal hypertension"},{"system":"http://snomed.info/sct","code":"698640000","display":"Hypertension in the puerperium with pulmonary oedema"},{"system":"http://snomed.info/sct","code":"288250001","display":"Maternal hypertension"},{"system":"http://snomed.info/sct","code":"194783001","display":"Malignant secondary renovascular hypertension"},{"system":"http://snomed.info/sct","code":"89242004","display":"Malignant secondary hypertension"},{"system":"http://snomed.info/sct","code":"70272006","display":"Malignant hypertension"},{"system":"http://snomed.info/sct","code":"132721000119104","display":"Hypertensive emergency"},{"system":"http://snomed.info/sct","code":"706882009","display":"Hypertensive crisis"},{"system":"http://snomed.info/sct","code":"123799005","display":"Renovascular hypertension"},{"system":"http://snomed.info/sct","code":"28119000","display":"Renal hypertension"},{"system":"http://snomed.info/sct","code":"15394000","display":"Toxaemia of pregnancy"},{"system":"http://snomed.info/sct","code":"16229371000119106","display":"Labile systemic arterial hypertension"},{"system":"http://snomed.info/sct","code":"697929007","display":"Intermittent hypertension"},{"system":"http://snomed.info/sct","code":"41114007","display":"Mild pre-eclampsia"},{"system":"http://snomed.info/sct","code":"398254007","display":"Pre-eclampsia"},{"system":"http://snomed.info/sct","code":"48194001","display":"Pregnancy-induced hypertension"},{"system":"http://snomed.info/sct","code":"427889009","display":"Hypertension associated with transplantation"},{"system":"http://snomed.info/sct","code":"199008003","display":"Pre-existing secondary hypertension complicating pregnancy, childbirth and puerperium"},{"system":"http://snomed.info/sct","code":"31992008","display":"Secondary hypertension"}]}}