{"resourceType":"ValueSet","id":"covid-19-lab-lymphocytes","meta":{"profile":["http://hl7.org/fhir/uv/cpg/StructureDefinition/cpg-executablevalueset"]},"language":"en","text":{"status":"generated","div":"<div xmlns=\"http://www.w3.org/1999/xhtml\" xml:lang=\"en\" lang=\"en\"><p>This value set contains 4 concepts</p><p>All codes in this table are from the system <a href=\"http://terminology.hl7.org/3.1.0/CodeSystem-v3-loinc.html\"><code>http://loinc.org</code></a></p><table class=\"codes\"><tr><td style=\"white-space:nowrap\"><b>Code</b></td><td><b>Display</b> - English (English, en)</td></tr><tr><td style=\"white-space:nowrap\"><a name=\"http---loinc.org-26474-7\"> </a><a href=\"http://details.loinc.org/LOINC/26474-7.html\">26474-7</a></td><td/></tr><tr><td style=\"white-space:nowrap\"><a name=\"http---loinc.org-731-0\"> </a><a href=\"http://details.loinc.org/LOINC/731-0.html\">731-0</a></td><td/></tr><tr><td style=\"white-space:nowrap\"><a name=\"http---loinc.org-30364-4\"> </a><a href=\"http://details.loinc.org/LOINC/30364-4.html\">30364-4</a></td><td/></tr><tr><td style=\"white-space:nowrap\"><a name=\"http---loinc.org-732-8\"> </a><a href=\"http://details.loinc.org/LOINC/732-8.html\">732-8</a></td><td/></tr></table></div>"},"extension":[{"url":"http://hl7.org/fhir/uv/cpg/StructureDefinition/cpg-knowledgeCapability","valueCode":"executable"},{"url":"http://hl7.org/fhir/uv/cpg/StructureDefinition/cpg-knowledgeRepresentationLevel","valueCode":"executable"}],"url":"http://fhir.org/guides/acep/ValueSet/covid-19-lab-lymphocytes","version":"0.1.0","name":"COVID19LabLymphocytes","title":"COVID-19 Laboratory Value Set for Lymphocytes","status":"active","date":"2022-01-04T20:00:00+00:00","publisher":"Veterans Health Administration (VHA)","contact":[{"telecom":[{"system":"url","value":"http://hl7.org/Special/committees/[something]"}]}],"description":"COVID-19 Laboratory Value Set for Lymphocytes","jurisdiction":[{"coding":[{"system":"http://unstats.un.org/unsd/methods/m49/m49.htm","code":"001"}]}],"compose":{"include":[{"system":"http://loinc.org","concept":[{"code":"26474-7"},{"code":"731-0"},{"code":"30364-4"},{"code":"732-8"}]}]},"expansion":{"timestamp":"2021-03-14T21:43:10-06:00","contains":[{"system":"http://loinc.org","code":"26474-7"},{"system":"http://loinc.org","code":"731-0"},{"system":"http://loinc.org","code":"30364-4"},{"system":"http://loinc.org","code":"732-8"}]}}