{"resourceType":"ValueSet","id":"covid-19-lab-c-reactive-protein","meta":{"profile":["http://hl7.org/fhir/uv/cpg/StructureDefinition/cpg-executablevalueset"]},"language":"en","text":{"status":"generated","div":"<div xmlns=\"http://www.w3.org/1999/xhtml\" xml:lang=\"en\" lang=\"en\"><p>This value set contains 4 concepts</p><p>All codes in this table are from the system <a href=\"http://terminology.hl7.org/3.0.0/CodeSystem-v3-loinc.html\"><code>http://loinc.org</code></a></p><table class=\"codes\"><tr><td style=\"white-space:nowrap\"><b>Code</b></td><td><b>Display</b> - English (English, en)</td></tr><tr><td style=\"white-space:nowrap\"><a name=\"http---loinc.org-1988-5\"> </a><a href=\"http://details.loinc.org/LOINC/1988-5.html\">1988-5</a></td><td/></tr><tr><td style=\"white-space:nowrap\"><a name=\"http---loinc.org-30522-7\"> </a><a href=\"http://details.loinc.org/LOINC/30522-7.html\">30522-7</a></td><td/></tr><tr><td style=\"white-space:nowrap\"><a name=\"http---loinc.org-76485-2\"> </a><a href=\"http://details.loinc.org/LOINC/76485-2.html\">76485-2</a></td><td/></tr><tr><td style=\"white-space:nowrap\"><a name=\"http---loinc.org-76486-0\"> </a><a href=\"http://details.loinc.org/LOINC/76486-0.html\">76486-0</a></td><td/></tr></table></div>"},"extension":[{"url":"http://hl7.org/fhir/uv/cpg/StructureDefinition/cpg-knowledgeCapability","valueCode":"executable"},{"url":"http://hl7.org/fhir/uv/cpg/StructureDefinition/cpg-knowledgeRepresentationLevel","valueCode":"executable"}],"url":"http://fhir.org/guides/acep/ValueSet/covid-19-lab-c-reactive-protein","version":"0.1.0","name":"COVID19LabCReactiveProtein","title":"COVID-19 Laboratory Value Set for C Reactive Protein","status":"active","date":"2022-01-04T20:00:00+00:00","publisher":"Veterans Health Administration (VHA)","contact":[{"telecom":[{"system":"url","value":"http://hl7.org/Special/committees/[something]"}]}],"description":"COVID-19 Laboratory Value Set for C Reactive Protein","jurisdiction":[{"coding":[{"system":"http://unstats.un.org/unsd/methods/m49/m49.htm","code":"001"}]}],"compose":{"include":[{"system":"http://loinc.org","concept":[{"code":"1988-5"},{"code":"30522-7"},{"code":"76485-2"},{"code":"76486-0"}]}]},"expansion":{"timestamp":"2021-03-14T21:43:10-06:00","contains":[{"system":"http://loinc.org","code":"1988-5"},{"system":"http://loinc.org","code":"30522-7"},{"system":"http://loinc.org","code":"76485-2"},{"system":"http://loinc.org","code":"76486-0"}]}}