{"resourceType":"ValueSet","id":"covid-19-lab-ast","meta":{"profile":["http://hl7.org/fhir/uv/cpg/StructureDefinition/cpg-executablevalueset"]},"language":"en","text":{"status":"generated","div":"<div xmlns=\"http://www.w3.org/1999/xhtml\" xml:lang=\"en\" lang=\"en\"><p>This value set contains 4 concepts</p><p>All codes in this table are from the system <a href=\"http://terminology.hl7.org/3.0.0/CodeSystem-v3-loinc.html\"><code>http://loinc.org</code></a></p><table class=\"codes\"><tr><td style=\"white-space:nowrap\"><b>Code</b></td><td><b>Display</b></td><td><b>Definition</b></td></tr><tr><td style=\"white-space:nowrap\"><a name=\"http---loinc.org-1920-8\"> </a><a href=\"http://details.loinc.org/LOINC/1920-8.html\">1920-8</a></td><td/><td/></tr><tr><td style=\"white-space:nowrap\"><a name=\"http---loinc.org-88112-8\"> </a><a href=\"http://details.loinc.org/LOINC/88112-8.html\">88112-8</a></td><td/><td/></tr><tr><td style=\"white-space:nowrap\"><a name=\"http---loinc.org-30239-8\"> </a><a href=\"http://details.loinc.org/LOINC/30239-8.html\">30239-8</a></td><td/><td/></tr><tr><td style=\"white-space:nowrap\"><a name=\"http---loinc.org-44786-2\"> </a><a href=\"http://details.loinc.org/LOINC/44786-2.html\">44786-2</a></td><td/><td/></tr></table></div>"},"extension":[{"url":"http://hl7.org/fhir/uv/cpg/StructureDefinition/cpg-knowledgeCapability","valueCode":"executable"},{"url":"http://hl7.org/fhir/uv/cpg/StructureDefinition/cpg-knowledgeRepresentationLevel","valueCode":"executable"}],"url":"http://fhir.org/guides/acep/ValueSet/covid-19-lab-ast","version":"0.1.0","name":"COVID19LabAST","title":"COVID-19 Laboratory Value Set for AST","status":"active","date":"2021-02-26T20:00:00+00:00","publisher":"Veterans Health Administration (VHA)","contact":[{"telecom":[{"system":"url","value":"http://hl7.org/Special/committees/[something]"}]}],"description":"COVID-19 Laboratory Value Set for AST","jurisdiction":[{"coding":[{"system":"http://unstats.un.org/unsd/methods/m49/m49.htm","code":"001"}]}],"compose":{"include":[{"system":"http://loinc.org","concept":[{"code":"1920-8"},{"code":"88112-8"},{"code":"30239-8"},{"code":"44786-2"}]}]},"expansion":{"timestamp":"2021-03-14T21:43:10-06:00","contains":[{"system":"http://loinc.org","code":"1920-8"},{"system":"http://loinc.org","code":"88112-8"},{"system":"http://loinc.org","code":"30239-8"},{"system":"http://loinc.org","code":"44786-2"}]}}