{"resourceType":"ValueSet","id":"covid-19-lab-alt","meta":{"profile":["http://hl7.org/fhir/uv/cpg/StructureDefinition/cpg-executablevalueset"]},"language":"en","text":{"status":"generated","div":"<div xmlns=\"http://www.w3.org/1999/xhtml\" xml:lang=\"en\" lang=\"en\"><p>This value set contains 5 concepts</p><p>All codes in this table are from the system <a href=\"http://terminology.hl7.org/3.1.0/CodeSystem-v3-loinc.html\"><code>http://loinc.org</code></a></p><table class=\"codes\"><tr><td style=\"white-space:nowrap\"><b>Code</b></td><td><b>Display</b> - English (English, en)</td></tr><tr><td style=\"white-space:nowrap\"><a name=\"http---loinc.org-77144-4\"> </a><a href=\"http://details.loinc.org/LOINC/77144-4.html\">77144-4</a></td><td/></tr><tr><td style=\"white-space:nowrap\"><a name=\"http---loinc.org-1742-6\"> </a><a href=\"http://details.loinc.org/LOINC/1742-6.html\">1742-6</a></td><td/></tr><tr><td style=\"white-space:nowrap\"><a name=\"http---loinc.org-1744-2\"> </a><a href=\"http://details.loinc.org/LOINC/1744-2.html\">1744-2</a></td><td/></tr><tr><td style=\"white-space:nowrap\"><a name=\"http---loinc.org-1743-4\"> </a><a href=\"http://details.loinc.org/LOINC/1743-4.html\">1743-4</a></td><td/></tr><tr><td style=\"white-space:nowrap\"><a name=\"http---loinc.org-44785-4\"> </a><a href=\"http://details.loinc.org/LOINC/44785-4.html\">44785-4</a></td><td/></tr></table></div>"},"extension":[{"url":"http://hl7.org/fhir/uv/cpg/StructureDefinition/cpg-knowledgeCapability","valueCode":"executable"},{"url":"http://hl7.org/fhir/uv/cpg/StructureDefinition/cpg-knowledgeRepresentationLevel","valueCode":"executable"}],"url":"http://fhir.org/guides/acep/ValueSet/covid-19-lab-alt","version":"0.1.0","name":"COVID19LabAlt","title":"COVID-19 Laboratory Value Set for Alt","status":"active","date":"2022-01-04T20:00:00+00:00","publisher":"Veterans Health Administration (VHA)","contact":[{"telecom":[{"system":"url","value":"http://hl7.org/Special/committees/[something]"}]}],"description":"COVID-19 Laboratory Value Set for Alt","jurisdiction":[{"coding":[{"system":"http://unstats.un.org/unsd/methods/m49/m49.htm","code":"001"}]}],"compose":{"include":[{"system":"http://loinc.org","concept":[{"code":"77144-4"},{"code":"1742-6"},{"code":"1744-2"},{"code":"1743-4"},{"code":"44785-4"}]}]},"expansion":{"timestamp":"2021-03-14T21:43:10-06:00","contains":[{"system":"http://loinc.org","code":"77144-4"},{"system":"http://loinc.org","code":"1742-6"},{"system":"http://loinc.org","code":"1744-2"},{"system":"http://loinc.org","code":"1743-4"},{"system":"http://loinc.org","code":"44785-4"}]}}