{"resourceType":"ValueSet","id":"covid-19-lab-leukocyte","meta":{"profile":["http://hl7.org/fhir/uv/cpg/StructureDefinition/cpg-executablevalueset"]},"language":"en","text":{"status":"generated","div":"<div xmlns=\"http://www.w3.org/1999/xhtml\" xml:lang=\"en\" lang=\"en\"><p>This value set contains 4 concepts</p><p>All codes from system <a href=\"http://terminology.hl7.org/2.1.0/CodeSystem-v3-loinc.html\"><code>http://loinc.org</code></a></p><table class=\"codes\"><tr><td style=\"white-space:nowrap\"><b>Code</b></td><td><b>Display</b></td><td><b>Definition</b></td></tr><tr><td style=\"white-space:nowrap\"><a name=\"http---loinc.org-26464-8\"> </a><a href=\"http://details.loinc.org/LOINC/26464-8.html\">26464-8</a></td><td/><td/></tr><tr><td style=\"white-space:nowrap\"><a name=\"http---loinc.org-6690-2\"> </a><a href=\"http://details.loinc.org/LOINC/6690-2.html\">6690-2</a></td><td/><td/></tr><tr><td style=\"white-space:nowrap\"><a name=\"http---loinc.org-49498-9\"> </a><a href=\"http://details.loinc.org/LOINC/49498-9.html\">49498-9</a></td><td/><td/></tr><tr><td style=\"white-space:nowrap\"><a name=\"http---loinc.org-804-5\"> </a><a href=\"http://details.loinc.org/LOINC/804-5.html\">804-5</a></td><td/><td/></tr></table></div>"},"extension":[{"url":"http://hl7.org/fhir/uv/cpg/StructureDefinition/cpg-knowledgeCapability","valueCode":"executable"},{"url":"http://hl7.org/fhir/uv/cpg/StructureDefinition/cpg-knowledgeRepresentationLevel","valueCode":"executable"}],"url":"http://fhir.org/guides/acep/ValueSet/covid-19-lab-leukocyte","version":"0.1.0","name":"COVID19LabLeukocyte","title":"COVID-19 Laboratory Value Set for Leukocytes","status":"active","date":"2021-02-26T20:00:00+00:00","publisher":"Veterans Health Administration (VHA)","contact":[{"telecom":[{"system":"url","value":"http://hl7.org/Special/committees/[something]"}]}],"description":"COVID-19 Laboratory Value Set for Leukocytes","jurisdiction":[{"coding":[{"system":"http://unstats.un.org/unsd/methods/m49/m49.htm","code":"001"}]}],"compose":{"include":[{"system":"http://loinc.org","concept":[{"code":"26464-8"},{"code":"6690-2"},{"code":"49498-9"},{"code":"804-5"}]}]},"expansion":{"timestamp":"2021-03-05T17:10:31-07:00","contains":[{"system":"http://loinc.org","code":"26464-8"},{"system":"http://loinc.org","code":"6690-2"},{"system":"http://loinc.org","code":"49498-9"},{"system":"http://loinc.org","code":"804-5"}]}}