{"resourceType":"ValueSet","id":"covid-19-lab-interleukin6","meta":{"profile":["http://hl7.org/fhir/uv/cpg/StructureDefinition/cpg-executablevalueset"]},"language":"en","text":{"status":"generated","div":"<div xmlns=\"http://www.w3.org/1999/xhtml\" xml:lang=\"en\" lang=\"en\"><p>This value set contains 3 concepts</p><p>All codes in this table are from the system <a href=\"http://terminology.hl7.org/3.1.0/CodeSystem-v3-loinc.html\"><code>http://loinc.org</code></a></p><table class=\"codes\"><tr><td style=\"white-space:nowrap\"><b>Code</b></td><td><b>Display</b> - English (English, en)</td></tr><tr><td style=\"white-space:nowrap\"><a name=\"http---loinc.org-26881-3\"> </a><a href=\"http://details.loinc.org/LOINC/26881-3.html\">26881-3</a></td><td/></tr><tr><td style=\"white-space:nowrap\"><a name=\"http---loinc.org-44322-6\"> </a><a href=\"http://details.loinc.org/LOINC/44322-6.html\">44322-6</a></td><td/></tr><tr><td style=\"white-space:nowrap\"><a name=\"http---loinc.org-4655-7\"> </a><a href=\"http://details.loinc.org/LOINC/4655-7.html\">4655-7</a></td><td/></tr></table></div>"},"extension":[{"url":"http://hl7.org/fhir/uv/cpg/StructureDefinition/cpg-knowledgeCapability","valueCode":"executable"},{"url":"http://hl7.org/fhir/uv/cpg/StructureDefinition/cpg-knowledgeRepresentationLevel","valueCode":"executable"}],"url":"http://fhir.org/guides/acep/ValueSet/covid-19-lab-interleukin6","version":"0.1.0","name":"COVID19LabInterleukin6","title":"COVID-19 Laboratory Value Set for Interleukin6","status":"active","date":"2022-01-04T20:00:00+00:00","publisher":"Veterans Health Administration (VHA)","contact":[{"telecom":[{"system":"url","value":"http://hl7.org/Special/committees/[something]"}]}],"description":"COVID-19 Laboratory Value Set for Interleukin6","jurisdiction":[{"coding":[{"system":"http://unstats.un.org/unsd/methods/m49/m49.htm","code":"001"}]}],"compose":{"include":[{"system":"http://loinc.org","concept":[{"code":"26881-3"},{"code":"44322-6"},{"code":"4655-7"}]}]},"expansion":{"timestamp":"2021-03-14T21:43:10-06:00","contains":[{"system":"http://loinc.org","code":"26881-3"},{"system":"http://loinc.org","code":"44322-6"},{"system":"http://loinc.org","code":"4655-7"}]}}