<?xml version="1.0" encoding="UTF-8"?>

<ValueSet xmlns="http://hl7.org/fhir">
  <id value="2.16.840.1.113883.3.464.1003.198.12.1134"/>
  <text>
    <status value="generated"/><div xmlns="http://www.w3.org/1999/xhtml"><p>This value set contains 9 concepts</p><table class="codes"><tr><td style="white-space:nowrap"><b>Code</b></td><td><b>System</b></td><td><b>Display</b></td><td><b>Definition</b></td></tr><tr><td style="white-space:nowrap"><a name="http---www.cms.gov-Medicare-Coding-ICD10-0HTT0ZZ"> </a>0HTT0ZZ</td><td>http://www.cms.gov/Medicare/Coding/ICD10</td><td>Resection of Right Breast, Open Approach</td><td/></tr><tr><td style="white-space:nowrap"><a name="http---snomed.info-sct-12275171000119105"> </a><a href="http://browser.ihtsdotools.org/?perspective=full&amp;conceptId1=12275171000119105">12275171000119105</a></td><td>http://snomed.info/sct</td><td>Postmastectomy lymphedema syndrome of right upper limb (disorder)</td><td/></tr><tr><td style="white-space:nowrap"><a name="http---snomed.info-sct-137681000119108"> </a><a href="http://browser.ihtsdotools.org/?perspective=full&amp;conceptId1=137681000119108">137681000119108</a></td><td>http://snomed.info/sct</td><td>History of prophylactic mastectomy of right breast (situation)</td><td/></tr><tr><td style="white-space:nowrap"><a name="http---snomed.info-sct-429242008"> </a><a href="http://browser.ihtsdotools.org/?perspective=full&amp;conceptId1=429242008">429242008</a></td><td>http://snomed.info/sct</td><td>History of right mastectomy (situation)</td><td/></tr><tr><td style="white-space:nowrap"><a name="http---snomed.info-sct-429400009"> </a><a href="http://browser.ihtsdotools.org/?perspective=full&amp;conceptId1=429400009">429400009</a></td><td>http://snomed.info/sct</td><td>Mastectomy of right breast (procedure)</td><td/></tr><tr><td style="white-space:nowrap"><a name="http---snomed.info-sct-451201000124106"> </a><a href="http://browser.ihtsdotools.org/?perspective=full&amp;conceptId1=451201000124106">451201000124106</a></td><td>http://snomed.info/sct</td><td>Prophylactic mastectomy of right breast (procedure)</td><td/></tr><tr><td style="white-space:nowrap"><a name="http---snomed.info-sct-726430006"> </a><a href="http://browser.ihtsdotools.org/?perspective=full&amp;conceptId1=726430006">726430006</a></td><td>http://snomed.info/sct</td><td>Radical mastectomy of right breast (procedure)</td><td/></tr><tr><td style="white-space:nowrap"><a name="http---snomed.info-sct-726434002"> </a><a href="http://browser.ihtsdotools.org/?perspective=full&amp;conceptId1=726434002">726434002</a></td><td>http://snomed.info/sct</td><td>Subcutaneous mastectomy of right breast (procedure)</td><td/></tr><tr><td style="white-space:nowrap"><a name="http---snomed.info-sct-726436000"> </a><a href="http://browser.ihtsdotools.org/?perspective=full&amp;conceptId1=726436000">726436000</a></td><td>http://snomed.info/sct</td><td>Modified radical mastectomy of right breast (procedure)</td><td/></tr></table></div>
  </text>
  <url value="http://cts.nlm.nih.gov/fhir/ValueSet/2.16.840.1.113883.3.464.1003.198.12.1134"/>
  <identifier>
    <system value="urn:ietf:rfc:3986"/>
    <value value="2.16.840.1.113883.3.464.1003.198.12.1134"/>
  </identifier>
  <version value="1.0.0"/>
  <name value="UnilateralMastectomyRight"/>
  <title value="Unilateral Mastectomy Right"/>
  <status value="active"/>
  <experimental value="false"/>
  <date value="2021-09-03T16:48:06+00:00"/>
  <publisher value="U.S. Preventive Services Task Force (USPSTF)"/>
  <contact>
    <telecom>
      <system value="url"/>
      <value value="https://www.uspreventiveservicestaskforce.org/uspstf/"/>
    </telecom>
  </contact>
  <jurisdiction>
    <coding>
      <system value="http://unstats.un.org/unsd/methods/m49/m49.htm"/>
      <code value="001"/>
    </coding>
  </jurisdiction>
  <expansion>
    <identifier value="20200507"/>
    <timestamp value="2021-01-14T20:59:46-07:00"/>
    <contains>
      <system value="http://www.cms.gov/Medicare/Coding/ICD10"/>
      <version value="2020"/>
      <code value="0HTT0ZZ"/>
      <display value="Resection of Right Breast, Open Approach"/>
    </contains>
    <contains>
      <system value="http://snomed.info/sct"/>
      <version value="2019-09"/>
      <code value="12275171000119105"/>
      <display value="Postmastectomy lymphedema syndrome of right upper limb (disorder)"/>
    </contains>
    <contains>
      <system value="http://snomed.info/sct"/>
      <version value="2019-09"/>
      <code value="137681000119108"/>
      <display value="History of prophylactic mastectomy of right breast (situation)"/>
    </contains>
    <contains>
      <system value="http://snomed.info/sct"/>
      <version value="2019-09"/>
      <code value="429242008"/>
      <display value="History of right mastectomy (situation)"/>
    </contains>
    <contains>
      <system value="http://snomed.info/sct"/>
      <version value="2019-09"/>
      <code value="429400009"/>
      <display value="Mastectomy of right breast (procedure)"/>
    </contains>
    <contains>
      <system value="http://snomed.info/sct"/>
      <version value="2019-09"/>
      <code value="451201000124106"/>
      <display value="Prophylactic mastectomy of right breast (procedure)"/>
    </contains>
    <contains>
      <system value="http://snomed.info/sct"/>
      <version value="2019-09"/>
      <code value="726430006"/>
      <display value="Radical mastectomy of right breast (procedure)"/>
    </contains>
    <contains>
      <system value="http://snomed.info/sct"/>
      <version value="2019-09"/>
      <code value="726434002"/>
      <display value="Subcutaneous mastectomy of right breast (procedure)"/>
    </contains>
    <contains>
      <system value="http://snomed.info/sct"/>
      <version value="2019-09"/>
      <code value="726436000"/>
      <display value="Modified radical mastectomy of right breast (procedure)"/>
    </contains>
  </expansion>
</ValueSet>