<?xml version="1.0" encoding="UTF-8"?>

<ValueSet xmlns="http://hl7.org/fhir">
  <id value="2.16.840.1.113762.1.4.1116.89"/>
  <meta>
    <profile value="http://hl7.org/fhir/uv/cpg/StructureDefinition/cpg-executablevalueset"/>
  </meta>
  <text>
    <status value="generated"/><div xmlns="http://www.w3.org/1999/xhtml"><p>This value set contains 22 concepts</p><table class="codes"><tr><td style="white-space:nowrap"><b>Code</b></td><td><b>System</b></td><td><b>Display</b></td><td><b>Definition</b></td></tr><tr><td style="white-space:nowrap"><a name="http---hl7.org-fhir-sid-icd-9-cm-162.2"> </a>162.2</td><td>http://hl7.org/fhir/sid/icd-9-cm</td><td>Malignant neoplasm of main bronchus</td><td/></tr><tr><td style="white-space:nowrap"><a name="http---hl7.org-fhir-sid-icd-9-cm-162.3"> </a>162.3</td><td>http://hl7.org/fhir/sid/icd-9-cm</td><td>Malignant neoplasm of upper lobe, bronchus or lung</td><td/></tr><tr><td style="white-space:nowrap"><a name="http---hl7.org-fhir-sid-icd-9-cm-162.4"> </a>162.4</td><td>http://hl7.org/fhir/sid/icd-9-cm</td><td>Malignant neoplasm of middle lobe, bronchus or lung</td><td/></tr><tr><td style="white-space:nowrap"><a name="http---hl7.org-fhir-sid-icd-9-cm-162.5"> </a>162.5</td><td>http://hl7.org/fhir/sid/icd-9-cm</td><td>Malignant neoplasm of lower lobe, bronchus or lung</td><td/></tr><tr><td style="white-space:nowrap"><a name="http---hl7.org-fhir-sid-icd-9-cm-162.8"> </a>162.8</td><td>http://hl7.org/fhir/sid/icd-9-cm</td><td>Malignant neoplasm of other parts of bronchus or lung</td><td/></tr><tr><td style="white-space:nowrap"><a name="http---hl7.org-fhir-sid-icd-9-cm-162.9"> </a>162.9</td><td>http://hl7.org/fhir/sid/icd-9-cm</td><td>Malignant neoplasm of bronchus and lung, unspecified</td><td/></tr><tr><td style="white-space:nowrap"><a name="http---hl7.org-fhir-sid-icd-10-C34.00"> </a>C34.00</td><td>http://hl7.org/fhir/sid/icd-10</td><td>Malignant neoplasm of unspecified main bronchus</td><td/></tr><tr><td style="white-space:nowrap"><a name="http---hl7.org-fhir-sid-icd-10-C34.01"> </a>C34.01</td><td>http://hl7.org/fhir/sid/icd-10</td><td>Malignant neoplasm of right main bronchus</td><td/></tr><tr><td style="white-space:nowrap"><a name="http---hl7.org-fhir-sid-icd-10-C34.02"> </a>C34.02</td><td>http://hl7.org/fhir/sid/icd-10</td><td>Malignant neoplasm of left main bronchus</td><td/></tr><tr><td style="white-space:nowrap"><a name="http---hl7.org-fhir-sid-icd-10-C34.10"> </a>C34.10</td><td>http://hl7.org/fhir/sid/icd-10</td><td>Malignant neoplasm of upper lobe, unspecified bronchus or lung</td><td/></tr><tr><td style="white-space:nowrap"><a name="http---hl7.org-fhir-sid-icd-10-C34.11"> </a>C34.11</td><td>http://hl7.org/fhir/sid/icd-10</td><td>Malignant neoplasm of upper lobe, right bronchus or lung</td><td/></tr><tr><td style="white-space:nowrap"><a name="http---hl7.org-fhir-sid-icd-10-C34.12"> </a>C34.12</td><td>http://hl7.org/fhir/sid/icd-10</td><td>Malignant neoplasm of upper lobe, left bronchus or lung</td><td/></tr><tr><td style="white-space:nowrap"><a name="http---hl7.org-fhir-sid-icd-10-C34.2"> </a>C34.2</td><td>http://hl7.org/fhir/sid/icd-10</td><td>Malignant neoplasm of middle lobe, bronchus or lung</td><td/></tr><tr><td style="white-space:nowrap"><a name="http---hl7.org-fhir-sid-icd-10-C34.30"> </a>C34.30</td><td>http://hl7.org/fhir/sid/icd-10</td><td>Malignant neoplasm of lower lobe, unspecified bronchus or lung</td><td/></tr><tr><td style="white-space:nowrap"><a name="http---hl7.org-fhir-sid-icd-10-C34.31"> </a>C34.31</td><td>http://hl7.org/fhir/sid/icd-10</td><td>Malignant neoplasm of lower lobe, right bronchus or lung</td><td/></tr><tr><td style="white-space:nowrap"><a name="http---hl7.org-fhir-sid-icd-10-C34.32"> </a>C34.32</td><td>http://hl7.org/fhir/sid/icd-10</td><td>Malignant neoplasm of lower lobe, left bronchus or lung</td><td/></tr><tr><td style="white-space:nowrap"><a name="http---hl7.org-fhir-sid-icd-10-C34.80"> </a>C34.80</td><td>http://hl7.org/fhir/sid/icd-10</td><td>Malignant neoplasm of overlapping sites of unspecified bronchus and lung</td><td/></tr><tr><td style="white-space:nowrap"><a name="http---hl7.org-fhir-sid-icd-10-C34.81"> </a>C34.81</td><td>http://hl7.org/fhir/sid/icd-10</td><td>Malignant neoplasm of overlapping sites of right bronchus and lung</td><td/></tr><tr><td style="white-space:nowrap"><a name="http---hl7.org-fhir-sid-icd-10-C34.82"> </a>C34.82</td><td>http://hl7.org/fhir/sid/icd-10</td><td>Malignant neoplasm of overlapping sites of left bronchus and lung</td><td/></tr><tr><td style="white-space:nowrap"><a name="http---hl7.org-fhir-sid-icd-10-C34.90"> </a>C34.90</td><td>http://hl7.org/fhir/sid/icd-10</td><td>Malignant neoplasm of unspecified part of unspecified bronchus or lung</td><td/></tr><tr><td style="white-space:nowrap"><a name="http---hl7.org-fhir-sid-icd-10-C34.91"> </a>C34.91</td><td>http://hl7.org/fhir/sid/icd-10</td><td>Malignant neoplasm of unspecified part of right bronchus or lung</td><td/></tr><tr><td style="white-space:nowrap"><a name="http---hl7.org-fhir-sid-icd-10-C34.92"> </a>C34.92</td><td>http://hl7.org/fhir/sid/icd-10</td><td>Malignant neoplasm of unspecified part of left bronchus or lung</td><td/></tr></table></div>
  </text>
  <extension url="http://hl7.org/fhir/uv/cpg/StructureDefinition/cpg-knowledgeCapability">
    <valueString value="executable"/>
  </extension>
  <extension url="http://hl7.org/fhir/uv/cpg/StructureDefinition/cpg-knowledgeRepresentationLevel">
    <valueString value="executable"/>
  </extension>
  <url value="http://cts.nlm.nih.gov/fhir/ValueSet/2.16.840.1.113762.1.4.1116.89"/>
  <version value="1.0.0"/>
  <name value="LungCancer"/>
  <title value="Lung Cancer"/>
  <status value="active"/>
  <date value="2021-09-03T16:48:06+00:00"/>
  <publisher value="U.S. Preventive Services Task Force (USPSTF)"/>
  <contact>
    <telecom>
      <system value="url"/>
      <value value="https://www.uspreventiveservicestaskforce.org/uspstf/"/>
    </telecom>
  </contact>
  <description value="This value set indicates the possible ICD9/ICD10 Lung Cancer codes."/>
  <jurisdiction>
    <coding>
      <system value="http://unstats.un.org/unsd/methods/m49/m49.htm"/>
      <code value="001"/>
    </coding>
  </jurisdiction>
  <compose>
    <include>
      <system value="http://hl7.org/fhir/sid/icd-9-cm"/>
      <version value="2013"/>
      <concept>
        <code value="162.2"/>
        <display value="Malignant neoplasm of main bronchus"/>
      </concept>
      <concept>
        <code value="162.3"/>
        <display value="Malignant neoplasm of upper lobe, bronchus or lung"/>
      </concept>
      <concept>
        <code value="162.4"/>
        <display value="Malignant neoplasm of middle lobe, bronchus or lung"/>
      </concept>
      <concept>
        <code value="162.5"/>
        <display value="Malignant neoplasm of lower lobe, bronchus or lung"/>
      </concept>
      <concept>
        <code value="162.8"/>
        <display value="Malignant neoplasm of other parts of bronchus or lung"/>
      </concept>
      <concept>
        <code value="162.9"/>
        <display value="Malignant neoplasm of bronchus and lung, unspecified"/>
      </concept>
    </include>
    <include>
      <system value="http://hl7.org/fhir/sid/icd-10"/>
      <version value="2020"/>
      <concept>
        <code value="C34.00"/>
        <display value="Malignant neoplasm of unspecified main bronchus"/>
      </concept>
      <concept>
        <code value="C34.01"/>
        <display value="Malignant neoplasm of right main bronchus"/>
      </concept>
      <concept>
        <code value="C34.02"/>
        <display value="Malignant neoplasm of left main bronchus"/>
      </concept>
      <concept>
        <code value="C34.10"/>
        <display value="Malignant neoplasm of upper lobe, unspecified bronchus or lung"/>
      </concept>
      <concept>
        <code value="C34.11"/>
        <display value="Malignant neoplasm of upper lobe, right bronchus or lung"/>
      </concept>
      <concept>
        <code value="C34.12"/>
        <display value="Malignant neoplasm of upper lobe, left bronchus or lung"/>
      </concept>
      <concept>
        <code value="C34.2"/>
        <display value="Malignant neoplasm of middle lobe, bronchus or lung"/>
      </concept>
      <concept>
        <code value="C34.30"/>
        <display value="Malignant neoplasm of lower lobe, unspecified bronchus or lung"/>
      </concept>
      <concept>
        <code value="C34.31"/>
        <display value="Malignant neoplasm of lower lobe, right bronchus or lung"/>
      </concept>
      <concept>
        <code value="C34.32"/>
        <display value="Malignant neoplasm of lower lobe, left bronchus or lung"/>
      </concept>
      <concept>
        <code value="C34.80"/>
        <display value="Malignant neoplasm of overlapping sites of unspecified bronchus and lung"/>
      </concept>
      <concept>
        <code value="C34.81"/>
        <display value="Malignant neoplasm of overlapping sites of right bronchus and lung"/>
      </concept>
      <concept>
        <code value="C34.82"/>
        <display value="Malignant neoplasm of overlapping sites of left bronchus and lung"/>
      </concept>
      <concept>
        <code value="C34.90"/>
        <display value="Malignant neoplasm of unspecified part of unspecified bronchus or lung"/>
      </concept>
      <concept>
        <code value="C34.91"/>
        <display value="Malignant neoplasm of unspecified part of right bronchus or lung"/>
      </concept>
      <concept>
        <code value="C34.92"/>
        <display value="Malignant neoplasm of unspecified part of left bronchus or lung"/>
      </concept>
    </include>
  </compose>
  <expansion>
    <timestamp value="2021-06-04T14:54:23-06:00"/>
    <contains>
      <system value="http://hl7.org/fhir/sid/icd-9-cm"/>
      <version value="2013"/>
      <code value="162.2"/>
      <display value="Malignant neoplasm of main bronchus"/>
    </contains>
    <contains>
      <system value="http://hl7.org/fhir/sid/icd-9-cm"/>
      <version value="2013"/>
      <code value="162.3"/>
      <display value="Malignant neoplasm of upper lobe, bronchus or lung"/>
    </contains>
    <contains>
      <system value="http://hl7.org/fhir/sid/icd-9-cm"/>
      <version value="2013"/>
      <code value="162.4"/>
      <display value="Malignant neoplasm of middle lobe, bronchus or lung"/>
    </contains>
    <contains>
      <system value="http://hl7.org/fhir/sid/icd-9-cm"/>
      <version value="2013"/>
      <code value="162.5"/>
      <display value="Malignant neoplasm of lower lobe, bronchus or lung"/>
    </contains>
    <contains>
      <system value="http://hl7.org/fhir/sid/icd-9-cm"/>
      <version value="2013"/>
      <code value="162.8"/>
      <display value="Malignant neoplasm of other parts of bronchus or lung"/>
    </contains>
    <contains>
      <system value="http://hl7.org/fhir/sid/icd-9-cm"/>
      <version value="2013"/>
      <code value="162.9"/>
      <display value="Malignant neoplasm of bronchus and lung, unspecified"/>
    </contains>
    <contains>
      <system value="http://hl7.org/fhir/sid/icd-10"/>
      <version value="2020"/>
      <code value="C34.00"/>
      <display value="Malignant neoplasm of unspecified main bronchus"/>
    </contains>
    <contains>
      <system value="http://hl7.org/fhir/sid/icd-10"/>
      <version value="2020"/>
      <code value="C34.01"/>
      <display value="Malignant neoplasm of right main bronchus"/>
    </contains>
    <contains>
      <system value="http://hl7.org/fhir/sid/icd-10"/>
      <version value="2020"/>
      <code value="C34.02"/>
      <display value="Malignant neoplasm of left main bronchus"/>
    </contains>
    <contains>
      <system value="http://hl7.org/fhir/sid/icd-10"/>
      <version value="2020"/>
      <code value="C34.10"/>
      <display value="Malignant neoplasm of upper lobe, unspecified bronchus or lung"/>
    </contains>
    <contains>
      <system value="http://hl7.org/fhir/sid/icd-10"/>
      <version value="2020"/>
      <code value="C34.11"/>
      <display value="Malignant neoplasm of upper lobe, right bronchus or lung"/>
    </contains>
    <contains>
      <system value="http://hl7.org/fhir/sid/icd-10"/>
      <version value="2020"/>
      <code value="C34.12"/>
      <display value="Malignant neoplasm of upper lobe, left bronchus or lung"/>
    </contains>
    <contains>
      <system value="http://hl7.org/fhir/sid/icd-10"/>
      <version value="2020"/>
      <code value="C34.2"/>
      <display value="Malignant neoplasm of middle lobe, bronchus or lung"/>
    </contains>
    <contains>
      <system value="http://hl7.org/fhir/sid/icd-10"/>
      <version value="2020"/>
      <code value="C34.30"/>
      <display value="Malignant neoplasm of lower lobe, unspecified bronchus or lung"/>
    </contains>
    <contains>
      <system value="http://hl7.org/fhir/sid/icd-10"/>
      <version value="2020"/>
      <code value="C34.31"/>
      <display value="Malignant neoplasm of lower lobe, right bronchus or lung"/>
    </contains>
    <contains>
      <system value="http://hl7.org/fhir/sid/icd-10"/>
      <version value="2020"/>
      <code value="C34.32"/>
      <display value="Malignant neoplasm of lower lobe, left bronchus or lung"/>
    </contains>
    <contains>
      <system value="http://hl7.org/fhir/sid/icd-10"/>
      <version value="2020"/>
      <code value="C34.80"/>
      <display value="Malignant neoplasm of overlapping sites of unspecified bronchus and lung"/>
    </contains>
    <contains>
      <system value="http://hl7.org/fhir/sid/icd-10"/>
      <version value="2020"/>
      <code value="C34.81"/>
      <display value="Malignant neoplasm of overlapping sites of right bronchus and lung"/>
    </contains>
    <contains>
      <system value="http://hl7.org/fhir/sid/icd-10"/>
      <version value="2020"/>
      <code value="C34.82"/>
      <display value="Malignant neoplasm of overlapping sites of left bronchus and lung"/>
    </contains>
    <contains>
      <system value="http://hl7.org/fhir/sid/icd-10"/>
      <version value="2020"/>
      <code value="C34.90"/>
      <display value="Malignant neoplasm of unspecified part of unspecified bronchus or lung"/>
    </contains>
    <contains>
      <system value="http://hl7.org/fhir/sid/icd-10"/>
      <version value="2020"/>
      <code value="C34.91"/>
      <display value="Malignant neoplasm of unspecified part of right bronchus or lung"/>
    </contains>
    <contains>
      <system value="http://hl7.org/fhir/sid/icd-10"/>
      <version value="2020"/>
      <code value="C34.92"/>
      <display value="Malignant neoplasm of unspecified part of left bronchus or lung"/>
    </contains>
  </expansion>
</ValueSet>