<?xml version="1.0" encoding="UTF-8"?>

<ValueSet xmlns="http://hl7.org/fhir">
  <id value="2.16.840.1.113883.3.464.1003.108.12.1039"/>
  <text>
    <status value="generated"/><div xmlns="http://www.w3.org/1999/xhtml"><p>This value set contains 2 concepts</p><p>All codes in this table are from the system <a href="http://terminology.hl7.org/2.1.0/CodeSystem-v3-loinc.html"><code>http://loinc.org</code></a></p><table class="codes"><tr><td style="white-space:nowrap"><b>Code</b></td><td><b>Display</b></td><td><b>Definition</b></td></tr><tr><td style="white-space:nowrap"><a name="http---loinc.org-77353-1"> </a><a href="http://details.loinc.org/LOINC/77353-1.html">77353-1</a></td><td>Noninvasive colorectal cancer DNA and occult blood screening [Interpretation] in Stool Narrative</td><td/></tr><tr><td style="white-space:nowrap"><a name="http---loinc.org-77354-9"> </a><a href="http://details.loinc.org/LOINC/77354-9.html">77354-9</a></td><td>Noninvasive colorectal cancer DNA and occult blood screening [Presence] in Stool</td><td/></tr></table></div>
  </text>
  <url value="http://cts.nlm.nih.gov/fhir/ValueSet/2.16.840.1.113883.3.464.1003.108.12.1039"/>
  <identifier>
    <system value="urn:ietf:rfc:3986"/>
    <value value="2.16.840.1.113883.3.464.1003.108.12.1039"/>
  </identifier>
  <version value="1.0.0"/>
  <name value="FITDNA"/>
  <title value="FIT DNA"/>
  <status value="active"/>
  <experimental value="false"/>
  <date value="2021-09-03T16:48:06+00:00"/>
  <publisher value="U.S. Preventive Services Task Force (USPSTF)"/>
  <contact>
    <telecom>
      <system value="url"/>
      <value value="https://www.uspreventiveservicestaskforce.org/uspstf/"/>
    </telecom>
  </contact>
  <jurisdiction>
    <coding>
      <system value="http://unstats.un.org/unsd/methods/m49/m49.htm"/>
      <code value="001"/>
    </coding>
  </jurisdiction>
  <expansion>
    <identifier value="20200507"/>
    <timestamp value="2021-01-14T20:59:46-07:00"/>
    <contains>
      <system value="http://loinc.org"/>
      <version value="2.67"/>
      <code value="77353-1"/>
      <display value="Noninvasive colorectal cancer DNA and occult blood screening [Interpretation] in Stool Narrative"/>
    </contains>
    <contains>
      <system value="http://loinc.org"/>
      <version value="2.67"/>
      <code value="77354-9"/>
      <display value="Noninvasive colorectal cancer DNA and occult blood screening [Presence] in Stool"/>
    </contains>
  </expansion>
</ValueSet>