<?xml version="1.0" encoding="UTF-8"?><Library xmlns="http://hl7.org/fhir"><id value="COVID19Concepts"/><meta><profile value="http://hl7.org/fhir/uv/cpg/StructureDefinition/cpg-shareablelibrary"/><profile value="http://hl7.org/fhir/uv/cpg/StructureDefinition/cpg-computablelibrary"/><profile value="http://hl7.org/fhir/uv/cpg/StructureDefinition/cpg-publishablelibrary"/><profile value="http://hl7.org/fhir/uv/cpg/StructureDefinition/cpg-executablelibrary"/></meta><extension url="http://hl7.org/fhir/uv/cpg/StructureDefinition/cpg-knowledgeCapability"><valueCode value="shareable"/></extension><extension url="http://hl7.org/fhir/uv/cpg/StructureDefinition/cpg-knowledgeCapability"><valueCode value="computable"/></extension><extension url="http://hl7.org/fhir/uv/cpg/StructureDefinition/cpg-knowledgeCapability"><valueCode value="publishable"/></extension><extension url="http://hl7.org/fhir/uv/cpg/StructureDefinition/cpg-knowledgeCapability"><valueCode value="executable"/></extension><extension url="http://hl7.org/fhir/uv/cpg/StructureDefinition/cpg-knowledgeRepresentationLevel"><valueCode value="structured"/></extension><url value="http://fhir.org/guides/acep/Library/COVID19Concepts"/><version value="0.1.0"/><name value="COVID19Concepts"/><title value="CQL Library - COVID-19 Shared Concepts and Terminology"/><status value="active"/><experimental value="true"/><type><coding><system value="http://terminology.hl7.org/CodeSystem/library-type"/><code value="logic-library"/></coding></type><date value="2021-03-26T02:16:01+00:00"/><publisher value="Veterans Health Administration (VHA)"/><contact><telecom><system value="url"/><value value="http://hl7.org/Special/committees/[something]"/></telecom></contact><description value="COVID-19 Shared Concepts and Terminology imported by other CQL logic libraries."/><jurisdiction><coding><system value="http://unstats.un.org/unsd/methods/m49/m49.htm"/><code value="001"/></coding></jurisdiction><relatedArtifact><type value="depends-on"/><resource value="http://loinc.org"/></relatedArtifact><relatedArtifact><type value="depends-on"/><resource value="http://snomed.info/sct"/></relatedArtifact><relatedArtifact><type value="depends-on"/><resource value="urn:oid:2.16.840.1.113883.6.238"/></relatedArtifact><relatedArtifact><type value="depends-on"/><resource value="http://fhir.org/guides/acep"/></relatedArtifact><relatedArtifact><type value="depends-on"/><resource value="http://cts.nlm.nih.gov/fhir/ValueSet/2.16.840.1.113883.3.2074.1.1.3"/></relatedArtifact><relatedArtifact><type value="depends-on"/><resource value="http://fhir.org/guides/acep/ValueSet/covid-19-condition-risk-cardiovascular"/></relatedArtifact><relatedArtifact><type value="depends-on"/><resource value="http://fhir.org/guides/acep/ValueSet/covid-19-condition-risk-respiratory"/></relatedArtifact><relatedArtifact><type value="depends-on"/><resource value="http://fhir.org/guides/acep/ValueSet/covid-19-condition-risk-diabetes"/></relatedArtifact><relatedArtifact><type value="depends-on"/><resource value="http://fhir.org/guides/acep/ValueSet/covid-19-condition-risk-downs-syndrome"/></relatedArtifact><relatedArtifact><type value="depends-on"/><resource value="http://fhir.org/guides/acep/ValueSet/covid-19-condition-risk-hypertension"/></relatedArtifact><relatedArtifact><type value="depends-on"/><resource value="http://fhir.org/guides/acep/ValueSet/covid-19-condition-risk-malignancy"/></relatedArtifact><relatedArtifact><type value="depends-on"/><resource value="http://fhir.org/guides/acep/ValueSet/covid-19-condition-risk-obstructive-sleep-apnea"/></relatedArtifact><relatedArtifact><type value="depends-on"/><resource value="http://fhir.org/guides/acep/ValueSet/covid-19-condition-risk-renal"/></relatedArtifact><relatedArtifact><type value="depends-on"/><resource value="http://fhir.org/guides/acep/ValueSet/covid-19-obs-alertness"/></relatedArtifact><relatedArtifact><type value="depends-on"/><resource value="http://fhir.org/guides/acep/ValueSet/who-performance-status"/></relatedArtifact><relatedArtifact><type value="depends-on"/><resource value="http://fhir.org/guides/acep/ValueSet/covid-19-lab-alt"/></relatedArtifact><relatedArtifact><type value="depends-on"/><resource value="http://fhir.org/guides/acep/ValueSet/covid-19-lab-ast"/></relatedArtifact><relatedArtifact><type value="depends-on"/><resource value="http://fhir.org/guides/acep/ValueSet/covid-19-lab-crp"/></relatedArtifact><relatedArtifact><type value="depends-on"/><resource value="http://fhir.org/guides/acep/ValueSet/covid-19-lab-creatinine"/></relatedArtifact><relatedArtifact><type value="depends-on"/><resource value="http://fhir.org/guides/acep/ValueSet/covid-19-lab-ddimer"/></relatedArtifact><relatedArtifact><type value="depends-on"/><resource value="http://fhir.org/guides/acep/ValueSet/covid-19-lab-ferritin"/></relatedArtifact><relatedArtifact><type value="depends-on"/><resource value="http://fhir.org/guides/acep/ValueSet/covid-19-lab-ldh"/></relatedArtifact><relatedArtifact><type value="depends-on"/><resource value="http://fhir.org/guides/acep/ValueSet/covid-19-lab-leukocyte"/></relatedArtifact><relatedArtifact><type value="depends-on"/><resource value="http://fhir.org/guides/acep/ValueSet/covid-19-lab-lymphocytes"/></relatedArtifact><relatedArtifact><type value="depends-on"/><resource value="http://fhir.org/guides/acep/ValueSet/covid-19-lab-neutrophils"/></relatedArtifact><relatedArtifact><type value="depends-on"/><resource value="http://fhir.org/guides/acep/ValueSet/covid-19-lab-pao2fio2"/></relatedArtifact><relatedArtifact><type value="depends-on"/><resource value="http://fhir.org/guides/acep/ValueSet/covid-19-lab-platelets"/></relatedArtifact><relatedArtifact><type value="depends-on"/><resource value="http://fhir.org/guides/acep/ValueSet/covid-19-lab-troponin"/></relatedArtifact><relatedArtifact><type value="depends-on"/><resource value="http://cts.nlm.nih.gov/fhir/ValueSet/2.16.840.1.113883.3.3616.200.110.102.3091"/></relatedArtifact><relatedArtifact><type value="depends-on"/><resource value="http://cts.nlm.nih.gov/fhir/ValueSet/2.16.840.1.113883.3.3616.200.110.102.6203"/></relatedArtifact><content><contentType value="text/cql"/><data/></content><content><contentType value="application/elm+xml"/><data/></content><content><contentType value="application/elm+json"/><data/></content></Library>