<?xml version="1.0" encoding="UTF-8"?><Library xmlns="http://hl7.org/fhir"><id value="COVID19EmergencyDeptAssessment"/><meta><profile value="http://hl7.org/fhir/uv/cpg/StructureDefinition/cpg-shareablelibrary"/><profile value="http://hl7.org/fhir/uv/cpg/StructureDefinition/cpg-computablelibrary"/><profile value="http://hl7.org/fhir/uv/cpg/StructureDefinition/cpg-publishablelibrary"/><profile value="http://hl7.org/fhir/uv/cpg/StructureDefinition/cpg-executablelibrary"/></meta><extension url="http://hl7.org/fhir/uv/cpg/StructureDefinition/cpg-knowledgeCapability"><valueCode value="shareable"/></extension><extension url="http://hl7.org/fhir/uv/cpg/StructureDefinition/cpg-knowledgeCapability"><valueCode value="computable"/></extension><extension url="http://hl7.org/fhir/uv/cpg/StructureDefinition/cpg-knowledgeCapability"><valueCode value="publishable"/></extension><extension url="http://hl7.org/fhir/uv/cpg/StructureDefinition/cpg-knowledgeCapability"><valueCode value="executable"/></extension><extension url="http://hl7.org/fhir/uv/cpg/StructureDefinition/cpg-knowledgeRepresentationLevel"><valueCode value="structured"/></extension><url value="http://fhir.org/guides/acep/Library/COVID19EmergencyDeptAssessment"/><version value="0.1.0"/><name value="COVID19EmergencyDeptAssessment"/><title value="CQL Library - ACEP Emergency Department COVID-19 Management Tool Logic"/><status value="active"/><experimental value="true"/><type><coding><system value="http://terminology.hl7.org/CodeSystem/library-type"/><code value="logic-library"/></coding></type><date value="2021-05-26T16:23:56+00:00"/><publisher value="Veterans Health Administration (VHA)"/><contact><telecom><system value="url"/><value value="http://hl7.org/Special/committees/[something]"/></telecom></contact><description value="This library contains logic to support the ACEP Emergency Department COVID-19 Management Tool guideline, including caclculation of the risk score and severity."/><useContext><code><system value="http://terminology.hl7.org/CodeSystem/usage-context-type"/><code value="focus"/><display value="Clinical Focus"/></code><valueCodeableConcept><coding><system value="http://snomed.info/sct"/><code value="840539006"/><display value="Disease caused by Severe acute respiratory syndrome coronavirus 2 (disorder)"/></coding></valueCodeableConcept></useContext><jurisdiction><coding><system value="http://unstats.un.org/unsd/methods/m49/m49.htm"/><code value="001"/></coding></jurisdiction><relatedArtifact><type value="depends-on"/><resource value="http://hl7.org/fhir/Library/FHIR-ModelInfo|4.0.1"/></relatedArtifact><relatedArtifact><type value="depends-on"/><resource value="http://fhir.org/guides/acep/Library/COVID19Concepts|1.0.0"/></relatedArtifact><relatedArtifact><type value="depends-on"/><resource value="http://fhir.org/guides/acep/Library/CDSConnectCommons|1.0.3"/></relatedArtifact><relatedArtifact><type value="depends-on"/><resource value="http://hl7.org/fhir/Library/FHIRHelpers|4.0.1"/></relatedArtifact><parameter><name value="VitalSignsLookbackPeriod"/><use value="in"/><min value="0"/><max value="1"/><type value="Quantity"/></parameter><parameter><name value="LabResultsLookbackPeriod"/><use value="in"/><min value="0"/><max value="1"/><type value="Quantity"/></parameter><parameter><name value="IgnoreFallbackResourceValues"/><use value="in"/><min value="0"/><max value="1"/><type value="boolean"/></parameter><parameter><name value="ClinicalAssessmentsProposed"/><use value="in"/><min value="0"/><max value="1"/><type value="Any"/></parameter><parameter><name value="ClinicalAssessments"/><use value="in"/><min value="0"/><max value="1"/><type value="Any"/></parameter><parameter><name value="RiskFactors"/><use value="in"/><min value="0"/><max value="1"/><type value="Any"/></parameter><parameter><name value="PatientData"/><use value="in"/><min value="0"/><max value="1"/><type value="Any"/></parameter><parameter><name value="Patient"/><use value="out"/><min value="0"/><max value="1"/><type value="Patient"/></parameter><parameter><name value="Patient Age"/><use value="out"/><min value="0"/><max value="1"/><type value="integer"/></parameter><parameter><name value="Patient Birth Sex"/><use value="out"/><min value="0"/><max value="1"/><type value="Any"/></parameter><parameter><name value="Patient Race"/><use value="out"/><min value="0"/><max value="*"/><type value="Coding"/></parameter><parameter><name value="Patient Race Text"/><use value="out"/><min value="0"/><max value="1"/><type value="string"/></parameter><parameter><name value="Heart Rate Observations"/><use value="out"/><min value="0"/><max value="*"/><type value="Observation"/></parameter><parameter><name value="Last Heart Rate"/><use value="out"/><min value="0"/><max value="1"/><type value="Observation"/></parameter><parameter><name value="Last Heart Rate value"/><use value="out"/><min value="0"/><max value="1"/><type value="decimal"/></parameter><parameter><name value="LastHeartRateValueProposed"/><use value="out"/><min value="0"/><max value="1"/><type value="decimal"/></parameter><parameter><name value="Blood Pressure Observation Components"/><use value="out"/><min value="0"/><max value="*"/><type value="Any"/></parameter><parameter><name value="Systolic Blood Pressure Observations"/><use value="out"/><min value="0"/><max value="*"/><type value="Any"/></parameter><parameter><name value="Blood Pressure Observations"/><use value="out"/><min value="0"/><max value="*"/><type value="Any"/></parameter><parameter><name value="Last SBP"/><use value="out"/><min value="0"/><max value="1"/><type value="Any"/></parameter><parameter><name value="Last SBP value"/><use value="out"/><min value="0"/><max value="1"/><type value="decimal"/></parameter><parameter><name value="O2 Saturation Observations"/><use value="out"/><min value="0"/><max value="*"/><type value="Observation"/></parameter><parameter><name value="Last O2 Saturation value"/><use value="out"/><min value="0"/><max value="1"/><type value="decimal"/></parameter><parameter><name value="Last O2 Saturation percent"/><use value="out"/><min value="0"/><max value="1"/><type value="decimal"/></parameter><parameter><name value="Inhaled Oxygen Flow Rate Observations"/><use value="out"/><min value="0"/><max value="*"/><type value="Observation"/></parameter><parameter><name value="Last Inhaled Oxygen Flow Rate"/><use value="out"/><min value="0"/><max value="1"/><type value="Observation"/></parameter><parameter><name value="Has Supplemental Oxygen"/><use value="out"/><min value="0"/><max value="1"/><type value="boolean"/></parameter><parameter><name value="Respiratory Rate Observations"/><use value="out"/><min value="0"/><max value="*"/><type value="Observation"/></parameter><parameter><name value="Last Respiratory Rate"/><use value="out"/><min value="0"/><max value="1"/><type value="Observation"/></parameter><parameter><name value="Last Respiratory Rate value"/><use value="out"/><min value="0"/><max value="1"/><type value="decimal"/></parameter><parameter><name value="Body Temperature Observations"/><use value="out"/><min value="0"/><max value="*"/><type value="Observation"/></parameter><parameter><name value="Last Body Temperature"/><use value="out"/><min value="0"/><max value="1"/><type value="Observation"/></parameter><parameter><name value="Last Body Temperature value in C"/><use value="out"/><min value="0"/><max value="1"/><type value="decimal"/></parameter><parameter><name value="Last Body Temperature value in F"/><use value="out"/><min value="0"/><max value="1"/><type value="decimal"/></parameter><parameter><name value="Last Body Weight value"/><use value="out"/><min value="0"/><max value="1"/><type value="decimal"/></parameter><parameter><name value="Last Body Height value"/><use value="out"/><min value="0"/><max value="1"/><type value="decimal"/></parameter><parameter><name value="Last BMI"/><use value="out"/><min value="0"/><max value="1"/><type value="Quantity"/></parameter><parameter><name value="Last Glasgow Coma Scale score"/><use value="out"/><min value="0"/><max value="1"/><type value="Any"/></parameter><parameter><name value="Alertness Assessment Code"/><use value="out"/><min value="0"/><max value="1"/><type value="string"/></parameter><parameter><name value="Performance Status Code"/><use value="out"/><min value="0"/><max value="1"/><type value="string"/></parameter><parameter><name value="Is Critical Severity"/><use value="out"/><min value="0"/><max value="1"/><type value="boolean"/></parameter><parameter><name value="Last PaO2FiO2 Ratio Lab Result"/><use value="out"/><min value="0"/><max value="1"/><type value="Observation"/></parameter><parameter><name value="Last PaO2FiO2 Ratio Lab Result value"/><use value="out"/><min value="0"/><max value="1"/><type value="decimal"/></parameter><parameter><name value="Is Severe Severity"/><use value="out"/><min value="0"/><max value="1"/><type value="boolean"/></parameter><parameter><name value="Is Moderate Severity"/><use value="out"/><min value="0"/><max value="1"/><type value="boolean"/></parameter><parameter><name value="Is Mild Severity"/><use value="out"/><min value="0"/><max value="1"/><type value="boolean"/></parameter><parameter><name value="Severity Classification"/><use value="out"/><min value="0"/><max value="1"/><type value="string"/></parameter><parameter><name value="Respiratory Rate Risk Score"/><use value="out"/><min value="0"/><max value="1"/><type value="integer"/></parameter><parameter><name value="O2 Saturation Risk Score"/><use value="out"/><min value="0"/><max value="1"/><type value="integer"/></parameter><parameter><name value="Heart Rate Risk Score"/><use value="out"/><min value="0"/><max value="1"/><type value="integer"/></parameter><parameter><name value="Systolic BP Risk Score"/><use value="out"/><min value="0"/><max value="1"/><type value="integer"/></parameter><parameter><name value="Temperature Risk Score"/><use value="out"/><min value="0"/><max value="1"/><type value="integer"/></parameter><parameter><name value="Alertness Score"/><use value="out"/><min value="0"/><max value="1"/><type value="integer"/></parameter><parameter><name value="Inspired Oxygen Score"/><use value="out"/><min value="0"/><max value="1"/><type value="integer"/></parameter><parameter><name value="Sex Risk Score"/><use value="out"/><min value="0"/><max value="1"/><type value="integer"/></parameter><parameter><name value="Age Risk Score"/><use value="out"/><min value="0"/><max value="1"/><type value="integer"/></parameter><parameter><name value="Performance Status Score"/><use value="out"/><min value="0"/><max value="1"/><type value="integer"/></parameter><parameter><name value="Risk Score Components"/><use value="out"/><min value="0"/><max value="*"/><type value="integer"/></parameter><parameter><name value="Total Risk Score"/><use value="out"/><min value="0"/><max value="1"/><type value="integer"/></parameter><parameter><name value="Risk Percent"/><use value="out"/><min value="0"/><max value="1"/><type value="integer"/></parameter><parameter><name value="All Active Conditions"/><use value="out"/><min value="0"/><max value="*"/><type value="Condition"/></parameter><parameter><name value="Has Cancer Risk Factor"/><use value="out"/><min value="0"/><max value="1"/><type value="boolean"/></parameter><parameter><name value="Has Cardiovascular Disease Risk Factor"/><use value="out"/><min value="0"/><max value="1"/><type value="boolean"/></parameter><parameter><name value="Has Chronic Respiratory Disease Risk Factor"/><use value="out"/><min value="0"/><max value="1"/><type value="boolean"/></parameter><parameter><name value="Has Diabetes Type 2 Risk Factor"/><use value="out"/><min value="0"/><max value="1"/><type value="boolean"/></parameter><parameter><name value="Has Downs Syndrome Risk Factor"/><use value="out"/><min value="0"/><max value="1"/><type value="boolean"/></parameter><parameter><name value="Has Hypertension Risk Factor"/><use value="out"/><min value="0"/><max value="1"/><type value="boolean"/></parameter><parameter><name value="Has Immunosuppression Risk Factor"/><use value="out"/><min value="0"/><max value="1"/><type value="boolean"/></parameter><parameter><name value="Has Neurologic Disease Risk Factor"/><use value="out"/><min value="0"/><max value="1"/><type value="boolean"/></parameter><parameter><name value="Has Obstructive Sleep Apnea Risk Factor"/><use value="out"/><min value="0"/><max value="1"/><type value="boolean"/></parameter><parameter><name value="Has Obesity Risk Factor"/><use value="out"/><min value="0"/><max value="1"/><type value="boolean"/></parameter><parameter><name value="Has Pregnancy Risk Factor"/><use value="out"/><min value="0"/><max value="1"/><type value="boolean"/></parameter><parameter><name value="Has Renal Disease Risk Factor"/><use value="out"/><min value="0"/><max value="1"/><type value="boolean"/></parameter><parameter><name value="Has Steroid Usage Risk Factor"/><use value="out"/><min value="0"/><max value="1"/><type value="boolean"/></parameter><parameter><name value="Risk Factor Components"/><use value="out"/><min value="0"/><max value="*"/><type value="boolean"/></parameter><parameter><name value="Risk Factors count"/><use value="out"/><min value="0"/><max value="1"/><type value="integer"/></parameter><parameter><name value="Last ALT Lab Result"/><use value="out"/><min value="0"/><max value="1"/><type value="Observation"/></parameter><parameter><name value="Last AST Lab Result"/><use value="out"/><min value="0"/><max value="1"/><type value="Observation"/></parameter><parameter><name value="Last CRP Lab Result"/><use value="out"/><min value="0"/><max value="1"/><type value="Observation"/></parameter><parameter><name value="Last Creatinine Lab Result"/><use value="out"/><min value="0"/><max value="1"/><type value="Observation"/></parameter><parameter><name value="Last D-dimer Lab Result"/><use value="out"/><min value="0"/><max value="1"/><type value="Observation"/></parameter><parameter><name value="Last Neutrophils Lab Result"/><use value="out"/><min value="0"/><max value="1"/><type value="Observation"/></parameter><parameter><name value="Last Leukocyte Lab Result"/><use value="out"/><min value="0"/><max value="1"/><type value="Observation"/></parameter><parameter><name value="Last Ferritin Lab Result"/><use value="out"/><min value="0"/><max value="1"/><type value="Observation"/></parameter><parameter><name value="Last Lymphocytes Lab Result"/><use value="out"/><min value="0"/><max value="1"/><type value="Observation"/></parameter><parameter><name value="Last Platelets Lab Result"/><use value="out"/><min value="0"/><max value="1"/><type value="Observation"/></parameter><parameter><name value="Last LDH Lab Result"/><use value="out"/><min value="0"/><max value="1"/><type value="Observation"/></parameter><parameter><name value="Last Troponin Lab Result"/><use value="out"/><min value="0"/><max value="1"/><type value="Observation"/></parameter><content><contentType value="text/cql"/><data/></content><content><contentType value="application/elm+xml"/><data/></content><content><contentType value="application/elm+json"/><data/></content></Library>