<?xml version="1.0" encoding="UTF-8"?><Library xmlns="http://hl7.org/fhir"><id value="COVID19EmergencyDeptHooks"/><meta><profile value="http://hl7.org/fhir/uv/cpg/StructureDefinition/cpg-executablelibrary"/></meta><extension url="http://hl7.org/fhir/uv/cpg/StructureDefinition/cpg-knowledgeCapability"><valueCode value="executable"/></extension><extension url="http://hl7.org/fhir/uv/cpg/StructureDefinition/cpg-knowledgeRepresentationLevel"><valueCode value="structured"/></extension><url value="http://fhir.org/guides/acep/Library/COVID19EmergencyDeptHooks"/><version value="0.1.0"/><name value="COVID19EmergencyDeptHooks"/><title value="CQL Library - CDS Hooks for ACEP Emergency Department COVID-19 Management Tool Logic"/><status value="active"/><experimental value="true"/><type><coding><system value="http://terminology.hl7.org/CodeSystem/library-type"/><code value="logic-library"/></coding></type><date value="2021-05-11T00:07:57+00:00"/><publisher value="Veterans Health Administration (VHA)"/><contact><telecom><system value="url"/><value value="http://hl7.org/Special/committees/[something]"/></telecom></contact><description value="This library contains logic to support CDS Hooks for the ACEP Emergency Department COVID-19 Management Tool guideline."/><useContext><code><system value="http://terminology.hl7.org/CodeSystem/usage-context-type"/><code value="focus"/><display value="Clinical Focus"/></code><valueCodeableConcept><coding><system value="http://snomed.info/sct"/><code value="840539006"/><display value="Disease caused by Severe acute respiratory syndrome coronavirus 2 (disorder)"/></coding></valueCodeableConcept></useContext><jurisdiction><coding><system value="http://unstats.un.org/unsd/methods/m49/m49.htm"/><code value="001"/></coding></jurisdiction><relatedArtifact><type value="depends-on"/><resource value="http://hl7.org/fhir/Library/FHIR-ModelInfo|4.0.1"/></relatedArtifact><relatedArtifact><type value="depends-on"/><resource value="http://fhir.org/guides/acep/Library/COVID19EmergencyDeptSummary|1.0.0"/></relatedArtifact><parameter><name value="Patient"/><use value="out"/><min value="0"/><max value="1"/><type value="Patient"/></parameter><parameter><name value="Has Severity Classification"/><use value="out"/><min value="0"/><max value="1"/><type value="boolean"/></parameter><parameter><name value="Get Severity Card Summary"/><use value="out"/><min value="0"/><max value="1"/><type value="string"/></parameter><parameter><name value="Get Severity Card Detail"/><use value="out"/><min value="0"/><max value="1"/><type value="string"/></parameter><parameter><name value="Get Severity Card Indicator"/><use value="out"/><min value="0"/><max value="1"/><type value="string"/></parameter><content><contentType value="text/cql"/><data/></content><content><contentType value="application/elm+xml"/><data/></content><content><contentType value="application/elm+json"/><data/></content></Library>