<?xml version="1.0" encoding="UTF-8"?><Library xmlns="http://hl7.org/fhir"><id value="COVID19EmergencyDeptSummary"/><meta><profile value="http://hl7.org/fhir/uv/cpg/StructureDefinition/cpg-shareablelibrary"/><profile value="http://hl7.org/fhir/uv/cpg/StructureDefinition/cpg-computablelibrary"/><profile value="http://hl7.org/fhir/uv/cpg/StructureDefinition/cpg-publishablelibrary"/><profile value="http://hl7.org/fhir/uv/cpg/StructureDefinition/cpg-executablelibrary"/></meta><extension url="http://hl7.org/fhir/uv/cpg/StructureDefinition/cpg-knowledgeCapability"><valueCode value="shareable"/></extension><extension url="http://hl7.org/fhir/uv/cpg/StructureDefinition/cpg-knowledgeCapability"><valueCode value="computable"/></extension><extension url="http://hl7.org/fhir/uv/cpg/StructureDefinition/cpg-knowledgeCapability"><valueCode value="publishable"/></extension><extension url="http://hl7.org/fhir/uv/cpg/StructureDefinition/cpg-knowledgeCapability"><valueCode value="executable"/></extension><extension url="http://hl7.org/fhir/uv/cpg/StructureDefinition/cpg-knowledgeRepresentationLevel"><valueCode value="structured"/></extension><url value="http://fhir.org/guides/acep/Library/COVID19EmergencyDeptSummary"/><version value="0.1.0"/><name value="COVID19EmergencyDeptSummary"/><title value="CQL Library - Summary of results for the ACEP Emergency Department COVID-19 Management Tool"/><status value="active"/><experimental value="true"/><type><coding><system value="http://terminology.hl7.org/CodeSystem/library-type"/><code value="logic-library"/></coding></type><date value="2021-04-23T17:47:53+00:00"/><publisher value="Veterans Health Administration (VHA)"/><contact><telecom><system value="url"/><value value="http://hl7.org/Special/committees/[something]"/></telecom></contact><description value="This library contains logic to support the ACEP Emergency Department COVID-19 Management Tool guideline, summarizing clinical assessment, risk factores, diagnostic tests, and risk scores."/><useContext><code><system value="http://terminology.hl7.org/CodeSystem/usage-context-type"/><code value="focus"/><display value="Clinical Focus"/></code><valueCodeableConcept><coding><system value="http://snomed.info/sct"/><code value="840539006"/><display value="Disease caused by Severe acute respiratory syndrome coronavirus 2 (disorder)"/></coding></valueCodeableConcept></useContext><jurisdiction><coding><system value="http://unstats.un.org/unsd/methods/m49/m49.htm"/><code value="001"/></coding></jurisdiction><relatedArtifact><type value="depends-on"/><resource value="http://hl7.org/fhir/Library/FHIR-ModelInfo|4.0.1"/></relatedArtifact><relatedArtifact><type value="depends-on"/><resource value="http://fhir.org/guides/acep/Library/COVID19EmergencyDeptAssessment|1.0.0"/></relatedArtifact><relatedArtifact><type value="depends-on"/><resource value="http://fhir.org/guides/acep/Library/CDSConnectCommons|1.0.3"/></relatedArtifact><relatedArtifact><type value="depends-on"/><resource value="http://hl7.org/fhir/Library/FHIRHelpers|4.0.1"/></relatedArtifact><parameter><name value="Patient"/><use value="out"/><min value="0"/><max value="1"/><type value="Patient"/></parameter><parameter><name value="PatientName"/><use value="out"/><min value="0"/><max value="1"/><type value="string"/></parameter><parameter><name value="PatientSummary"/><use value="out"/><min value="0"/><max value="1"/><type value="Any"/></parameter><parameter><name value="DiagnosticSummary"/><use value="out"/><min value="0"/><max value="1"/><type value="Any"/></parameter><parameter><name value="LabResultList"/><use value="out"/><min value="0"/><max value="*"/><type value="Any"/></parameter><parameter><name value="ConcerningLabCount"/><use value="out"/><min value="0"/><max value="1"/><type value="decimal"/></parameter><parameter><name value="ConcerningImagingCount"/><use value="out"/><min value="0"/><max value="1"/><type value="integer"/></parameter><parameter><name value="DiagnosticInterpretation"/><use value="out"/><min value="0"/><max value="1"/><type value="decimal"/></parameter><parameter><name value="RiskSummary"/><use value="out"/><min value="0"/><max value="1"/><type value="Any"/></parameter><parameter><name value="SmartPhrases"/><use value="out"/><min value="0"/><max value="1"/><type value="Any"/></parameter><parameter><name value="LabResultCount"/><use value="out"/><min value="0"/><max value="1"/><type value="decimal"/></parameter><parameter><name value="ImagingResultList"/><use value="out"/><min value="0"/><max value="*"/><type value="boolean"/></parameter><parameter><name value="ImagingResultCount"/><use value="out"/><min value="0"/><max value="1"/><type value="integer"/></parameter><parameter><name value="Recommend Obtain Diagnostics"/><use value="out"/><min value="0"/><max value="1"/><type value="boolean"/></parameter><parameter><name value="ConcerningLabsOrImaging"/><use value="out"/><min value="0"/><max value="1"/><type value="boolean"/></parameter><parameter><name value="Recommend Discharge Home"/><use value="out"/><min value="0"/><max value="1"/><type value="boolean"/></parameter><parameter><name value="Recommend Consider Admission"/><use value="out"/><min value="0"/><max value="1"/><type value="boolean"/></parameter><parameter><name value="Recommend Consider Discharging Home"/><use value="out"/><min value="0"/><max value="1"/><type value="boolean"/></parameter><parameter><name value="Recommend Severe Admission"/><use value="out"/><min value="0"/><max value="1"/><type value="boolean"/></parameter><parameter><name value="Recommend Critical Admission"/><use value="out"/><min value="0"/><max value="1"/><type value="boolean"/></parameter><parameter><name value="DispositionSummary"/><use value="out"/><min value="0"/><max value="1"/><type value="Any"/></parameter><parameter><name value="HasAdmissionOrDischargeRecommendation"/><use value="out"/><min value="0"/><max value="1"/><type value="boolean"/></parameter><parameter><name value="Recommend Non-Pharmacologic Treatment"/><use value="out"/><min value="0"/><max value="1"/><type value="string"/></parameter><parameter><name value="Recommend Antibodies Treatment"/><use value="out"/><min value="0"/><max value="1"/><type value="string"/></parameter><parameter><name value="Recommend Anticoagulation Treatment"/><use value="out"/><min value="0"/><max value="1"/><type value="string"/></parameter><parameter><name value="Recommend Remdesivir Treatment"/><use value="out"/><min value="0"/><max value="1"/><type value="string"/></parameter><parameter><name value="Recommend Steroids Treatment"/><use value="out"/><min value="0"/><max value="1"/><type value="string"/></parameter><parameter><name value="Recommend SteroidsAndOrRemdesivir Treatment"/><use value="out"/><min value="0"/><max value="1"/><type value="string"/></parameter><parameter><name value="TreatmentSummary"/><use value="out"/><min value="0"/><max value="1"/><type value="Any"/></parameter><parameter><name value="AssessmentSummary"/><use value="out"/><min value="0"/><max value="1"/><type value="Any"/></parameter><parameter><name value="RiskFactorSummary"/><use value="out"/><min value="0"/><max value="1"/><type value="Any"/></parameter><content><contentType value="text/cql"/><data/></content><content><contentType value="application/elm+xml"/><data/></content><content><contentType value="application/elm+json"/><data/></content></Library>