<?xml version="1.0" encoding="UTF-8"?><Library xmlns="http://hl7.org/fhir"><id value="FHIRHelpers-4.0.1"/><meta><profile value="http://hl7.org/fhir/uv/cpg/StructureDefinition/cpg-shareablelibrary"/><profile value="http://hl7.org/fhir/uv/cpg/StructureDefinition/cpg-computablelibrary"/><profile value="http://hl7.org/fhir/uv/cpg/StructureDefinition/cpg-publishablelibrary"/><profile value="http://hl7.org/fhir/uv/cpg/StructureDefinition/cpg-executablelibrary"/></meta><extension url="http://hl7.org/fhir/uv/cpg/StructureDefinition/cpg-knowledgeCapability"><valueCode value="shareable"/></extension><extension url="http://hl7.org/fhir/uv/cpg/StructureDefinition/cpg-knowledgeCapability"><valueCode value="computable"/></extension><extension url="http://hl7.org/fhir/uv/cpg/StructureDefinition/cpg-knowledgeCapability"><valueCode value="publishable"/></extension><extension url="http://hl7.org/fhir/uv/cpg/StructureDefinition/cpg-knowledgeCapability"><valueCode value="executable"/></extension><extension url="http://hl7.org/fhir/uv/cpg/StructureDefinition/cpg-knowledgeRepresentationLevel"><valueCode value="structured"/></extension><url value="http://fhir.org/guides/acep/Library/FHIRHelpers-4.0.1"/><version value="0.1.0"/><name value="FHIRHelpers"/><title value="CQL Library - FHIR Helpers for CDS"/><status value="active"/><experimental value="false"/><type><coding><system value="http://terminology.hl7.org/CodeSystem/library-type"/><code value="logic-library"/></coding></type><date value="2021-04-15T00:23:21+00:00"/><publisher value="Veterans Health Administration (VHA)"/><contact><telecom><system value="url"/><value value="http://hl7.org/Special/committees/[something]"/></telecom></contact><description value="CQL Library - FHIR Helpers for CDS"/><jurisdiction><coding><system value="http://unstats.un.org/unsd/methods/m49/m49.htm"/><code value="001"/></coding></jurisdiction><relatedArtifact><type value="depends-on"/><resource value="http://hl7.org/fhir/Library/FHIR-ModelInfo|4.0.1"/></relatedArtifact><content><contentType value="text/cql"/><data/></content><content><contentType value="application/elm+xml"/><data/></content><content><contentType value="application/elm+json"/><data/></content></Library>