<?xml version="1.0" encoding="UTF-8"?><PlanDefinition xmlns="http://hl7.org/fhir"><id value="COVID-19-ED-Severity"/><meta><profile value="http://hl7.org/fhir/uv/cpg/StructureDefinition/cpg-recommendationdefinition"/></meta><extension url="http://hl7.org/fhir/uv/cpg/StructureDefinition/cpg-knowledgeCapability"><valueCode value="shareable"/></extension><extension url="http://hl7.org/fhir/uv/cpg/StructureDefinition/cpg-knowledgeCapability"><valueCode value="computable"/></extension><extension url="http://hl7.org/fhir/uv/cpg/StructureDefinition/cpg-knowledgeCapability"><valueCode value="publishable"/></extension><url value="http://fhir.org/guides/acep/PlanDefinition/COVID-19-ED-Severity"/><identifier><use value="official"/><value value="PlanDefinition_COVID_19_ED_Severity"/></identifier><version value="0.1.0"/><name value="COVID_19_ED_Severity"/><title value="PlanDefinition - ACEP COVID-19 ED Severity Classification and Disposition"/><type><coding><system value="http://terminology.hl7.org/CodeSystem/plan-definition-type"/><code value="eca-rule"/><display value="ECA Rule"/></coding></type><status value="draft"/><experimental value="true"/><date value="2021-01-26"/><publisher value="Veterans Health Administration (VHA)"/><contact><telecom><system value="url"/><value value="http://hl7.org/Special/committees/[something]"/></telecom></contact><description value="CDS Hook definitions for ACEP COVID-19 ED Severity Classification and Disposition"/><jurisdiction><coding><system value="http://unstats.un.org/unsd/methods/m49/m49.htm"/><code value="001"/></coding></jurisdiction><copyright value="&#xA9; Veterans Health Administration 2020+."/><library value="http://fhir.org/guides/acep/Library/COVID-19-ED-Severity-Hooks"/><action><title value="COVID-19 ED Severity Classification and Disposition"/><description value="For adults presenting to the Emergency Department (ED) with possible or confirmed COVID-19, provide a Clinical Practice Guideline and decision support tool that helps classify patient disease severity and give guidance on appropriate disposition. This tool will be accessible by emergency physicians in a workflow-friendly manner to assist in management of their patients."/><documentation><type value="documentation"/><display value="ACEP COVID-19 ED Severity Classification and Disposition"/><url value="https://www.acep.org/globalassets/sites/acep/media/covid-19-main/acep_evidencecare_covid19severitytool.pdf"/></documentation><trigger><type value="named-event"/><name value="patient-view"/></trigger><condition><kind value="applicability"/><expression><language value="text/cql.identifier"/><expression value="Has Severity Classification"/></expression></condition><dynamicValue><path value="action.description"/><expression><language value="text/cql.identifier"/><expression value="Get Severity Card Detail"/></expression></dynamicValue><dynamicValue><path value="action.title"/><expression><language value="text/cql.identifier"/><expression value="Get Severity Card Summary"/></expression></dynamicValue><dynamicValue><path value="action.extension"/><expression><language value="text/cql.identifier"/><expression value="Get Severity Card Indicator"/></expression></dynamicValue></action></PlanDefinition>