<?xml version="1.0" encoding="UTF-8"?><ValueSet xmlns="http://hl7.org/fhir"><id value="covid-19-condition-risk-obstructive-sleep-apnea"/><language value="en"/><text><status value="generated"/><div xmlns="http://www.w3.org/1999/xhtml" xml:lang="en" lang="en"><p>This value set contains 7 concepts</p><p style="border: black 1px dotted; background-color: #EEEEEE; padding: 8px; margin-bottom: 8px">Expansion based on SNOMED CT Australian edition 04-Feb 2021</p><p>All codes from system <a href="http://terminology.hl7.org/2.1.0/CodeSystem-v3-snomed-CT.html"><code>http://snomed.info/sct</code></a></p><table class="codes"><tr><td style="white-space:nowrap"><b>Code</b></td><td><b>Display</b></td><td><b>Definition</b></td></tr><tr><td style="white-space:nowrap"><a name="http---snomed.info-sct-16275741000119100"> </a><a href="http://browser.ihtsdotools.org/?perspective=full&amp;conceptId1=16275741000119100">16275741000119100</a></td><td>Severe paediatric obstructive sleep apnoea</td><td/></tr><tr><td style="white-space:nowrap"><a name="http---snomed.info-sct-774068004"> </a><a href="http://browser.ihtsdotools.org/?perspective=full&amp;conceptId1=774068004">774068004</a></td><td>AHDC1-related intellectual disability, obstructive sleep apnoea, mild dysmorphism syndrome</td><td/></tr><tr><td style="white-space:nowrap"><a name="http---snomed.info-sct-230493001"> </a><a href="http://browser.ihtsdotools.org/?perspective=full&amp;conceptId1=230493001">230493001</a></td><td>Mixed sleep apnoea</td><td/></tr><tr><td style="white-space:nowrap"><a name="http---snomed.info-sct-1091000119108"> </a><a href="http://browser.ihtsdotools.org/?perspective=full&amp;conceptId1=1091000119108">1091000119108</a></td><td>Obstructive sleep apnoea of child</td><td/></tr><tr><td style="white-space:nowrap"><a name="http---snomed.info-sct-1101000119103"> </a><a href="http://browser.ihtsdotools.org/?perspective=full&amp;conceptId1=1101000119103">1101000119103</a></td><td>Obstructive sleep apnoea of adult</td><td/></tr><tr><td style="white-space:nowrap"><a name="http---snomed.info-sct-765751002"> </a><a href="http://browser.ihtsdotools.org/?perspective=full&amp;conceptId1=765751002">765751002</a></td><td>Autoimmune encephalopathy with parasomnia and obstructive sleep apnoea</td><td/></tr><tr><td style="white-space:nowrap"><a name="http---snomed.info-sct-78275009"> </a><a href="http://browser.ihtsdotools.org/?perspective=full&amp;conceptId1=78275009">78275009</a></td><td>Obstructive sleep apnoea</td><td/></tr></table></div></text><url value="http://fhir.org/guides/acep/ValueSet/covid-19-condition-risk-obstructive-sleep-apnea"/><version value="0.1.0"/><name value="COVID19RiskFactorObstructiveSleepApnea"/><title value="COVID-19 Risk Factor Obstructive Sleep Apnea Conditions Value Set"/><status value="active"/><date value="2021-06-11T21:36:36+00:00"/><publisher value="Veterans Health Administration (VHA)"/><contact><telecom><system value="url"/><value value="http://hl7.org/Special/committees/[something]"/></telecom></contact><description value="COVID-19 Risk Factor Obstructive Sleep Apnea Conditions Value Set"/><jurisdiction><coding><system value="http://unstats.un.org/unsd/methods/m49/m49.htm"/><code value="001"/></coding></jurisdiction><expansion><identifier value="25941b18-e89a-4350-ad5c-cda8cf23fe08"/><timestamp value="2021-02-20T05:50:11+10:00"/><total value="7"/><offset value="0"/><parameter><name value="version"/><valueUri value="http://snomed.info/sct|http://snomed.info/sct/32506021000036107/version/20210204"/></parameter><parameter><name value="count"/><valueInteger value="2147483647"/></parameter><parameter><name value="offset"/><valueInteger value="0"/></parameter><contains><system value="http://snomed.info/sct"/><code value="16275741000119100"/><display value="Severe paediatric obstructive sleep apnoea"/></contains><contains><system value="http://snomed.info/sct"/><code value="774068004"/><display value="AHDC1-related intellectual disability, obstructive sleep apnoea, mild dysmorphism syndrome"/></contains><contains><system value="http://snomed.info/sct"/><code value="230493001"/><display value="Mixed sleep apnoea"/></contains><contains><system value="http://snomed.info/sct"/><code value="1091000119108"/><display value="Obstructive sleep apnoea of child"/></contains><contains><system value="http://snomed.info/sct"/><code value="1101000119103"/><display value="Obstructive sleep apnoea of adult"/></contains><contains><system value="http://snomed.info/sct"/><code value="765751002"/><display value="Autoimmune encephalopathy with parasomnia and obstructive sleep apnoea"/></contains><contains><system value="http://snomed.info/sct"/><code value="78275009"/><display value="Obstructive sleep apnoea"/></contains></expansion></ValueSet>