<?xml version="1.0" encoding="UTF-8"?><ValueSet xmlns="http://hl7.org/fhir"><id value="who-performance-status"/><meta><profile value="http://hl7.org/fhir/uv/cpg/StructureDefinition/cpg-executablevalueset"/></meta><language value="en"/><text><status value="generated"/><div xmlns="http://www.w3.org/1999/xhtml" xml:lang="en" lang="en"><p>This value set contains 5 concepts</p><p>All codes in this table are from the system <a href="http://terminology.hl7.org/3.0.0/CodeSystem-v3-snomed-CT.html"><code>http://snomed.info/sct</code></a></p><table class="codes"><tr><td style="white-space:nowrap"><b>Code</b></td><td><b>Display</b> - English (English, en)</td></tr><tr><td style="white-space:nowrap"><a name="http---snomed.info-sct-373803006"> </a><a href="http://snomed.info/id/373803006">373803006</a></td><td>World Health Organization performance status grade 0 (finding)</td></tr><tr><td style="white-space:nowrap"><a name="http---snomed.info-sct-373804000"> </a><a href="http://snomed.info/id/373804000">373804000</a></td><td>World Health Organization performance status grade 1 (finding)</td></tr><tr><td style="white-space:nowrap"><a name="http---snomed.info-sct-373805004"> </a><a href="http://snomed.info/id/373805004">373805004</a></td><td>World Health Organization performance status grade 2 (finding)</td></tr><tr><td style="white-space:nowrap"><a name="http---snomed.info-sct-373806003"> </a><a href="http://snomed.info/id/373806003">373806003</a></td><td>World Health Organization performance status grade 3 (finding)</td></tr><tr><td style="white-space:nowrap"><a name="http---snomed.info-sct-373807007"> </a><a href="http://snomed.info/id/373807007">373807007</a></td><td>World Health Organization performance status grade 4 (finding)</td></tr></table></div></text><extension url="http://hl7.org/fhir/uv/cpg/StructureDefinition/cpg-knowledgeCapability"><valueCode value="executable"/></extension><extension url="http://hl7.org/fhir/uv/cpg/StructureDefinition/cpg-knowledgeRepresentationLevel"><valueCode value="executable"/></extension><url value="http://fhir.org/guides/acep/ValueSet/who-performance-status"/><version value="0.1.0"/><name value="WHOPerformanceStatus"/><title value="WHO Performance Status Value Set"/><status value="active"/><date value="2021-03-14T20:00:00+00:00"/><publisher value="Veterans Health Administration (VHA)"/><contact><telecom><system value="url"/><value value="http://hl7.org/Special/committees/[something]"/></telecom></contact><description value="World Health Organization (WHO) performance status finding (finding)"/><jurisdiction><coding><system value="http://unstats.un.org/unsd/methods/m49/m49.htm"/><code value="001"/></coding></jurisdiction><expansion><contains><system value="http://snomed.info/sct"/><code value="373803006"/><display value="World Health Organization performance status grade 0 (finding)"/></contains><contains><system value="http://snomed.info/sct"/><code value="373804000"/><display value="World Health Organization performance status grade 1 (finding)"/></contains><contains><system value="http://snomed.info/sct"/><code value="373805004"/><display value="World Health Organization performance status grade 2 (finding)"/></contains><contains><system value="http://snomed.info/sct"/><code value="373806003"/><display value="World Health Organization performance status grade 3 (finding)"/></contains><contains><system value="http://snomed.info/sct"/><code value="373807007"/><display value="World Health Organization performance status grade 4 (finding)"/></contains></expansion></ValueSet>