<?xml version="1.0" encoding="UTF-8"?><ValueSet xmlns="http://hl7.org/fhir"><id value="covid-19-lab-ddimer"/><meta><profile value="http://hl7.org/fhir/uv/cpg/StructureDefinition/cpg-executablevalueset"/></meta><language value="en"/><text><status value="generated"/><div xmlns="http://www.w3.org/1999/xhtml" xml:lang="en" lang="en"><p>This value set contains 6 concepts</p><p>All codes in this table are from the system <a href="http://terminology.hl7.org/3.1.0/CodeSystem-v3-loinc.html"><code>http://loinc.org</code></a></p><table class="codes"><tr><td style="white-space:nowrap"><b>Code</b></td><td><b>Display</b> - English (English, en)</td></tr><tr><td style="white-space:nowrap"><a name="http---loinc.org-91556-1"> </a><a href="http://details.loinc.org/LOINC/91556-1.html">91556-1</a></td><td/></tr><tr><td style="white-space:nowrap"><a name="http---loinc.org-48066-5"> </a><a href="http://details.loinc.org/LOINC/48066-5.html">48066-5</a></td><td/></tr><tr><td style="white-space:nowrap"><a name="http---loinc.org-48058-2"> </a><a href="http://details.loinc.org/LOINC/48058-2.html">48058-2</a></td><td/></tr><tr><td style="white-space:nowrap"><a name="http---loinc.org-71427-9"> </a><a href="http://details.loinc.org/LOINC/71427-9.html">71427-9</a></td><td/></tr><tr><td style="white-space:nowrap"><a name="http---loinc.org-48065-7"> </a><a href="http://details.loinc.org/LOINC/48065-7.html">48065-7</a></td><td/></tr><tr><td style="white-space:nowrap"><a name="http---loinc.org-48067-3"> </a><a href="http://details.loinc.org/LOINC/48067-3.html">48067-3</a></td><td/></tr></table></div></text><extension url="http://hl7.org/fhir/uv/cpg/StructureDefinition/cpg-knowledgeCapability"><valueCode value="executable"/></extension><extension url="http://hl7.org/fhir/uv/cpg/StructureDefinition/cpg-knowledgeRepresentationLevel"><valueCode value="executable"/></extension><url value="http://fhir.org/guides/acep/ValueSet/covid-19-lab-ddimer"/><version value="0.1.0"/><name value="COVID19LabDdimer"/><title value="COVID-19 Laboratory Value Set for Ddimer"/><status value="active"/><date value="2022-01-04T20:00:00+00:00"/><publisher value="Veterans Health Administration (VHA)"/><contact><telecom><system value="url"/><value value="http://hl7.org/Special/committees/[something]"/></telecom></contact><description value="COVID-19 Laboratory Value Set for Ddimer"/><jurisdiction><coding><system value="http://unstats.un.org/unsd/methods/m49/m49.htm"/><code value="001"/></coding></jurisdiction><compose><include><system value="http://loinc.org"/><concept><code value="91556-1"/></concept><concept><code value="48066-5"/></concept><concept><code value="48058-2"/></concept><concept><code value="71427-9"/></concept><concept><code value="48065-7"/></concept><concept><code value="48067-3"/></concept></include></compose><expansion><timestamp value="2021-03-14T21:43:10-06:00"/><contains><system value="http://loinc.org"/><code value="91556-1"/></contains><contains><system value="http://loinc.org"/><code value="48066-5"/></contains><contains><system value="http://loinc.org"/><code value="48058-2"/></contains><contains><system value="http://loinc.org"/><code value="71427-9"/></contains><contains><system value="http://loinc.org"/><code value="48065-7"/></contains><contains><system value="http://loinc.org"/><code value="48067-3"/></contains></expansion></ValueSet>