<?xml version="1.0" encoding="UTF-8"?><ValueSet xmlns="http://hl7.org/fhir"><id value="covid-19-lab-creatinine"/><meta><profile value="http://hl7.org/fhir/uv/cpg/StructureDefinition/cpg-executablevalueset"/></meta><language value="en"/><text><status value="generated"/><div xmlns="http://www.w3.org/1999/xhtml" xml:lang="en" lang="en"><p>This value set contains 13 concepts</p><p>All codes from system <a href="http://terminology.hl7.org/2.1.0/CodeSystem-v3-loinc.html"><code>http://loinc.org</code></a></p><table class="codes"><tr><td style="white-space:nowrap"><b>Code</b></td><td><b>Display</b></td><td><b>Definition</b></td></tr><tr><td style="white-space:nowrap"><a name="http---loinc.org-2160-0"> </a><a href="http://details.loinc.org/LOINC/2160-0.html">2160-0</a></td><td/><td/></tr><tr><td style="white-space:nowrap"><a name="http---loinc.org-44784-7"> </a><a href="http://details.loinc.org/LOINC/44784-7.html">44784-7</a></td><td/><td/></tr><tr><td style="white-space:nowrap"><a name="http---loinc.org-35203-9"> </a><a href="http://details.loinc.org/LOINC/35203-9.html">35203-9</a></td><td/><td/></tr><tr><td style="white-space:nowrap"><a name="http---loinc.org-77140-2"> </a><a href="http://details.loinc.org/LOINC/77140-2.html">77140-2</a></td><td/><td/></tr><tr><td style="white-space:nowrap"><a name="http---loinc.org-14682-9"> </a><a href="http://details.loinc.org/LOINC/14682-9.html">14682-9</a></td><td/><td/></tr><tr><td style="white-space:nowrap"><a name="http---loinc.org-16188-5"> </a><a href="http://details.loinc.org/LOINC/16188-5.html">16188-5</a></td><td/><td/></tr><tr><td style="white-space:nowrap"><a name="http---loinc.org-16189-3"> </a><a href="http://details.loinc.org/LOINC/16189-3.html">16189-3</a></td><td/><td/></tr><tr><td style="white-space:nowrap"><a name="http---loinc.org-40248-7"> </a><a href="http://details.loinc.org/LOINC/40248-7.html">40248-7</a></td><td/><td/></tr><tr><td style="white-space:nowrap"><a name="http---loinc.org-40264-4"> </a><a href="http://details.loinc.org/LOINC/40264-4.html">40264-4</a></td><td/><td/></tr><tr><td style="white-space:nowrap"><a name="http---loinc.org-11041-1"> </a><a href="http://details.loinc.org/LOINC/11041-1.html">11041-1</a></td><td/><td/></tr><tr><td style="white-space:nowrap"><a name="http---loinc.org-51620-3"> </a><a href="http://details.loinc.org/LOINC/51620-3.html">51620-3</a></td><td/><td/></tr><tr><td style="white-space:nowrap"><a name="http---loinc.org-11042-9"> </a><a href="http://details.loinc.org/LOINC/11042-9.html">11042-9</a></td><td/><td/></tr><tr><td style="white-space:nowrap"><a name="http---loinc.org-51619-5"> </a><a href="http://details.loinc.org/LOINC/51619-5.html">51619-5</a></td><td/><td/></tr></table></div></text><extension url="http://hl7.org/fhir/uv/cpg/StructureDefinition/cpg-knowledgeCapability"><valueCode value="executable"/></extension><extension url="http://hl7.org/fhir/uv/cpg/StructureDefinition/cpg-knowledgeRepresentationLevel"><valueCode value="executable"/></extension><url value="http://fhir.org/guides/acep/ValueSet/covid-19-lab-creatinine"/><version value="0.1.0"/><name value="COVID19LabCreatinine"/><title value="COVID-19 Laboratory Value Set for Creatinine"/><status value="active"/><date value="2021-02-26T20:00:00+00:00"/><publisher value="Veterans Health Administration (VHA)"/><contact><telecom><system value="url"/><value value="http://hl7.org/Special/committees/[something]"/></telecom></contact><description value="COVID-19 Laboratory Value Set for Creatinine"/><jurisdiction><coding><system value="http://unstats.un.org/unsd/methods/m49/m49.htm"/><code value="001"/></coding></jurisdiction><compose><include><system value="http://loinc.org"/><concept><code value="2160-0"/></concept><concept><code value="44784-7"/></concept><concept><code value="35203-9"/></concept><concept><code value="77140-2"/></concept><concept><code value="14682-9"/></concept><concept><code value="16188-5"/></concept><concept><code value="16189-3"/></concept><concept><code value="40248-7"/></concept><concept><code value="40264-4"/></concept><concept><code value="11041-1"/></concept><concept><code value="51620-3"/></concept><concept><code value="11042-9"/></concept><concept><code value="51619-5"/></concept></include></compose><expansion><timestamp value="2021-03-05T17:10:31-07:00"/><contains><system value="http://loinc.org"/><code value="2160-0"/></contains><contains><system value="http://loinc.org"/><code value="44784-7"/></contains><contains><system value="http://loinc.org"/><code value="35203-9"/></contains><contains><system value="http://loinc.org"/><code value="77140-2"/></contains><contains><system value="http://loinc.org"/><code value="14682-9"/></contains><contains><system value="http://loinc.org"/><code value="16188-5"/></contains><contains><system value="http://loinc.org"/><code value="16189-3"/></contains><contains><system value="http://loinc.org"/><code value="40248-7"/></contains><contains><system value="http://loinc.org"/><code value="40264-4"/></contains><contains><system value="http://loinc.org"/><code value="11041-1"/></contains><contains><system value="http://loinc.org"/><code value="51620-3"/></contains><contains><system value="http://loinc.org"/><code value="11042-9"/></contains><contains><system value="http://loinc.org"/><code value="51619-5"/></contains></expansion></ValueSet>