<?xml version="1.0" encoding="UTF-8"?><ValueSet xmlns="http://hl7.org/fhir"><id value="covid-19-condition-risk-respiratory"/><language value="en"/><text><status value="generated"/><div xmlns="http://www.w3.org/1999/xhtml" xml:lang="en" lang="en"><p>This value set contains 201 concepts</p><p style="border: black 1px dotted; background-color: #EEEEEE; padding: 8px; margin-bottom: 8px">Expansion based on SNOMED CT Australian edition 04-Feb 2021</p><p>All codes from system <a href="http://terminology.hl7.org/2.1.0/CodeSystem-v3-snomed-CT.html"><code>http://snomed.info/sct</code></a></p><table class="codes"><tr><td style="white-space:nowrap"><b>Code</b></td><td><b>Display</b></td><td><b>Definition</b></td></tr><tr><td style="white-space:nowrap"><a name="http---snomed.info-sct-195798007"> </a><a href="http://browser.ihtsdotools.org/?perspective=full&amp;conceptId1=195798007">195798007</a></td><td>Chronic adenotonsillitis</td><td/></tr><tr><td style="white-space:nowrap"><a name="http---snomed.info-sct-232420002"> </a><a href="http://browser.ihtsdotools.org/?perspective=full&amp;conceptId1=232420002">232420002</a></td><td>Chronic adenoiditis</td><td/></tr><tr><td style="white-space:nowrap"><a name="http---snomed.info-sct-47841006"> </a><a href="http://browser.ihtsdotools.org/?perspective=full&amp;conceptId1=47841006">47841006</a></td><td>Chronic nasopharyngitis</td><td/></tr><tr><td style="white-space:nowrap"><a name="http---snomed.info-sct-724500003"> </a><a href="http://browser.ihtsdotools.org/?perspective=full&amp;conceptId1=724500003">724500003</a></td><td>Idiopathic chronic eosinophilic pneumonia</td><td/></tr><tr><td style="white-space:nowrap"><a name="http---snomed.info-sct-164260005"> </a><a href="http://browser.ihtsdotools.org/?perspective=full&amp;conceptId1=164260005">164260005</a></td><td>O/E - granular pharyngitis</td><td/></tr><tr><td style="white-space:nowrap"><a name="http---snomed.info-sct-2365002"> </a><a href="http://browser.ihtsdotools.org/?perspective=full&amp;conceptId1=2365002">2365002</a></td><td>Chronic granular pharyngitis</td><td/></tr><tr><td style="white-space:nowrap"><a name="http---snomed.info-sct-195771008"> </a><a href="http://browser.ihtsdotools.org/?perspective=full&amp;conceptId1=195771008">195771008</a></td><td>Chronic ulcerative rhinitis</td><td/></tr><tr><td style="white-space:nowrap"><a name="http---snomed.info-sct-196026004"> </a><a href="http://browser.ihtsdotools.org/?perspective=full&amp;conceptId1=196026004">196026004</a></td><td>Chronic emphysema due to chemical fumes</td><td/></tr><tr><td style="white-space:nowrap"><a name="http---snomed.info-sct-195958001"> </a><a href="http://browser.ihtsdotools.org/?perspective=full&amp;conceptId1=195958001">195958001</a></td><td>Segmental bullous emphysema</td><td/></tr><tr><td style="white-space:nowrap"><a name="http---snomed.info-sct-195811008"> </a><a href="http://browser.ihtsdotools.org/?perspective=full&amp;conceptId1=195811008">195811008</a></td><td>Chronic simple laryngitis</td><td/></tr><tr><td style="white-space:nowrap"><a name="http---snomed.info-sct-195772001"> </a><a href="http://browser.ihtsdotools.org/?perspective=full&amp;conceptId1=195772001">195772001</a></td><td>Chronic membranous rhinitis</td><td/></tr><tr><td style="white-space:nowrap"><a name="http---snomed.info-sct-195812001"> </a><a href="http://browser.ihtsdotools.org/?perspective=full&amp;conceptId1=195812001">195812001</a></td><td>Chronic catarrhal laryngitis</td><td/></tr><tr><td style="white-space:nowrap"><a name="http---snomed.info-sct-275376007"> </a><a href="http://browser.ihtsdotools.org/?perspective=full&amp;conceptId1=275376007">275376007</a></td><td>Congenital syphilitic chronic coryza</td><td/></tr><tr><td style="white-space:nowrap"><a name="http---snomed.info-sct-195959009"> </a><a href="http://browser.ihtsdotools.org/?perspective=full&amp;conceptId1=195959009">195959009</a></td><td>Zonal bullous emphysema</td><td/></tr><tr><td style="white-space:nowrap"><a name="http---snomed.info-sct-195773006"> </a><a href="http://browser.ihtsdotools.org/?perspective=full&amp;conceptId1=195773006">195773006</a></td><td>Chronic fibrinous rhinitis</td><td/></tr><tr><td style="white-space:nowrap"><a name="http---snomed.info-sct-60805002"> </a><a href="http://browser.ihtsdotools.org/?perspective=full&amp;conceptId1=60805002">60805002</a></td><td>Haemolytic anaemia with emphysema AND cutis laxa</td><td/></tr><tr><td style="white-space:nowrap"><a name="http---snomed.info-sct-195813006"> </a><a href="http://browser.ihtsdotools.org/?perspective=full&amp;conceptId1=195813006">195813006</a></td><td>Chronic hyperplastic laryngitis</td><td/></tr><tr><td style="white-space:nowrap"><a name="http---snomed.info-sct-77690003"> </a><a href="http://browser.ihtsdotools.org/?perspective=full&amp;conceptId1=77690003">77690003</a></td><td>Interstitial emphysema of lung</td><td/></tr><tr><td style="white-space:nowrap"><a name="http---snomed.info-sct-66987001"> </a><a href="http://browser.ihtsdotools.org/?perspective=full&amp;conceptId1=66987001">66987001</a></td><td>Congenital lobar emphysema</td><td/></tr><tr><td style="white-space:nowrap"><a name="http---snomed.info-sct-91928001"> </a><a href="http://browser.ihtsdotools.org/?perspective=full&amp;conceptId1=91928001">91928001</a></td><td>Allergic rhinitis due to weed pollen</td><td/></tr><tr><td style="white-space:nowrap"><a name="http---snomed.info-sct-35923002"> </a><a href="http://browser.ihtsdotools.org/?perspective=full&amp;conceptId1=35923002">35923002</a></td><td>Chronic maxillary sinusitis</td><td/></tr><tr><td style="white-space:nowrap"><a name="http---snomed.info-sct-54287007"> </a><a href="http://browser.ihtsdotools.org/?perspective=full&amp;conceptId1=54287007">54287007</a></td><td>Ozena laryngis</td><td/></tr><tr><td style="white-space:nowrap"><a name="http---snomed.info-sct-69646003"> </a><a href="http://browser.ihtsdotools.org/?perspective=full&amp;conceptId1=69646003">69646003</a></td><td>Ozena</td><td/></tr><tr><td style="white-space:nowrap"><a name="http---snomed.info-sct-195769008"> </a><a href="http://browser.ihtsdotools.org/?perspective=full&amp;conceptId1=195769008">195769008</a></td><td>Chronic atrophic rhinitis</td><td/></tr><tr><td style="white-space:nowrap"><a name="http---snomed.info-sct-232457008"> </a><a href="http://browser.ihtsdotools.org/?perspective=full&amp;conceptId1=232457008">232457008</a></td><td>Laryngeal papillomatosis</td><td/></tr><tr><td style="white-space:nowrap"><a name="http---snomed.info-sct-73237007"> </a><a href="http://browser.ihtsdotools.org/?perspective=full&amp;conceptId1=73237007">73237007</a></td><td>Chronic ethmoidal sinusitis</td><td/></tr><tr><td style="white-space:nowrap"><a name="http---snomed.info-sct-232397007"> </a><a href="http://browser.ihtsdotools.org/?perspective=full&amp;conceptId1=232397007">232397007</a></td><td>Chronic frontoethmoidal sinusitis</td><td/></tr><tr><td style="white-space:nowrap"><a name="http---snomed.info-sct-720009004"> </a><a href="http://browser.ihtsdotools.org/?perspective=full&amp;conceptId1=720009004">720009004</a></td><td>Intractable diarrhoea with choanal atresia and eye anomaly syndrome</td><td/></tr><tr><td style="white-space:nowrap"><a name="http---snomed.info-sct-95239003"> </a><a href="http://browser.ihtsdotools.org/?perspective=full&amp;conceptId1=95239003">95239003</a></td><td>Rhinitis medicamentosa</td><td/></tr><tr><td style="white-space:nowrap"><a name="http---snomed.info-sct-233630006"> </a><a href="http://browser.ihtsdotools.org/?perspective=full&amp;conceptId1=233630006">233630006</a></td><td>Obstructive bronchiectasis</td><td/></tr><tr><td style="white-space:nowrap"><a name="http---snomed.info-sct-233762004"> </a><a href="http://browser.ihtsdotools.org/?perspective=full&amp;conceptId1=233762004">233762004</a></td><td>Chronic silicosis</td><td/></tr><tr><td style="white-space:nowrap"><a name="http---snomed.info-sct-195765002"> </a><a href="http://browser.ihtsdotools.org/?perspective=full&amp;conceptId1=195765002">195765002</a></td><td>Chronic simple rhinitis</td><td/></tr><tr><td style="white-space:nowrap"><a name="http---snomed.info-sct-599006"> </a><a href="http://browser.ihtsdotools.org/?perspective=full&amp;conceptId1=599006">599006</a></td><td>Chronic pneumothorax</td><td/></tr><tr><td style="white-space:nowrap"><a name="http---snomed.info-sct-232344001"> </a><a href="http://browser.ihtsdotools.org/?perspective=full&amp;conceptId1=232344001">232344001</a></td><td>Rhinitis caseosa</td><td/></tr><tr><td style="white-space:nowrap"><a name="http---snomed.info-sct-233677001"> </a><a href="http://browser.ihtsdotools.org/?perspective=full&amp;conceptId1=233677001">233677001</a></td><td>Scar emphysema</td><td/></tr><tr><td style="white-space:nowrap"><a name="http---snomed.info-sct-195770009"> </a><a href="http://browser.ihtsdotools.org/?perspective=full&amp;conceptId1=195770009">195770009</a></td><td>Chronic infective rhinitis</td><td/></tr><tr><td style="white-space:nowrap"><a name="http---snomed.info-sct-70756004"> </a><a href="http://browser.ihtsdotools.org/?perspective=full&amp;conceptId1=70756004">70756004</a></td><td>Bronchial atresia with segmental pulmonary emphysema</td><td/></tr><tr><td style="white-space:nowrap"><a name="http---snomed.info-sct-195779005"> </a><a href="http://browser.ihtsdotools.org/?perspective=full&amp;conceptId1=195779005">195779005</a></td><td>Pharyngitis keratosa</td><td/></tr><tr><td style="white-space:nowrap"><a name="http---snomed.info-sct-233631005"> </a><a href="http://browser.ihtsdotools.org/?perspective=full&amp;conceptId1=233631005">233631005</a></td><td>Toxin-induced bronchiectasis</td><td/></tr><tr><td style="white-space:nowrap"><a name="http---snomed.info-sct-31898008"> </a><a href="http://browser.ihtsdotools.org/?perspective=full&amp;conceptId1=31898008">31898008</a></td><td>Paraseptal emphysema</td><td/></tr><tr><td style="white-space:nowrap"><a name="http---snomed.info-sct-232391008"> </a><a href="http://browser.ihtsdotools.org/?perspective=full&amp;conceptId1=232391008">232391008</a></td><td>Recurrent acute sinusitis</td><td/></tr><tr><td style="white-space:nowrap"><a name="http---snomed.info-sct-233632003"> </a><a href="http://browser.ihtsdotools.org/?perspective=full&amp;conceptId1=233632003">233632003</a></td><td>Bronchiectasis due to toxic aspiration</td><td/></tr><tr><td style="white-space:nowrap"><a name="http---snomed.info-sct-785736001"> </a><a href="http://browser.ihtsdotools.org/?perspective=full&amp;conceptId1=785736001">785736001</a></td><td>Chronic bronchitis co-occurrent with wheeze</td><td/></tr><tr><td style="white-space:nowrap"><a name="http---snomed.info-sct-33325001"> </a><a href="http://browser.ihtsdotools.org/?perspective=full&amp;conceptId1=33325001">33325001</a></td><td>Compensatory emphysema</td><td/></tr><tr><td style="white-space:nowrap"><a name="http---snomed.info-sct-24078009"> </a><a href="http://browser.ihtsdotools.org/?perspective=full&amp;conceptId1=24078009">24078009</a></td><td>Gangosa of yaws</td><td/></tr><tr><td style="white-space:nowrap"><a name="http---snomed.info-sct-232434002"> </a><a href="http://browser.ihtsdotools.org/?perspective=full&amp;conceptId1=232434002">232434002</a></td><td>Chronic fungal laryngitis</td><td/></tr><tr><td style="white-space:nowrap"><a name="http---snomed.info-sct-846637007"> </a><a href="http://browser.ihtsdotools.org/?perspective=full&amp;conceptId1=846637007">846637007</a></td><td>Chronic pulmonary fibrosis caused by chemical vapours</td><td/></tr><tr><td style="white-space:nowrap"><a name="http---snomed.info-sct-36599006"> </a><a href="http://browser.ihtsdotools.org/?perspective=full&amp;conceptId1=36599006">36599006</a></td><td>Chronic fibrosis of lung</td><td/></tr><tr><td style="white-space:nowrap"><a name="http---snomed.info-sct-233633008"> </a><a href="http://browser.ihtsdotools.org/?perspective=full&amp;conceptId1=233633008">233633008</a></td><td>Bronchiectasis due to toxic inhalation</td><td/></tr><tr><td style="white-space:nowrap"><a name="http---snomed.info-sct-232430006"> </a><a href="http://browser.ihtsdotools.org/?perspective=full&amp;conceptId1=232430006">232430006</a></td><td>Recurrent allergic croup</td><td/></tr><tr><td style="white-space:nowrap"><a name="http---snomed.info-sct-432958009"> </a><a href="http://browser.ihtsdotools.org/?perspective=full&amp;conceptId1=432958009">432958009</a></td><td>Chronic rejection of lung transplant</td><td/></tr><tr><td style="white-space:nowrap"><a name="http---snomed.info-sct-716771000"> </a><a href="http://browser.ihtsdotools.org/?perspective=full&amp;conceptId1=716771000">716771000</a></td><td>Chronic hiccups</td><td/></tr><tr><td style="white-space:nowrap"><a name="http---snomed.info-sct-68328006"> </a><a href="http://browser.ihtsdotools.org/?perspective=full&amp;conceptId1=68328006">68328006</a></td><td>Centriacinar emphysema</td><td/></tr><tr><td style="white-space:nowrap"><a name="http---snomed.info-sct-314954002"> </a><a href="http://browser.ihtsdotools.org/?perspective=full&amp;conceptId1=314954002">314954002</a></td><td>Local recurrence of malignant tumour of lung</td><td/></tr><tr><td style="white-space:nowrap"><a name="http---snomed.info-sct-232394000"> </a><a href="http://browser.ihtsdotools.org/?perspective=full&amp;conceptId1=232394000">232394000</a></td><td>Chronic posterior ethmoidal sinusitis</td><td/></tr><tr><td style="white-space:nowrap"><a name="http---snomed.info-sct-133171000119105"> </a><a href="http://browser.ihtsdotools.org/?perspective=full&amp;conceptId1=133171000119105">133171000119105</a></td><td>Chronic pharyngolaryngitis</td><td/></tr><tr><td style="white-space:nowrap"><a name="http---snomed.info-sct-232405008"> </a><a href="http://browser.ihtsdotools.org/?perspective=full&amp;conceptId1=232405008">232405008</a></td><td>Chronic ulcerative pharyngitis</td><td/></tr><tr><td style="white-space:nowrap"><a name="http---snomed.info-sct-293241000119100"> </a><a href="http://browser.ihtsdotools.org/?perspective=full&amp;conceptId1=293241000119100">293241000119100</a></td><td>Acute exacerbation of chronic obstructive bronchitis</td><td/></tr><tr><td style="white-space:nowrap"><a name="http---snomed.info-sct-425748003"> </a><a href="http://browser.ihtsdotools.org/?perspective=full&amp;conceptId1=425748003">425748003</a></td><td>Acute exacerbation of chronic bronchitis</td><td/></tr><tr><td style="white-space:nowrap"><a name="http---snomed.info-sct-185086009"> </a><a href="http://browser.ihtsdotools.org/?perspective=full&amp;conceptId1=185086009">185086009</a></td><td>Chronic obstructive bronchitis</td><td/></tr><tr><td style="white-space:nowrap"><a name="http---snomed.info-sct-763829004"> </a><a href="http://browser.ihtsdotools.org/?perspective=full&amp;conceptId1=763829004">763829004</a></td><td>Oculopharyngodistal myopathy</td><td/></tr><tr><td style="white-space:nowrap"><a name="http---snomed.info-sct-93447004"> </a><a href="http://browser.ihtsdotools.org/?perspective=full&amp;conceptId1=93447004">93447004</a></td><td>Eosinophilic nonallergic rhinitis</td><td/></tr><tr><td style="white-space:nowrap"><a name="http---snomed.info-sct-91927006"> </a><a href="http://browser.ihtsdotools.org/?perspective=full&amp;conceptId1=91927006">91927006</a></td><td>Allergic rhinitis due to tree pollen</td><td/></tr><tr><td style="white-space:nowrap"><a name="http---snomed.info-sct-10692721000119102"> </a><a href="http://browser.ihtsdotools.org/?perspective=full&amp;conceptId1=10692721000119102">10692721000119102</a></td><td>Chronic obstructive asthma co-occurrent with acute exacerbation of asthma</td><td/></tr><tr><td style="white-space:nowrap"><a name="http---snomed.info-sct-313299006"> </a><a href="http://browser.ihtsdotools.org/?perspective=full&amp;conceptId1=313299006">313299006</a></td><td>Severe COPD</td><td/></tr><tr><td style="white-space:nowrap"><a name="http---snomed.info-sct-26427008"> </a><a href="http://browser.ihtsdotools.org/?perspective=full&amp;conceptId1=26427008">26427008</a></td><td>Chronic pulmonary histoplasmosis</td><td/></tr><tr><td style="white-space:nowrap"><a name="http---snomed.info-sct-840351007"> </a><a href="http://browser.ihtsdotools.org/?perspective=full&amp;conceptId1=840351007">840351007</a></td><td>Chronic obliterative bronchiolitis due to vapour</td><td/></tr><tr><td style="white-space:nowrap"><a name="http---snomed.info-sct-846635004"> </a><a href="http://browser.ihtsdotools.org/?perspective=full&amp;conceptId1=846635004">846635004</a></td><td>Chronic respiratory condition due to vapours</td><td/></tr><tr><td style="white-space:nowrap"><a name="http---snomed.info-sct-84409004"> </a><a href="http://browser.ihtsdotools.org/?perspective=full&amp;conceptId1=84409004">84409004</a></td><td>Fetid chronic bronchitis</td><td/></tr><tr><td style="white-space:nowrap"><a name="http---snomed.info-sct-18354001"> </a><a href="http://browser.ihtsdotools.org/?perspective=full&amp;conceptId1=18354001">18354001</a></td><td>Chronic induration of lung</td><td/></tr><tr><td style="white-space:nowrap"><a name="http---snomed.info-sct-12310001"> </a><a href="http://browser.ihtsdotools.org/?perspective=full&amp;conceptId1=12310001">12310001</a></td><td>Childhood bronchiectasis</td><td/></tr><tr><td style="white-space:nowrap"><a name="http---snomed.info-sct-771081007"> </a><a href="http://browser.ihtsdotools.org/?perspective=full&amp;conceptId1=771081007">771081007</a></td><td>Distal hereditary motor neuropathy type 7</td><td/></tr><tr><td style="white-space:nowrap"><a name="http---snomed.info-sct-707534000"> </a><a href="http://browser.ihtsdotools.org/?perspective=full&amp;conceptId1=707534000">707534000</a></td><td>Chronic lung disease due to surfactant disorder</td><td/></tr><tr><td style="white-space:nowrap"><a name="http---snomed.info-sct-413839001"> </a><a href="http://browser.ihtsdotools.org/?perspective=full&amp;conceptId1=413839001">413839001</a></td><td>Chronic lung disease</td><td/></tr><tr><td style="white-space:nowrap"><a name="http---snomed.info-sct-10629231000119109"> </a><a href="http://browser.ihtsdotools.org/?perspective=full&amp;conceptId1=10629231000119109">10629231000119109</a></td><td>Recurrent acute streptococcal tonsillitis</td><td/></tr><tr><td style="white-space:nowrap"><a name="http---snomed.info-sct-195708003"> </a><a href="http://browser.ihtsdotools.org/?perspective=full&amp;conceptId1=195708003">195708003</a></td><td>Recurrent upper respiratory tract infection</td><td/></tr><tr><td style="white-space:nowrap"><a name="http---snomed.info-sct-16358007"> </a><a href="http://browser.ihtsdotools.org/?perspective=full&amp;conceptId1=16358007">16358007</a></td><td>Chronic disease of tonsils AND/OR adenoids</td><td/></tr><tr><td style="white-space:nowrap"><a name="http---snomed.info-sct-829976001"> </a><a href="http://browser.ihtsdotools.org/?perspective=full&amp;conceptId1=829976001">829976001</a></td><td>Thunderstorm asthma</td><td/></tr><tr><td style="white-space:nowrap"><a name="http---snomed.info-sct-427909005"> </a><a href="http://browser.ihtsdotools.org/?perspective=full&amp;conceptId1=427909005">427909005</a></td><td>Chronic recurrent sinusitis</td><td/></tr><tr><td style="white-space:nowrap"><a name="http---snomed.info-sct-195788001"> </a><a href="http://browser.ihtsdotools.org/?perspective=full&amp;conceptId1=195788001">195788001</a></td><td>Recurrent sinusitis</td><td/></tr><tr><td style="white-space:nowrap"><a name="http---snomed.info-sct-233683003"> </a><a href="http://browser.ihtsdotools.org/?perspective=full&amp;conceptId1=233683003">233683003</a></td><td>Hay fever with asthma</td><td/></tr><tr><td style="white-space:nowrap"><a name="http---snomed.info-sct-445427006"> </a><a href="http://browser.ihtsdotools.org/?perspective=full&amp;conceptId1=445427006">445427006</a></td><td>Seasonal asthma</td><td/></tr><tr><td style="white-space:nowrap"><a name="http---snomed.info-sct-367498001"> </a><a href="http://browser.ihtsdotools.org/?perspective=full&amp;conceptId1=367498001">367498001</a></td><td>Seasonal allergic rhinitis</td><td/></tr><tr><td style="white-space:nowrap"><a name="http---snomed.info-sct-95240001"> </a><a href="http://browser.ihtsdotools.org/?perspective=full&amp;conceptId1=95240001">95240001</a></td><td>Rhinitis sicca</td><td/></tr><tr><td style="white-space:nowrap"><a name="http---snomed.info-sct-46847001"> </a><a href="http://browser.ihtsdotools.org/?perspective=full&amp;conceptId1=46847001">46847001</a></td><td>Chronic pulmonary oedema</td><td/></tr><tr><td style="white-space:nowrap"><a name="http---snomed.info-sct-717231003"> </a><a href="http://browser.ihtsdotools.org/?perspective=full&amp;conceptId1=717231003">717231003</a></td><td>Periodic fever and aphthous stomatitis with pharyngitis and cervical lymphadenitis syndrome</td><td/></tr><tr><td style="white-space:nowrap"><a name="http---snomed.info-sct-417688002"> </a><a href="http://browser.ihtsdotools.org/?perspective=full&amp;conceptId1=417688002">417688002</a></td><td>Chronic progressive coccidioidal pneumonia</td><td/></tr><tr><td style="white-space:nowrap"><a name="http---snomed.info-sct-28791000119105"> </a><a href="http://browser.ihtsdotools.org/?perspective=full&amp;conceptId1=28791000119105">28791000119105</a></td><td>Chronic coccidioidomycotic pneumonia</td><td/></tr><tr><td style="white-space:nowrap"><a name="http---snomed.info-sct-285381006"> </a><a href="http://browser.ihtsdotools.org/?perspective=full&amp;conceptId1=285381006">285381006</a></td><td>Acute infective exacerbation of COPD</td><td/></tr><tr><td style="white-space:nowrap"><a name="http---snomed.info-sct-195951007"> </a><a href="http://browser.ihtsdotools.org/?perspective=full&amp;conceptId1=195951007">195951007</a></td><td>Acute exacerbation of COPD</td><td/></tr><tr><td style="white-space:nowrap"><a name="http---snomed.info-sct-195780008"> </a><a href="http://browser.ihtsdotools.org/?perspective=full&amp;conceptId1=195780008">195780008</a></td><td>Pharyngitis sicca</td><td/></tr><tr><td style="white-space:nowrap"><a name="http---snomed.info-sct-233674008"> </a><a href="http://browser.ihtsdotools.org/?perspective=full&amp;conceptId1=233674008">233674008</a></td><td>Pulmonary emphysema in alpha-1 PI deficiency</td><td/></tr><tr><td style="white-space:nowrap"><a name="http---snomed.info-sct-233713004"> </a><a href="http://browser.ihtsdotools.org/?perspective=full&amp;conceptId1=233713004">233713004</a></td><td>Seasonal cryptogenic organising pneumonia with biochemical cholestasis</td><td/></tr><tr><td style="white-space:nowrap"><a name="http---snomed.info-sct-10692761000119107"> </a><a href="http://browser.ihtsdotools.org/?perspective=full&amp;conceptId1=10692761000119107">10692761000119107</a></td><td>Asthma-COPD overlap syndrome (ACOS)</td><td/></tr><tr><td style="white-space:nowrap"><a name="http---snomed.info-sct-22951000119104"> </a><a href="http://browser.ihtsdotools.org/?perspective=full&amp;conceptId1=22951000119104">22951000119104</a></td><td>Spasmodic croup</td><td/></tr><tr><td style="white-space:nowrap"><a name="http---snomed.info-sct-195953005"> </a><a href="http://browser.ihtsdotools.org/?perspective=full&amp;conceptId1=195953005">195953005</a></td><td>Mixed simple and mucopurulent chronic bronchitis</td><td/></tr><tr><td style="white-space:nowrap"><a name="http---snomed.info-sct-90979004"> </a><a href="http://browser.ihtsdotools.org/?perspective=full&amp;conceptId1=90979004">90979004</a></td><td>Chronic tonsillitis</td><td/></tr><tr><td style="white-space:nowrap"><a name="http---snomed.info-sct-254621001"> </a><a href="http://browser.ihtsdotools.org/?perspective=full&amp;conceptId1=254621001">254621001</a></td><td>Laryngotracheal papillomatosis</td><td/></tr><tr><td style="white-space:nowrap"><a name="http---snomed.info-sct-442025000"> </a><a href="http://browser.ihtsdotools.org/?perspective=full&amp;conceptId1=442025000">442025000</a></td><td>Acute exacerbation of chronic asthmatic bronchitis</td><td/></tr><tr><td style="white-space:nowrap"><a name="http---snomed.info-sct-195949008"> </a><a href="http://browser.ihtsdotools.org/?perspective=full&amp;conceptId1=195949008">195949008</a></td><td>Chronic asthmatic bronchitis</td><td/></tr><tr><td style="white-space:nowrap"><a name="http---snomed.info-sct-86680006"> </a><a href="http://browser.ihtsdotools.org/?perspective=full&amp;conceptId1=86680006">86680006</a></td><td>Ruptured emphysematous bleb of lung</td><td/></tr><tr><td style="white-space:nowrap"><a name="http---snomed.info-sct-57686001"> </a><a href="http://browser.ihtsdotools.org/?perspective=full&amp;conceptId1=57686001">57686001</a></td><td>Emphysematous bleb of lung</td><td/></tr><tr><td style="white-space:nowrap"><a name="http---snomed.info-sct-233675009"> </a><a href="http://browser.ihtsdotools.org/?perspective=full&amp;conceptId1=233675009">233675009</a></td><td>Toxic emphysema</td><td/></tr><tr><td style="white-space:nowrap"><a name="http---snomed.info-sct-10672271000119100"> </a><a href="http://browser.ihtsdotools.org/?perspective=full&amp;conceptId1=10672271000119100">10672271000119100</a></td><td>Acute on chronic hypoxemic respiratory failure</td><td/></tr><tr><td style="white-space:nowrap"><a name="http---snomed.info-sct-195677001"> </a><a href="http://browser.ihtsdotools.org/?perspective=full&amp;conceptId1=195677001">195677001</a></td><td>Recurrent acute tonsillitis</td><td/></tr><tr><td style="white-space:nowrap"><a name="http---snomed.info-sct-196049002"> </a><a href="http://browser.ihtsdotools.org/?perspective=full&amp;conceptId1=196049002">196049002</a></td><td>Chronic pulmonary radiation disease</td><td/></tr><tr><td style="white-space:nowrap"><a name="http---snomed.info-sct-195782000"> </a><a href="http://browser.ihtsdotools.org/?perspective=full&amp;conceptId1=195782000">195782000</a></td><td>Chronic follicular pharyngitis</td><td/></tr><tr><td style="white-space:nowrap"><a name="http---snomed.info-sct-783182004"> </a><a href="http://browser.ihtsdotools.org/?perspective=full&amp;conceptId1=783182004">783182004</a></td><td>Chronic respiratory distress with surfactant metabolism deficiency</td><td/></tr><tr><td style="white-space:nowrap"><a name="http---snomed.info-sct-52571006"> </a><a href="http://browser.ihtsdotools.org/?perspective=full&amp;conceptId1=52571006">52571006</a></td><td>Chronic tracheobronchitis</td><td/></tr><tr><td style="white-space:nowrap"><a name="http---snomed.info-sct-20091000175107"> </a><a href="http://browser.ihtsdotools.org/?perspective=full&amp;conceptId1=20091000175107">20091000175107</a></td><td>Acute on chronic hypoxemic and hypercapnic respiratory failure</td><td/></tr><tr><td style="white-space:nowrap"><a name="http---snomed.info-sct-836477007"> </a><a href="http://browser.ihtsdotools.org/?perspective=full&amp;conceptId1=836477007">836477007</a></td><td>Chronic emphysema due to vapour</td><td/></tr><tr><td style="white-space:nowrap"><a name="http---snomed.info-sct-196001008"> </a><a href="http://browser.ihtsdotools.org/?perspective=full&amp;conceptId1=196001008">196001008</a></td><td>COPD with acute lower respiratory infection</td><td/></tr><tr><td style="white-space:nowrap"><a name="http---snomed.info-sct-89099002"> </a><a href="http://browser.ihtsdotools.org/?perspective=full&amp;conceptId1=89099002">89099002</a></td><td>Chronic allergic bronchitis</td><td/></tr><tr><td style="white-space:nowrap"><a name="http---snomed.info-sct-232393006"> </a><a href="http://browser.ihtsdotools.org/?perspective=full&amp;conceptId1=232393006">232393006</a></td><td>Chronic anterior ethmoidal sinusitis</td><td/></tr><tr><td style="white-space:nowrap"><a name="http---snomed.info-sct-51068008"> </a><a href="http://browser.ihtsdotools.org/?perspective=full&amp;conceptId1=51068008">51068008</a></td><td>Adult bronchiectasis</td><td/></tr><tr><td style="white-space:nowrap"><a name="http---snomed.info-sct-195768000"> </a><a href="http://browser.ihtsdotools.org/?perspective=full&amp;conceptId1=195768000">195768000</a></td><td>Chronic hypertrophic rhinitis</td><td/></tr><tr><td style="white-space:nowrap"><a name="http---snomed.info-sct-18121009"> </a><a href="http://browser.ihtsdotools.org/?perspective=full&amp;conceptId1=18121009">18121009</a></td><td>Chronic berylliosis</td><td/></tr><tr><td style="white-space:nowrap"><a name="http---snomed.info-sct-1751000119100"> </a><a href="http://browser.ihtsdotools.org/?perspective=full&amp;conceptId1=1751000119100">1751000119100</a></td><td>Acute exacerbation of COPD with asthma</td><td/></tr><tr><td style="white-space:nowrap"><a name="http---snomed.info-sct-77097004"> </a><a href="http://browser.ihtsdotools.org/?perspective=full&amp;conceptId1=77097004">77097004</a></td><td>Oculopharyngeal muscular dystrophy</td><td/></tr><tr><td style="white-space:nowrap"><a name="http---snomed.info-sct-430969000"> </a><a href="http://browser.ihtsdotools.org/?perspective=full&amp;conceptId1=430969000">430969000</a></td><td>Recurrent aspiration pneumonia</td><td/></tr><tr><td style="white-space:nowrap"><a name="http---snomed.info-sct-713526000"> </a><a href="http://browser.ihtsdotools.org/?perspective=full&amp;conceptId1=713526000">713526000</a></td><td>Recurrent bacterial pneumonia co-occurrent with HIV infection</td><td/></tr><tr><td style="white-space:nowrap"><a name="http---snomed.info-sct-426437004"> </a><a href="http://browser.ihtsdotools.org/?perspective=full&amp;conceptId1=426437004">426437004</a></td><td>Familial idiopathic pulmonary fibrosis</td><td/></tr><tr><td style="white-space:nowrap"><a name="http---snomed.info-sct-61937009"> </a><a href="http://browser.ihtsdotools.org/?perspective=full&amp;conceptId1=61937009">61937009</a></td><td>Simple chronic bronchitis</td><td/></tr><tr><td style="white-space:nowrap"><a name="http---snomed.info-sct-19325002"> </a><a href="http://browser.ihtsdotools.org/?perspective=full&amp;conceptId1=19325002">19325002</a></td><td>Traction bronchiectasis</td><td/></tr><tr><td style="white-space:nowrap"><a name="http---snomed.info-sct-38961000"> </a><a href="http://browser.ihtsdotools.org/?perspective=full&amp;conceptId1=38961000">38961000</a></td><td>Chronic sphenoidal sinusitis</td><td/></tr><tr><td style="white-space:nowrap"><a name="http---snomed.info-sct-60130002"> </a><a href="http://browser.ihtsdotools.org/?perspective=full&amp;conceptId1=60130002">60130002</a></td><td>Chronic frontal sinusitis</td><td/></tr><tr><td style="white-space:nowrap"><a name="http---snomed.info-sct-74417001"> </a><a href="http://browser.ihtsdotools.org/?perspective=full&amp;conceptId1=74417001">74417001</a></td><td>Mucopurulent chronic bronchitis</td><td/></tr><tr><td style="white-space:nowrap"><a name="http---snomed.info-sct-232395004"> </a><a href="http://browser.ihtsdotools.org/?perspective=full&amp;conceptId1=232395004">232395004</a></td><td>Chronic panethmoidal sinusitis</td><td/></tr><tr><td style="white-space:nowrap"><a name="http---snomed.info-sct-713525001"> </a><a href="http://browser.ihtsdotools.org/?perspective=full&amp;conceptId1=713525001">713525001</a></td><td>Recurrent bacterial pneumonia</td><td/></tr><tr><td style="white-space:nowrap"><a name="http---snomed.info-sct-37180002"> </a><a href="http://browser.ihtsdotools.org/?perspective=full&amp;conceptId1=37180002">37180002</a></td><td>Chronic nonspecific lung disease</td><td/></tr><tr><td style="white-space:nowrap"><a name="http---snomed.info-sct-195756009"> </a><a href="http://browser.ihtsdotools.org/?perspective=full&amp;conceptId1=195756009">195756009</a></td><td>Woakes&#39; ethmoiditis</td><td/></tr><tr><td style="white-space:nowrap"><a name="http---snomed.info-sct-42402006"> </a><a href="http://browser.ihtsdotools.org/?perspective=full&amp;conceptId1=42402006">42402006</a></td><td>Kartagener syndrome</td><td/></tr><tr><td style="white-space:nowrap"><a name="http---snomed.info-sct-232396003"> </a><a href="http://browser.ihtsdotools.org/?perspective=full&amp;conceptId1=232396003">232396003</a></td><td>Chronic osteomeatal disease</td><td/></tr><tr><td style="white-space:nowrap"><a name="http---snomed.info-sct-240742009"> </a><a href="http://browser.ihtsdotools.org/?perspective=full&amp;conceptId1=240742009">240742009</a></td><td>Chronic pulmonary African histoplasmosis</td><td/></tr><tr><td style="white-space:nowrap"><a name="http---snomed.info-sct-448739000"> </a><a href="http://browser.ihtsdotools.org/?perspective=full&amp;conceptId1=448739000">448739000</a></td><td>Recurrent lower respiratory tract infection</td><td/></tr><tr><td style="white-space:nowrap"><a name="http---snomed.info-sct-707553005"> </a><a href="http://browser.ihtsdotools.org/?perspective=full&amp;conceptId1=707553005">707553005</a></td><td>Chronic exogenous lipoid pneumonia</td><td/></tr><tr><td style="white-space:nowrap"><a name="http---snomed.info-sct-266404004"> </a><a href="http://browser.ihtsdotools.org/?perspective=full&amp;conceptId1=266404004">266404004</a></td><td>Chronic chemical respiratory disease</td><td/></tr><tr><td style="white-space:nowrap"><a name="http---snomed.info-sct-135836000"> </a><a href="http://browser.ihtsdotools.org/?perspective=full&amp;conceptId1=135836000">135836000</a></td><td>End stage COPD</td><td/></tr><tr><td style="white-space:nowrap"><a name="http---snomed.info-sct-240747003"> </a><a href="http://browser.ihtsdotools.org/?perspective=full&amp;conceptId1=240747003">240747003</a></td><td>Chronic pulmonary blastomycosis</td><td/></tr><tr><td style="white-space:nowrap"><a name="http---snomed.info-sct-708030004"> </a><a href="http://browser.ihtsdotools.org/?perspective=full&amp;conceptId1=708030004">708030004</a></td><td>Pulmonary emphysema co-occurrent with fibrosis of lung</td><td/></tr><tr><td style="white-space:nowrap"><a name="http---snomed.info-sct-232439007"> </a><a href="http://browser.ihtsdotools.org/?perspective=full&amp;conceptId1=232439007">232439007</a></td><td>Relapsing polychondritis of larynx</td><td/></tr><tr><td style="white-space:nowrap"><a name="http---snomed.info-sct-428173007"> </a><a href="http://browser.ihtsdotools.org/?perspective=full&amp;conceptId1=428173007">428173007</a></td><td>Chronic hypoxemic respiratory failure</td><td/></tr><tr><td style="white-space:nowrap"><a name="http---snomed.info-sct-23958009"> </a><a href="http://browser.ihtsdotools.org/?perspective=full&amp;conceptId1=23958009">23958009</a></td><td>Vanishing lung</td><td/></tr><tr><td style="white-space:nowrap"><a name="http---snomed.info-sct-91926002"> </a><a href="http://browser.ihtsdotools.org/?perspective=full&amp;conceptId1=91926002">91926002</a></td><td>Allergic rhinitis due to grass pollen</td><td/></tr><tr><td style="white-space:nowrap"><a name="http---snomed.info-sct-21719001"> </a><a href="http://browser.ihtsdotools.org/?perspective=full&amp;conceptId1=21719001">21719001</a></td><td>Allergic rhinitis due to pollen</td><td/></tr><tr><td style="white-space:nowrap"><a name="http---snomed.info-sct-771306007"> </a><a href="http://browser.ihtsdotools.org/?perspective=full&amp;conceptId1=771306007">771306007</a></td><td>Hereditary fibrosing poikiloderma, tendon contractures, myopathy, pulmonary fibrosis syndrome</td><td/></tr><tr><td style="white-space:nowrap"><a name="http---snomed.info-sct-232406009"> </a><a href="http://browser.ihtsdotools.org/?perspective=full&amp;conceptId1=232406009">232406009</a></td><td>Chronic pharyngeal candidiasis</td><td/></tr><tr><td style="white-space:nowrap"><a name="http---snomed.info-sct-63866002"> </a><a href="http://browser.ihtsdotools.org/?perspective=full&amp;conceptId1=63866002">63866002</a></td><td>Atrophic pharyngitis</td><td/></tr><tr><td style="white-space:nowrap"><a name="http---snomed.info-sct-140004"> </a><a href="http://browser.ihtsdotools.org/?perspective=full&amp;conceptId1=140004">140004</a></td><td>Chronic pharyngitis</td><td/></tr><tr><td style="white-space:nowrap"><a name="http---snomed.info-sct-49691004"> </a><a href="http://browser.ihtsdotools.org/?perspective=full&amp;conceptId1=49691004">49691004</a></td><td>Occupational bronchitis</td><td/></tr><tr><td style="white-space:nowrap"><a name="http---snomed.info-sct-233615002"> </a><a href="http://browser.ihtsdotools.org/?perspective=full&amp;conceptId1=233615002">233615002</a></td><td>Chronic pulmonary coccidioidomycosis</td><td/></tr><tr><td style="white-space:nowrap"><a name="http---snomed.info-sct-699014000"> </a><a href="http://browser.ihtsdotools.org/?perspective=full&amp;conceptId1=699014000">699014000</a></td><td>Recurrent pneumonia</td><td/></tr><tr><td style="white-space:nowrap"><a name="http---snomed.info-sct-472827002"> </a><a href="http://browser.ihtsdotools.org/?perspective=full&amp;conceptId1=472827002">472827002</a></td><td>Recurrent respiratory papillomatosis</td><td/></tr><tr><td style="white-space:nowrap"><a name="http---snomed.info-sct-83271005"> </a><a href="http://browser.ihtsdotools.org/?perspective=full&amp;conceptId1=83271005">83271005</a></td><td>Chronic laryngotracheitis</td><td/></tr><tr><td style="white-space:nowrap"><a name="http---snomed.info-sct-7457009"> </a><a href="http://browser.ihtsdotools.org/?perspective=full&amp;conceptId1=7457009">7457009</a></td><td>Chronic tracheitis</td><td/></tr><tr><td style="white-space:nowrap"><a name="http---snomed.info-sct-195810009"> </a><a href="http://browser.ihtsdotools.org/?perspective=full&amp;conceptId1=195810009">195810009</a></td><td>Chronic laryngitis and laryngotracheitis</td><td/></tr><tr><td style="white-space:nowrap"><a name="http---snomed.info-sct-29951006"> </a><a href="http://browser.ihtsdotools.org/?perspective=full&amp;conceptId1=29951006">29951006</a></td><td>Chronic laryngitis</td><td/></tr><tr><td style="white-space:nowrap"><a name="http---snomed.info-sct-789574002"> </a><a href="http://browser.ihtsdotools.org/?perspective=full&amp;conceptId1=789574002">789574002</a></td><td>Acute exacerbation of idiopathic pulmonary fibrosis</td><td/></tr><tr><td style="white-space:nowrap"><a name="http---snomed.info-sct-700250006"> </a><a href="http://browser.ihtsdotools.org/?perspective=full&amp;conceptId1=700250006">700250006</a></td><td>Idiopathic pulmonary fibrosis</td><td/></tr><tr><td style="white-space:nowrap"><a name="http---snomed.info-sct-704345008"> </a><a href="http://browser.ihtsdotools.org/?perspective=full&amp;conceptId1=704345008">704345008</a></td><td>Chronic interstitial pneumonia</td><td/></tr><tr><td style="white-space:nowrap"><a name="http---snomed.info-sct-102361000119104"> </a><a href="http://browser.ihtsdotools.org/?perspective=full&amp;conceptId1=102361000119104">102361000119104</a></td><td>Chronic pneumonia</td><td/></tr><tr><td style="white-space:nowrap"><a name="http---snomed.info-sct-2912004"> </a><a href="http://browser.ihtsdotools.org/?perspective=full&amp;conceptId1=2912004">2912004</a></td><td>Cystic-bullous disease of the lung</td><td/></tr><tr><td style="white-space:nowrap"><a name="http---snomed.info-sct-430476004"> </a><a href="http://browser.ihtsdotools.org/?perspective=full&amp;conceptId1=430476004">430476004</a></td><td>Diffuse panbronchiolitis</td><td/></tr><tr><td style="white-space:nowrap"><a name="http---snomed.info-sct-59454008"> </a><a href="http://browser.ihtsdotools.org/?perspective=full&amp;conceptId1=59454008">59454008</a></td><td>Laryngitis sicca</td><td/></tr><tr><td style="white-space:nowrap"><a name="http---snomed.info-sct-733171006"> </a><a href="http://browser.ihtsdotools.org/?perspective=full&amp;conceptId1=733171006">733171006</a></td><td>Chronic pulmonary aspergillosis</td><td/></tr><tr><td style="white-space:nowrap"><a name="http---snomed.info-sct-733170007"> </a><a href="http://browser.ihtsdotools.org/?perspective=full&amp;conceptId1=733170007">733170007</a></td><td>Chronic aspergillosis of paranasal sinus</td><td/></tr><tr><td style="white-space:nowrap"><a name="http---snomed.info-sct-313297008"> </a><a href="http://browser.ihtsdotools.org/?perspective=full&amp;conceptId1=313297008">313297008</a></td><td>Moderate COPD</td><td/></tr><tr><td style="white-space:nowrap"><a name="http---snomed.info-sct-266356006"> </a><a href="http://browser.ihtsdotools.org/?perspective=full&amp;conceptId1=266356006">266356006</a></td><td>Atrophic (senile) emphysema</td><td/></tr><tr><td style="white-space:nowrap"><a name="http---snomed.info-sct-266342009"> </a><a href="http://browser.ihtsdotools.org/?perspective=full&amp;conceptId1=266342009">266342009</a></td><td>Chronic catarrhal rhinitis</td><td/></tr><tr><td style="white-space:nowrap"><a name="http---snomed.info-sct-86094006"> </a><a href="http://browser.ihtsdotools.org/?perspective=full&amp;conceptId1=86094006">86094006</a></td><td>Chronic rhinitis</td><td/></tr><tr><td style="white-space:nowrap"><a name="http---snomed.info-sct-266355005"> </a><a href="http://browser.ihtsdotools.org/?perspective=full&amp;conceptId1=266355005">266355005</a></td><td>Bullous emphysema with collapse</td><td/></tr><tr><td style="white-space:nowrap"><a name="http---snomed.info-sct-123713005"> </a><a href="http://browser.ihtsdotools.org/?perspective=full&amp;conceptId1=123713005">123713005</a></td><td>Chronic atelectasis</td><td/></tr><tr><td style="white-space:nowrap"><a name="http---snomed.info-sct-63841001"> </a><a href="http://browser.ihtsdotools.org/?perspective=full&amp;conceptId1=63841001">63841001</a></td><td>Chronic pulmonary congestion</td><td/></tr><tr><td style="white-space:nowrap"><a name="http---snomed.info-sct-840350008"> </a><a href="http://browser.ihtsdotools.org/?perspective=full&amp;conceptId1=840350008">840350008</a></td><td>Chronic obliterative bronchiolitis due to chemical fumes</td><td/></tr><tr><td style="white-space:nowrap"><a name="http---snomed.info-sct-47938003"> </a><a href="http://browser.ihtsdotools.org/?perspective=full&amp;conceptId1=47938003">47938003</a></td><td>Chronic obliterative bronchiolitis</td><td/></tr><tr><td style="white-space:nowrap"><a name="http---snomed.info-sct-737180005"> </a><a href="http://browser.ihtsdotools.org/?perspective=full&amp;conceptId1=737180005">737180005</a></td><td>Chronic bronchiolitis</td><td/></tr><tr><td style="white-space:nowrap"><a name="http---snomed.info-sct-846636003"> </a><a href="http://browser.ihtsdotools.org/?perspective=full&amp;conceptId1=846636003">846636003</a></td><td>Chronic respiratory condition caused by chemical fumes</td><td/></tr><tr><td style="white-space:nowrap"><a name="http---snomed.info-sct-846634000"> </a><a href="http://browser.ihtsdotools.org/?perspective=full&amp;conceptId1=846634000">846634000</a></td><td>Chronic respiratory condition caused by fumes</td><td/></tr><tr><td style="white-space:nowrap"><a name="http---snomed.info-sct-88850006"> </a><a href="http://browser.ihtsdotools.org/?perspective=full&amp;conceptId1=88850006">88850006</a></td><td>Chronic pansinusitis</td><td/></tr><tr><td style="white-space:nowrap"><a name="http---snomed.info-sct-40055000"> </a><a href="http://browser.ihtsdotools.org/?perspective=full&amp;conceptId1=40055000">40055000</a></td><td>Chronic sinusitis</td><td/></tr><tr><td style="white-space:nowrap"><a name="http---snomed.info-sct-7361000175106"> </a><a href="http://browser.ihtsdotools.org/?perspective=full&amp;conceptId1=7361000175106">7361000175106</a></td><td>Acute on chronic hypercapnic respiratory failure</td><td/></tr><tr><td style="white-space:nowrap"><a name="http---snomed.info-sct-426896000"> </a><a href="http://browser.ihtsdotools.org/?perspective=full&amp;conceptId1=426896000">426896000</a></td><td>Chronic hypercapnic respiratory failure</td><td/></tr><tr><td style="white-space:nowrap"><a name="http---snomed.info-sct-67905004"> </a><a href="http://browser.ihtsdotools.org/?perspective=full&amp;conceptId1=67905004">67905004</a></td><td>Acute-on-chronic respiratory failure</td><td/></tr><tr><td style="white-space:nowrap"><a name="http---snomed.info-sct-39871006"> </a><a href="http://browser.ihtsdotools.org/?perspective=full&amp;conceptId1=39871006">39871006</a></td><td>Chronic respiratory failure</td><td/></tr><tr><td style="white-space:nowrap"><a name="http---snomed.info-sct-427896006"> </a><a href="http://browser.ihtsdotools.org/?perspective=full&amp;conceptId1=427896006">427896006</a></td><td>Chronic respiratory insufficiency</td><td/></tr><tr><td style="white-space:nowrap"><a name="http---snomed.info-sct-195866009"> </a><a href="http://browser.ihtsdotools.org/?perspective=full&amp;conceptId1=195866009">195866009</a></td><td>Laryngeal pachydermia</td><td/></tr><tr><td style="white-space:nowrap"><a name="http---snomed.info-sct-47895001"> </a><a href="http://browser.ihtsdotools.org/?perspective=full&amp;conceptId1=47895001">47895001</a></td><td>Congenital emphysema</td><td/></tr><tr><td style="white-space:nowrap"><a name="http---snomed.info-sct-721076000"> </a><a href="http://browser.ihtsdotools.org/?perspective=full&amp;conceptId1=721076000">721076000</a></td><td>Siegler Brewer Carey syndrome</td><td/></tr><tr><td style="white-space:nowrap"><a name="http---snomed.info-sct-106001000119101"> </a><a href="http://browser.ihtsdotools.org/?perspective=full&amp;conceptId1=106001000119101">106001000119101</a></td><td>COPD co-occurrent with acute bronchitis</td><td/></tr><tr><td style="white-space:nowrap"><a name="http---snomed.info-sct-195984007"> </a><a href="http://browser.ihtsdotools.org/?perspective=full&amp;conceptId1=195984007">195984007</a></td><td>Recurrent bronchiectasis</td><td/></tr><tr><td style="white-space:nowrap"><a name="http---snomed.info-sct-16003001"> </a><a href="http://browser.ihtsdotools.org/?perspective=full&amp;conceptId1=16003001">16003001</a></td><td>Giant bullous emphysema</td><td/></tr><tr><td style="white-space:nowrap"><a name="http---snomed.info-sct-195957006"> </a><a href="http://browser.ihtsdotools.org/?perspective=full&amp;conceptId1=195957006">195957006</a></td><td>Chronic bullous emphysema</td><td/></tr><tr><td style="white-space:nowrap"><a name="http---snomed.info-sct-4981000"> </a><a href="http://browser.ihtsdotools.org/?perspective=full&amp;conceptId1=4981000">4981000</a></td><td>Panacinar emphysema</td><td/></tr><tr><td style="white-space:nowrap"><a name="http---snomed.info-sct-16846004"> </a><a href="http://browser.ihtsdotools.org/?perspective=full&amp;conceptId1=16846004">16846004</a></td><td>Obstructive emphysema</td><td/></tr><tr><td style="white-space:nowrap"><a name="http---snomed.info-sct-87433001"> </a><a href="http://browser.ihtsdotools.org/?perspective=full&amp;conceptId1=87433001">87433001</a></td><td>Pulmonary emphysema</td><td/></tr><tr><td style="white-space:nowrap"><a name="http---snomed.info-sct-702383005"> </a><a href="http://browser.ihtsdotools.org/?perspective=full&amp;conceptId1=702383005">702383005</a></td><td>Distal myopathy 2</td><td/></tr><tr><td style="white-space:nowrap"><a name="http---snomed.info-sct-313296004"> </a><a href="http://browser.ihtsdotools.org/?perspective=full&amp;conceptId1=313296004">313296004</a></td><td>Mild COPD</td><td/></tr><tr><td style="white-space:nowrap"><a name="http---snomed.info-sct-13645005"> </a><a href="http://browser.ihtsdotools.org/?perspective=full&amp;conceptId1=13645005">13645005</a></td><td>COPD</td><td/></tr><tr><td style="white-space:nowrap"><a name="http---snomed.info-sct-735465007"> </a><a href="http://browser.ihtsdotools.org/?perspective=full&amp;conceptId1=735465007">735465007</a></td><td>Protracted bronchitis caused by bacterium</td><td/></tr><tr><td style="white-space:nowrap"><a name="http---snomed.info-sct-63480004"> </a><a href="http://browser.ihtsdotools.org/?perspective=full&amp;conceptId1=63480004">63480004</a></td><td>Chronic bronchitis</td><td/></tr><tr><td style="white-space:nowrap"><a name="http---snomed.info-sct-17097001"> </a><a href="http://browser.ihtsdotools.org/?perspective=full&amp;conceptId1=17097001">17097001</a></td><td>Chronic disease of respiratory system</td><td/></tr></table></div></text><url value="http://fhir.org/guides/acep/ValueSet/covid-19-condition-risk-respiratory"/><version value="0.1.0"/><name value="COVID19RiskFactorChronicRespiratory"/><title value="COVID-19 Risk Factor Chronic Respiratory Disease Conditions Value Set"/><status value="active"/><date value="2021-06-25T20:33:12+00:00"/><publisher value="Veterans Health Administration (VHA)"/><contact><telecom><system value="url"/><value value="http://hl7.org/Special/committees/[something]"/></telecom></contact><description value="COVID-19 Risk Factor Chronic Respiratory Disease Conditions Value Set"/><jurisdiction><coding><system value="http://unstats.un.org/unsd/methods/m49/m49.htm"/><code value="001"/></coding></jurisdiction><expansion><identifier value="d782bdef-0260-495e-9576-962fb0d8911e"/><timestamp value="2021-02-20T06:05:43+10:00"/><total value="201"/><offset value="0"/><parameter><name value="version"/><valueUri value="http://snomed.info/sct|http://snomed.info/sct/32506021000036107/version/20210204"/></parameter><parameter><name value="count"/><valueInteger value="2147483647"/></parameter><parameter><name value="offset"/><valueInteger value="0"/></parameter><contains><system value="http://snomed.info/sct"/><code value="195798007"/><display value="Chronic adenotonsillitis"/></contains><contains><system value="http://snomed.info/sct"/><code value="232420002"/><display value="Chronic adenoiditis"/></contains><contains><system value="http://snomed.info/sct"/><code value="47841006"/><display value="Chronic nasopharyngitis"/></contains><contains><system value="http://snomed.info/sct"/><code value="724500003"/><display value="Idiopathic chronic eosinophilic pneumonia"/></contains><contains><system value="http://snomed.info/sct"/><code value="164260005"/><display value="O/E - granular pharyngitis"/></contains><contains><system value="http://snomed.info/sct"/><code value="2365002"/><display value="Chronic granular pharyngitis"/></contains><contains><system value="http://snomed.info/sct"/><code value="195771008"/><display value="Chronic ulcerative rhinitis"/></contains><contains><system value="http://snomed.info/sct"/><code value="196026004"/><display value="Chronic emphysema due to chemical fumes"/></contains><contains><system value="http://snomed.info/sct"/><code value="195958001"/><display value="Segmental bullous emphysema"/></contains><contains><system value="http://snomed.info/sct"/><code value="195811008"/><display value="Chronic simple laryngitis"/></contains><contains><system value="http://snomed.info/sct"/><code value="195772001"/><display value="Chronic membranous rhinitis"/></contains><contains><system value="http://snomed.info/sct"/><code value="195812001"/><display value="Chronic catarrhal laryngitis"/></contains><contains><system value="http://snomed.info/sct"/><code value="275376007"/><display value="Congenital syphilitic chronic coryza"/></contains><contains><system value="http://snomed.info/sct"/><code value="195959009"/><display value="Zonal bullous emphysema"/></contains><contains><system value="http://snomed.info/sct"/><code value="195773006"/><display value="Chronic fibrinous rhinitis"/></contains><contains><system value="http://snomed.info/sct"/><code value="60805002"/><display value="Haemolytic anaemia with emphysema AND cutis laxa"/></contains><contains><system value="http://snomed.info/sct"/><code value="195813006"/><display value="Chronic hyperplastic laryngitis"/></contains><contains><system value="http://snomed.info/sct"/><code value="77690003"/><display value="Interstitial emphysema of lung"/></contains><contains><system value="http://snomed.info/sct"/><code value="66987001"/><display value="Congenital lobar emphysema"/></contains><contains><system value="http://snomed.info/sct"/><code value="91928001"/><display value="Allergic rhinitis due to weed pollen"/></contains><contains><system value="http://snomed.info/sct"/><code value="35923002"/><display value="Chronic maxillary sinusitis"/></contains><contains><system value="http://snomed.info/sct"/><code value="54287007"/><display value="Ozena laryngis"/></contains><contains><system value="http://snomed.info/sct"/><code value="69646003"/><display value="Ozena"/></contains><contains><system value="http://snomed.info/sct"/><code value="195769008"/><display value="Chronic atrophic rhinitis"/></contains><contains><system value="http://snomed.info/sct"/><code value="232457008"/><display value="Laryngeal papillomatosis"/></contains><contains><system value="http://snomed.info/sct"/><code value="73237007"/><display value="Chronic ethmoidal sinusitis"/></contains><contains><system value="http://snomed.info/sct"/><code value="232397007"/><display value="Chronic frontoethmoidal sinusitis"/></contains><contains><system value="http://snomed.info/sct"/><code value="720009004"/><display value="Intractable diarrhoea with choanal atresia and eye anomaly syndrome"/></contains><contains><system value="http://snomed.info/sct"/><code value="95239003"/><display value="Rhinitis medicamentosa"/></contains><contains><system value="http://snomed.info/sct"/><code value="233630006"/><display value="Obstructive bronchiectasis"/></contains><contains><system value="http://snomed.info/sct"/><code value="233762004"/><display value="Chronic silicosis"/></contains><contains><system value="http://snomed.info/sct"/><code value="195765002"/><display value="Chronic simple rhinitis"/></contains><contains><system value="http://snomed.info/sct"/><code value="599006"/><display value="Chronic pneumothorax"/></contains><contains><system value="http://snomed.info/sct"/><code value="232344001"/><display value="Rhinitis caseosa"/></contains><contains><system value="http://snomed.info/sct"/><code value="233677001"/><display value="Scar emphysema"/></contains><contains><system value="http://snomed.info/sct"/><code value="195770009"/><display value="Chronic infective rhinitis"/></contains><contains><system value="http://snomed.info/sct"/><code value="70756004"/><display value="Bronchial atresia with segmental pulmonary emphysema"/></contains><contains><system value="http://snomed.info/sct"/><code value="195779005"/><display value="Pharyngitis keratosa"/></contains><contains><system value="http://snomed.info/sct"/><code value="233631005"/><display value="Toxin-induced bronchiectasis"/></contains><contains><system value="http://snomed.info/sct"/><code value="31898008"/><display value="Paraseptal emphysema"/></contains><contains><system value="http://snomed.info/sct"/><code value="232391008"/><display value="Recurrent acute sinusitis"/></contains><contains><system value="http://snomed.info/sct"/><code value="233632003"/><display value="Bronchiectasis due to toxic aspiration"/></contains><contains><system value="http://snomed.info/sct"/><code value="785736001"/><display value="Chronic bronchitis co-occurrent with wheeze"/></contains><contains><system value="http://snomed.info/sct"/><code value="33325001"/><display value="Compensatory emphysema"/></contains><contains><system value="http://snomed.info/sct"/><code value="24078009"/><display value="Gangosa of yaws"/></contains><contains><system value="http://snomed.info/sct"/><code value="232434002"/><display value="Chronic fungal laryngitis"/></contains><contains><system value="http://snomed.info/sct"/><code value="846637007"/><display value="Chronic pulmonary fibrosis caused by chemical vapours"/></contains><contains><system value="http://snomed.info/sct"/><code value="36599006"/><display value="Chronic fibrosis of lung"/></contains><contains><system value="http://snomed.info/sct"/><code value="233633008"/><display value="Bronchiectasis due to toxic inhalation"/></contains><contains><system value="http://snomed.info/sct"/><code value="232430006"/><display value="Recurrent allergic croup"/></contains><contains><system value="http://snomed.info/sct"/><code value="432958009"/><display value="Chronic rejection of lung transplant"/></contains><contains><system value="http://snomed.info/sct"/><code value="716771000"/><display value="Chronic hiccups"/></contains><contains><system value="http://snomed.info/sct"/><code value="68328006"/><display value="Centriacinar emphysema"/></contains><contains><system value="http://snomed.info/sct"/><code value="314954002"/><display value="Local recurrence of malignant tumour of lung"/></contains><contains><system value="http://snomed.info/sct"/><code value="232394000"/><display value="Chronic posterior ethmoidal sinusitis"/></contains><contains><system value="http://snomed.info/sct"/><code value="133171000119105"/><display value="Chronic pharyngolaryngitis"/></contains><contains><system value="http://snomed.info/sct"/><code value="232405008"/><display value="Chronic ulcerative pharyngitis"/></contains><contains><system value="http://snomed.info/sct"/><code value="293241000119100"/><display value="Acute exacerbation of chronic obstructive bronchitis"/></contains><contains><system value="http://snomed.info/sct"/><code value="425748003"/><display value="Acute exacerbation of chronic bronchitis"/></contains><contains><system value="http://snomed.info/sct"/><code value="185086009"/><display value="Chronic obstructive bronchitis"/></contains><contains><system value="http://snomed.info/sct"/><code value="763829004"/><display value="Oculopharyngodistal myopathy"/></contains><contains><system value="http://snomed.info/sct"/><code value="93447004"/><display value="Eosinophilic nonallergic rhinitis"/></contains><contains><system value="http://snomed.info/sct"/><code value="91927006"/><display value="Allergic rhinitis due to tree pollen"/></contains><contains><system value="http://snomed.info/sct"/><code value="10692721000119102"/><display value="Chronic obstructive asthma co-occurrent with acute exacerbation of asthma"/></contains><contains><system value="http://snomed.info/sct"/><code value="313299006"/><display value="Severe COPD"/></contains><contains><system value="http://snomed.info/sct"/><code value="26427008"/><display value="Chronic pulmonary histoplasmosis"/></contains><contains><system value="http://snomed.info/sct"/><code value="840351007"/><display value="Chronic obliterative bronchiolitis due to vapour"/></contains><contains><system value="http://snomed.info/sct"/><code value="846635004"/><display value="Chronic respiratory condition due to vapours"/></contains><contains><system value="http://snomed.info/sct"/><code value="84409004"/><display value="Fetid chronic bronchitis"/></contains><contains><system value="http://snomed.info/sct"/><code value="18354001"/><display value="Chronic induration of lung"/></contains><contains><system value="http://snomed.info/sct"/><code value="12310001"/><display value="Childhood bronchiectasis"/></contains><contains><system value="http://snomed.info/sct"/><code value="771081007"/><display value="Distal hereditary motor neuropathy type 7"/></contains><contains><system value="http://snomed.info/sct"/><code value="707534000"/><display value="Chronic lung disease due to surfactant disorder"/></contains><contains><system value="http://snomed.info/sct"/><code value="413839001"/><display value="Chronic lung disease"/></contains><contains><system value="http://snomed.info/sct"/><code value="10629231000119109"/><display value="Recurrent acute streptococcal tonsillitis"/></contains><contains><system value="http://snomed.info/sct"/><code value="195708003"/><display value="Recurrent upper respiratory tract infection"/></contains><contains><system value="http://snomed.info/sct"/><code value="16358007"/><display value="Chronic disease of tonsils AND/OR adenoids"/></contains><contains><system value="http://snomed.info/sct"/><code value="829976001"/><display value="Thunderstorm asthma"/></contains><contains><system value="http://snomed.info/sct"/><code value="427909005"/><display value="Chronic recurrent sinusitis"/></contains><contains><system value="http://snomed.info/sct"/><code value="195788001"/><display value="Recurrent sinusitis"/></contains><contains><system value="http://snomed.info/sct"/><code value="233683003"/><display value="Hay fever with asthma"/></contains><contains><system value="http://snomed.info/sct"/><code value="445427006"/><display value="Seasonal asthma"/></contains><contains><system value="http://snomed.info/sct"/><code value="367498001"/><display value="Seasonal allergic rhinitis"/></contains><contains><system value="http://snomed.info/sct"/><code value="95240001"/><display value="Rhinitis sicca"/></contains><contains><system value="http://snomed.info/sct"/><code value="46847001"/><display value="Chronic pulmonary oedema"/></contains><contains><system value="http://snomed.info/sct"/><code value="717231003"/><display value="Periodic fever and aphthous stomatitis with pharyngitis and cervical lymphadenitis syndrome"/></contains><contains><system value="http://snomed.info/sct"/><code value="417688002"/><display value="Chronic progressive coccidioidal pneumonia"/></contains><contains><system value="http://snomed.info/sct"/><code value="28791000119105"/><display value="Chronic coccidioidomycotic pneumonia"/></contains><contains><system value="http://snomed.info/sct"/><code value="285381006"/><display value="Acute infective exacerbation of COPD"/></contains><contains><system value="http://snomed.info/sct"/><code value="195951007"/><display value="Acute exacerbation of COPD"/></contains><contains><system value="http://snomed.info/sct"/><code value="195780008"/><display value="Pharyngitis sicca"/></contains><contains><system value="http://snomed.info/sct"/><code value="233674008"/><display value="Pulmonary emphysema in alpha-1 PI deficiency"/></contains><contains><system value="http://snomed.info/sct"/><code value="233713004"/><display value="Seasonal cryptogenic organising pneumonia with biochemical cholestasis"/></contains><contains><system value="http://snomed.info/sct"/><code value="10692761000119107"/><display value="Asthma-COPD overlap syndrome (ACOS)"/></contains><contains><system value="http://snomed.info/sct"/><code value="22951000119104"/><display value="Spasmodic croup"/></contains><contains><system value="http://snomed.info/sct"/><code value="195953005"/><display value="Mixed simple and mucopurulent chronic bronchitis"/></contains><contains><system value="http://snomed.info/sct"/><code value="90979004"/><display value="Chronic tonsillitis"/></contains><contains><system value="http://snomed.info/sct"/><code value="254621001"/><display value="Laryngotracheal papillomatosis"/></contains><contains><system value="http://snomed.info/sct"/><code value="442025000"/><display value="Acute exacerbation of chronic asthmatic bronchitis"/></contains><contains><system value="http://snomed.info/sct"/><code value="195949008"/><display value="Chronic asthmatic bronchitis"/></contains><contains><system value="http://snomed.info/sct"/><code value="86680006"/><display value="Ruptured emphysematous bleb of lung"/></contains><contains><system value="http://snomed.info/sct"/><code value="57686001"/><display value="Emphysematous bleb of lung"/></contains><contains><system value="http://snomed.info/sct"/><code value="233675009"/><display value="Toxic emphysema"/></contains><contains><system value="http://snomed.info/sct"/><code value="10672271000119100"/><display value="Acute on chronic hypoxemic respiratory failure"/></contains><contains><system value="http://snomed.info/sct"/><code value="195677001"/><display value="Recurrent acute tonsillitis"/></contains><contains><system value="http://snomed.info/sct"/><code value="196049002"/><display value="Chronic pulmonary radiation disease"/></contains><contains><system value="http://snomed.info/sct"/><code value="195782000"/><display value="Chronic follicular pharyngitis"/></contains><contains><system value="http://snomed.info/sct"/><code value="783182004"/><display value="Chronic respiratory distress with surfactant metabolism deficiency"/></contains><contains><system value="http://snomed.info/sct"/><code value="52571006"/><display value="Chronic tracheobronchitis"/></contains><contains><system value="http://snomed.info/sct"/><code value="20091000175107"/><display value="Acute on chronic hypoxemic and hypercapnic respiratory failure"/></contains><contains><system value="http://snomed.info/sct"/><code value="836477007"/><display value="Chronic emphysema due to vapour"/></contains><contains><system value="http://snomed.info/sct"/><code value="196001008"/><display value="COPD with acute lower respiratory infection"/></contains><contains><system value="http://snomed.info/sct"/><code value="89099002"/><display value="Chronic allergic bronchitis"/></contains><contains><system value="http://snomed.info/sct"/><code value="232393006"/><display value="Chronic anterior ethmoidal sinusitis"/></contains><contains><system value="http://snomed.info/sct"/><code value="51068008"/><display value="Adult bronchiectasis"/></contains><contains><system value="http://snomed.info/sct"/><code value="195768000"/><display value="Chronic hypertrophic rhinitis"/></contains><contains><system value="http://snomed.info/sct"/><code value="18121009"/><display value="Chronic berylliosis"/></contains><contains><system value="http://snomed.info/sct"/><code value="1751000119100"/><display value="Acute exacerbation of COPD with asthma"/></contains><contains><system value="http://snomed.info/sct"/><code value="77097004"/><display value="Oculopharyngeal muscular dystrophy"/></contains><contains><system value="http://snomed.info/sct"/><code value="430969000"/><display value="Recurrent aspiration pneumonia"/></contains><contains><system value="http://snomed.info/sct"/><code value="713526000"/><display value="Recurrent bacterial pneumonia co-occurrent with HIV infection"/></contains><contains><system value="http://snomed.info/sct"/><code value="426437004"/><display value="Familial idiopathic pulmonary fibrosis"/></contains><contains><system value="http://snomed.info/sct"/><code value="61937009"/><display value="Simple chronic bronchitis"/></contains><contains><system value="http://snomed.info/sct"/><code value="19325002"/><display value="Traction bronchiectasis"/></contains><contains><system value="http://snomed.info/sct"/><code value="38961000"/><display value="Chronic sphenoidal sinusitis"/></contains><contains><system value="http://snomed.info/sct"/><code value="60130002"/><display value="Chronic frontal sinusitis"/></contains><contains><system value="http://snomed.info/sct"/><code value="74417001"/><display value="Mucopurulent chronic bronchitis"/></contains><contains><system value="http://snomed.info/sct"/><code value="232395004"/><display value="Chronic panethmoidal sinusitis"/></contains><contains><system value="http://snomed.info/sct"/><code value="713525001"/><display value="Recurrent bacterial pneumonia"/></contains><contains><system value="http://snomed.info/sct"/><code value="37180002"/><display value="Chronic nonspecific lung disease"/></contains><contains><system value="http://snomed.info/sct"/><code value="195756009"/><display value="Woakes&#39; ethmoiditis"/></contains><contains><system value="http://snomed.info/sct"/><code value="42402006"/><display value="Kartagener syndrome"/></contains><contains><system value="http://snomed.info/sct"/><code value="232396003"/><display value="Chronic osteomeatal disease"/></contains><contains><system value="http://snomed.info/sct"/><code value="240742009"/><display value="Chronic pulmonary African histoplasmosis"/></contains><contains><system value="http://snomed.info/sct"/><code value="448739000"/><display value="Recurrent lower respiratory tract infection"/></contains><contains><system value="http://snomed.info/sct"/><code value="707553005"/><display value="Chronic exogenous lipoid pneumonia"/></contains><contains><system value="http://snomed.info/sct"/><code value="266404004"/><display value="Chronic chemical respiratory disease"/></contains><contains><system value="http://snomed.info/sct"/><code value="135836000"/><display value="End stage COPD"/></contains><contains><system value="http://snomed.info/sct"/><code value="240747003"/><display value="Chronic pulmonary blastomycosis"/></contains><contains><system value="http://snomed.info/sct"/><code value="708030004"/><display value="Pulmonary emphysema co-occurrent with fibrosis of lung"/></contains><contains><system value="http://snomed.info/sct"/><code value="232439007"/><display value="Relapsing polychondritis of larynx"/></contains><contains><system value="http://snomed.info/sct"/><code value="428173007"/><display value="Chronic hypoxemic respiratory failure"/></contains><contains><system value="http://snomed.info/sct"/><code value="23958009"/><display value="Vanishing lung"/></contains><contains><system value="http://snomed.info/sct"/><code value="91926002"/><display value="Allergic rhinitis due to grass pollen"/></contains><contains><system value="http://snomed.info/sct"/><code value="21719001"/><display value="Allergic rhinitis due to pollen"/></contains><contains><system value="http://snomed.info/sct"/><code value="771306007"/><display value="Hereditary fibrosing poikiloderma, tendon contractures, myopathy, pulmonary fibrosis syndrome"/></contains><contains><system value="http://snomed.info/sct"/><code value="232406009"/><display value="Chronic pharyngeal candidiasis"/></contains><contains><system value="http://snomed.info/sct"/><code value="63866002"/><display value="Atrophic pharyngitis"/></contains><contains><system value="http://snomed.info/sct"/><code value="140004"/><display value="Chronic pharyngitis"/></contains><contains><system value="http://snomed.info/sct"/><code value="49691004"/><display value="Occupational bronchitis"/></contains><contains><system value="http://snomed.info/sct"/><code value="233615002"/><display value="Chronic pulmonary coccidioidomycosis"/></contains><contains><system value="http://snomed.info/sct"/><code value="699014000"/><display value="Recurrent pneumonia"/></contains><contains><system value="http://snomed.info/sct"/><code value="472827002"/><display value="Recurrent respiratory papillomatosis"/></contains><contains><system value="http://snomed.info/sct"/><code value="83271005"/><display value="Chronic laryngotracheitis"/></contains><contains><system value="http://snomed.info/sct"/><code value="7457009"/><display value="Chronic tracheitis"/></contains><contains><system value="http://snomed.info/sct"/><code value="195810009"/><display value="Chronic laryngitis and laryngotracheitis"/></contains><contains><system value="http://snomed.info/sct"/><code value="29951006"/><display value="Chronic laryngitis"/></contains><contains><system value="http://snomed.info/sct"/><code value="789574002"/><display value="Acute exacerbation of idiopathic pulmonary fibrosis"/></contains><contains><system value="http://snomed.info/sct"/><code value="700250006"/><display value="Idiopathic pulmonary fibrosis"/></contains><contains><system value="http://snomed.info/sct"/><code value="704345008"/><display value="Chronic interstitial pneumonia"/></contains><contains><system value="http://snomed.info/sct"/><code value="102361000119104"/><display value="Chronic pneumonia"/></contains><contains><system value="http://snomed.info/sct"/><code value="2912004"/><display value="Cystic-bullous disease of the lung"/></contains><contains><system value="http://snomed.info/sct"/><code value="430476004"/><display value="Diffuse panbronchiolitis"/></contains><contains><system value="http://snomed.info/sct"/><code value="59454008"/><display value="Laryngitis sicca"/></contains><contains><system value="http://snomed.info/sct"/><code value="733171006"/><display value="Chronic pulmonary aspergillosis"/></contains><contains><system value="http://snomed.info/sct"/><code value="733170007"/><display value="Chronic aspergillosis of paranasal sinus"/></contains><contains><system value="http://snomed.info/sct"/><code value="313297008"/><display value="Moderate COPD"/></contains><contains><system value="http://snomed.info/sct"/><code value="266356006"/><display value="Atrophic (senile) emphysema"/></contains><contains><system value="http://snomed.info/sct"/><code value="266342009"/><display value="Chronic catarrhal rhinitis"/></contains><contains><system value="http://snomed.info/sct"/><code value="86094006"/><display value="Chronic rhinitis"/></contains><contains><system value="http://snomed.info/sct"/><code value="266355005"/><display value="Bullous emphysema with collapse"/></contains><contains><system value="http://snomed.info/sct"/><code value="123713005"/><display value="Chronic atelectasis"/></contains><contains><system value="http://snomed.info/sct"/><code value="63841001"/><display value="Chronic pulmonary congestion"/></contains><contains><system value="http://snomed.info/sct"/><code value="840350008"/><display value="Chronic obliterative bronchiolitis due to chemical fumes"/></contains><contains><system value="http://snomed.info/sct"/><code value="47938003"/><display value="Chronic obliterative bronchiolitis"/></contains><contains><system value="http://snomed.info/sct"/><code value="737180005"/><display value="Chronic bronchiolitis"/></contains><contains><system value="http://snomed.info/sct"/><code value="846636003"/><display value="Chronic respiratory condition caused by chemical fumes"/></contains><contains><system value="http://snomed.info/sct"/><code value="846634000"/><display value="Chronic respiratory condition caused by fumes"/></contains><contains><system value="http://snomed.info/sct"/><code value="88850006"/><display value="Chronic pansinusitis"/></contains><contains><system value="http://snomed.info/sct"/><code value="40055000"/><display value="Chronic sinusitis"/></contains><contains><system value="http://snomed.info/sct"/><code value="7361000175106"/><display value="Acute on chronic hypercapnic respiratory failure"/></contains><contains><system value="http://snomed.info/sct"/><code value="426896000"/><display value="Chronic hypercapnic respiratory failure"/></contains><contains><system value="http://snomed.info/sct"/><code value="67905004"/><display value="Acute-on-chronic respiratory failure"/></contains><contains><system value="http://snomed.info/sct"/><code value="39871006"/><display value="Chronic respiratory failure"/></contains><contains><system value="http://snomed.info/sct"/><code value="427896006"/><display value="Chronic respiratory insufficiency"/></contains><contains><system value="http://snomed.info/sct"/><code value="195866009"/><display value="Laryngeal pachydermia"/></contains><contains><system value="http://snomed.info/sct"/><code value="47895001"/><display value="Congenital emphysema"/></contains><contains><system value="http://snomed.info/sct"/><code value="721076000"/><display value="Siegler Brewer Carey syndrome"/></contains><contains><system value="http://snomed.info/sct"/><code value="106001000119101"/><display value="COPD co-occurrent with acute bronchitis"/></contains><contains><system value="http://snomed.info/sct"/><code value="195984007"/><display value="Recurrent bronchiectasis"/></contains><contains><system value="http://snomed.info/sct"/><code value="16003001"/><display value="Giant bullous emphysema"/></contains><contains><system value="http://snomed.info/sct"/><code value="195957006"/><display value="Chronic bullous emphysema"/></contains><contains><system value="http://snomed.info/sct"/><code value="4981000"/><display value="Panacinar emphysema"/></contains><contains><system value="http://snomed.info/sct"/><code value="16846004"/><display value="Obstructive emphysema"/></contains><contains><system value="http://snomed.info/sct"/><code value="87433001"/><display value="Pulmonary emphysema"/></contains><contains><system value="http://snomed.info/sct"/><code value="702383005"/><display value="Distal myopathy 2"/></contains><contains><system value="http://snomed.info/sct"/><code value="313296004"/><display value="Mild COPD"/></contains><contains><system value="http://snomed.info/sct"/><code value="13645005"/><display value="COPD"/></contains><contains><system value="http://snomed.info/sct"/><code value="735465007"/><display value="Protracted bronchitis caused by bacterium"/></contains><contains><system value="http://snomed.info/sct"/><code value="63480004"/><display value="Chronic bronchitis"/></contains><contains><system value="http://snomed.info/sct"/><code value="17097001"/><display value="Chronic disease of respiratory system"/></contains></expansion></ValueSet>