<?xml version="1.0" encoding="UTF-8"?><ValueSet xmlns="http://hl7.org/fhir"><id value="covid-19-condition-risk-downs-syndrome-snomed"/><language value="en"/><text><status value="generated"/><div xmlns="http://www.w3.org/1999/xhtml" xml:lang="en" lang="en"><p>This value set contains 9 concepts</p><p style="border: black 1px dotted; background-color: #EEEEEE; padding: 8px; margin-bottom: 8px">Expansion based on SNOMED CT Australian edition 04-Feb 2021</p><p>All codes in this table are from the system <a href="http://terminology.hl7.org/3.1.0/CodeSystem-v3-snomed-CT.html"><code>http://snomed.info/sct</code></a></p><table class="codes"><tr><td style="white-space:nowrap"><b>Code</b></td><td><b>Display</b> - English (English, en)</td></tr><tr><td style="white-space:nowrap"><a name="http---snomed.info-sct-41040004"> </a>  <a href="http://snomed.info/id/41040004">41040004</a></td><td>Complete trisomy 21 syndrome (disorder)</td></tr><tr><td style="white-space:nowrap"><a name="http---snomed.info-sct-733194007"> </a>  <a href="http://snomed.info/id/733194007">733194007</a></td><td>Dementia co-occurrent and due to Down syndrome (disorder)</td></tr><tr><td style="white-space:nowrap"><a name="http---snomed.info-sct-840505007"> </a>  <a href="http://snomed.info/id/840505007">840505007</a></td><td>Down syndrome co-occurrent with leukemoid reaction associated transient neonatal pustulosis (disorder)</td></tr><tr><td style="white-space:nowrap"><a name="http---snomed.info-sct-724644005"> </a>  <a href="http://snomed.info/id/724644005">724644005</a></td><td>Myeloid leukemia co-occurrent with Down syndrome (disorder)</td></tr><tr><td style="white-space:nowrap"><a name="http---snomed.info-sct-254264002"> </a>  <a href="http://snomed.info/id/254264002">254264002</a></td><td>Partial trisomy 21 in Down's syndrome (disorder)</td></tr><tr><td style="white-space:nowrap"><a name="http---snomed.info-sct-709469005"> </a>  <a href="http://snomed.info/id/709469005">709469005</a></td><td>Periodontitis co-occurrent with Down syndrome (disorder)</td></tr><tr><td style="white-space:nowrap"><a name="http---snomed.info-sct-724643004"> </a>  <a href="http://snomed.info/id/724643004">724643004</a></td><td>Transient abnormal myelopoiesis co-occurrent with Down syndrome (disorder)</td></tr><tr><td style="white-space:nowrap"><a name="http---snomed.info-sct-371045000"> </a>  <a href="http://snomed.info/id/371045000">371045000</a></td><td>Translocation Down syndrome (disorder)</td></tr><tr><td style="white-space:nowrap"><a name="http---snomed.info-sct-205615000"> </a>  <a href="http://snomed.info/id/205615000">205615000</a></td><td>Trisomy 21- meiotic nondisjunction (disorder)</td></tr></table></div></text><url value="http://fhir.org/guides/acep/ValueSet/covid-19-condition-risk-downs-syndrome-snomed"/><version value="0.1.0"/><name value="COVID19SNOMEDRiskFactorDownsSyndrome"/><title value="COVID-19 SNOMED Risk Factor Downs Syndrome Conditions Value Set"/><status value="active"/><date value="2022-03-16T16:50:23+00:00"/><publisher value="Veterans Health Administration (VHA)"/><contact><telecom><system value="url"/><value value="http://hl7.org/Special/committees/[something]"/></telecom></contact><description value="COVID-19 SNOMED Risk Factor Downs Syndrome Conditions Value Set"/><jurisdiction><coding><system value="http://unstats.un.org/unsd/methods/m49/m49.htm"/><code value="001"/></coding></jurisdiction><expansion><identifier value="f3d77542-b753-48cd-81e8-42d201ca903b"/><timestamp value="2021-02-20T05:22:21+10:00"/><total value="10"/><offset value="0"/><parameter><name value="version"/><valueUri value="http://snomed.info/sct|http://snomed.info/sct/32506021000036107/version/20210204"/></parameter><parameter><name value="count"/><valueInteger value="2147483647"/></parameter><parameter><name value="offset"/><valueInteger value="0"/></parameter><contains><system value="http://snomed.info/sct"/><code value="41040004"/><display value="Complete trisomy 21 syndrome (disorder)"/></contains><contains><system value="http://snomed.info/sct"/><code value="733194007"/><display value="Dementia co-occurrent and due to Down syndrome (disorder)"/></contains><contains><system value="http://snomed.info/sct"/><code value="840505007"/><display value="Down syndrome co-occurrent with leukemoid reaction associated transient neonatal pustulosis (disorder)"/></contains><contains><system value="http://snomed.info/sct"/><code value="724644005"/><display value="Myeloid leukemia co-occurrent with Down syndrome (disorder)"/></contains><contains><system value="http://snomed.info/sct"/><code value="254264002"/><display value="Partial trisomy 21 in Down's syndrome (disorder)"/></contains><contains><system value="http://snomed.info/sct"/><code value="709469005"/><display value="Periodontitis co-occurrent with Down syndrome (disorder)"/></contains><contains><system value="http://snomed.info/sct"/><code value="724643004"/><display value="Transient abnormal myelopoiesis co-occurrent with Down syndrome (disorder)"/></contains><contains><system value="http://snomed.info/sct"/><code value="371045000"/><display value="Translocation Down syndrome (disorder)"/></contains><contains><system value="http://snomed.info/sct"/><code value="205615000"/><display value="Trisomy 21- meiotic nondisjunction (disorder)"/></contains></expansion></ValueSet>