<?xml version="1.0" encoding="UTF-8"?>

<ImplementationGuide xmlns="http://hl7.org/fhir">
  <id value="fhir.acep.covid19-ed-r4"/>
  <text>
    <status value="extensions"/><div xmlns="http://www.w3.org/1999/xhtml"><h2>COVID19EDSeverityClassification</h2><p>The official URL for this implementation guide is: </p><pre>http://fhir.org/guides/acep/ImplementationGuide/fhir.acep.covid19-ed-r4</pre><div><p>Implementation guide for an Emergency Department COVID-19 Severity Classification and Disposition guideline defined by the American College of Emergency Physicians (ACEP)</p>
</div></div>
  </text>
  <url value="http://fhir.org/guides/acep/ImplementationGuide/fhir.acep.covid19-ed-r4"/>
  <version value="0.1.0"/>
  <name value="COVID19EDSeverityClassification"/>
  <title value="Emergency Department COVID-19 Severity Classification"/>
  <status value="draft"/>
  <experimental value="false"/>
  <date value="2021-06-25T20:33:12+00:00"/>
  <publisher value="Veterans Health Administration (VHA)"/>
  <contact>
    <telecom>
      <system value="url"/>
      <value value="http://hl7.org/Special/committees/[something]"/>
    </telecom>
  </contact>
  <description value="Implementation guide for an Emergency Department COVID-19 Severity Classification and Disposition guideline defined by the American College of Emergency Physicians (ACEP)"/>
  <jurisdiction>
    <coding>
      <system value="http://unstats.un.org/unsd/methods/m49/m49.htm"/>
      <code value="001"/>
    </coding>
  </jurisdiction>
  <packageId value="fhir.acep.covid19-ed-r4"/>
  <license value="Apache-2.0"/>
  <fhirVersion value="4.0.1"/>
  <dependsOn id="cpg">
    <uri value="http://hl7.org/fhir/uv/cpg/ImplementationGuide/hl7.fhir.uv.cpg"/>
    <packageId value="hl7.fhir.uv.cpg"/>
    <version value="dev"/>
  </dependsOn>
  <definition>
    <extension url="http://hl7.org/fhir/tools/StructureDefinition/ig-parameter">
      <extension url="code">
        <valueString value="copyrightyear"/>
      </extension>
      <extension url="value">
        <valueString value="2020+"/>
      </extension>
    </extension>
    <extension url="http://hl7.org/fhir/tools/StructureDefinition/ig-parameter">
      <extension url="code">
        <valueString value="releaselabel"/>
      </extension>
      <extension url="value">
        <valueString value="CI Build"/>
      </extension>
    </extension>
    <extension url="http://hl7.org/fhir/tools/StructureDefinition/ig-parameter">
      <extension url="code">
        <valueString value="path-binary"/>
      </extension>
      <extension url="value">
        <valueString value="input/cql"/>
      </extension>
    </extension>
    <extension url="http://hl7.org/fhir/tools/StructureDefinition/ig-parameter">
      <extension url="code">
        <valueString value="excludettl"/>
      </extension>
      <extension url="value">
        <valueString value="true"/>
      </extension>
    </extension>
    <extension url="http://hl7.org/fhir/tools/StructureDefinition/ig-parameter">
      <extension url="code">
        <valueString value="excludemap"/>
      </extension>
      <extension url="value">
        <valueString value="true"/>
      </extension>
    </extension>
    <extension url="http://hl7.org/fhir/tools/StructureDefinition/ig-parameter">
      <extension url="code">
        <valueString value="path-suppressed-warnings"/>
      </extension>
      <extension url="value">
        <valueString value="input/ignoreWarnings.txt"/>
      </extension>
    </extension>
    <extension url="http://hl7.org/fhir/tools/StructureDefinition/ig-parameter">
      <extension url="code">
        <valueString value="autoload-resources"/>
      </extension>
      <extension url="value">
        <valueString value="true"/>
      </extension>
    </extension>
    <extension url="http://hl7.org/fhir/tools/StructureDefinition/ig-parameter">
      <extension url="code">
        <valueString value="path-liquid"/>
      </extension>
      <extension url="value">
        <valueString value="template/liquid"/>
      </extension>
    </extension>
    <extension url="http://hl7.org/fhir/tools/StructureDefinition/ig-parameter">
      <extension url="code">
        <valueString value="path-liquid"/>
      </extension>
      <extension url="value">
        <valueString value="input/liquid"/>
      </extension>
    </extension>
    <extension url="http://hl7.org/fhir/tools/StructureDefinition/ig-parameter">
      <extension url="code">
        <valueString value="path-qa"/>
      </extension>
      <extension url="value">
        <valueString value="temp/qa"/>
      </extension>
    </extension>
    <extension url="http://hl7.org/fhir/tools/StructureDefinition/ig-parameter">
      <extension url="code">
        <valueString value="path-temp"/>
      </extension>
      <extension url="value">
        <valueString value="temp/pages"/>
      </extension>
    </extension>
    <extension url="http://hl7.org/fhir/tools/StructureDefinition/ig-parameter">
      <extension url="code">
        <valueString value="path-output"/>
      </extension>
      <extension url="value">
        <valueString value="output"/>
      </extension>
    </extension>
    <extension url="http://hl7.org/fhir/tools/StructureDefinition/ig-parameter">
      <extension url="code">
        <valueString value="path-history"/>
      </extension>
      <extension url="value">
        <valueString value="http://fhir.org/guides/acep/history.html"/>
      </extension>
    </extension>
    <extension url="http://hl7.org/fhir/tools/StructureDefinition/ig-parameter">
      <extension url="code">
        <valueString value="template-html"/>
      </extension>
      <extension url="value">
        <valueString value="template-page.html"/>
      </extension>
    </extension>
    <extension url="http://hl7.org/fhir/tools/StructureDefinition/ig-parameter">
      <extension url="code">
        <valueString value="template-md"/>
      </extension>
      <extension url="value">
        <valueString value="template-page-md.html"/>
      </extension>
    </extension>
    <extension url="http://hl7.org/fhir/tools/StructureDefinition/ig-parameter">
      <extension url="code">
        <valueString value="apply-contact"/>
      </extension>
      <extension url="value">
        <valueString value="true"/>
      </extension>
    </extension>
    <extension url="http://hl7.org/fhir/tools/StructureDefinition/ig-parameter">
      <extension url="code">
        <valueString value="apply-context"/>
      </extension>
      <extension url="value">
        <valueString value="true"/>
      </extension>
    </extension>
    <extension url="http://hl7.org/fhir/tools/StructureDefinition/ig-parameter">
      <extension url="code">
        <valueString value="apply-copyright"/>
      </extension>
      <extension url="value">
        <valueString value="true"/>
      </extension>
    </extension>
    <extension url="http://hl7.org/fhir/tools/StructureDefinition/ig-parameter">
      <extension url="code">
        <valueString value="apply-jurisdiction"/>
      </extension>
      <extension url="value">
        <valueString value="true"/>
      </extension>
    </extension>
    <extension url="http://hl7.org/fhir/tools/StructureDefinition/ig-parameter">
      <extension url="code">
        <valueString value="apply-license"/>
      </extension>
      <extension url="value">
        <valueString value="true"/>
      </extension>
    </extension>
    <extension url="http://hl7.org/fhir/tools/StructureDefinition/ig-parameter">
      <extension url="code">
        <valueString value="apply-publisher"/>
      </extension>
      <extension url="value">
        <valueString value="true"/>
      </extension>
    </extension>
    <extension url="http://hl7.org/fhir/tools/StructureDefinition/ig-parameter">
      <extension url="code">
        <valueString value="apply-version"/>
      </extension>
      <extension url="value">
        <valueString value="true"/>
      </extension>
    </extension>
    <extension url="http://hl7.org/fhir/tools/StructureDefinition/ig-parameter">
      <extension url="code">
        <valueString value="active-tables"/>
      </extension>
      <extension url="value">
        <valueString value="true"/>
      </extension>
    </extension>
    <resource>
      <extension url="http://hl7.org/fhir/tools/StructureDefinition/resource-information">
        <valueString value="Library"/>
      </extension>
      <reference>
        <reference value="Library/CDSConnectCommons"/>
      </reference>
      <name value="CQL Library - Common Logic for CDS"/>
      <description value="CQL Common Logic for CDS providing shared helper functions."/>
    </resource>
    <resource>
      <extension url="http://hl7.org/fhir/tools/StructureDefinition/resource-information">
        <valueString value="Library"/>
      </extension>
      <reference>
        <reference value="Library/COVID19EmergencyDeptHooks"/>
      </reference>
      <name value="CQL Library - CDS Hooks for ACEP Emergency Department COVID-19 Management Tool Logic"/>
      <description value="This library contains logic to support CDS Hooks for the ACEP Emergency Department COVID-19 Management Tool guideline."/>
    </resource>
    <resource>
      <extension url="http://hl7.org/fhir/tools/StructureDefinition/resource-information">
        <valueString value="Library"/>
      </extension>
      <reference>
        <reference value="Library/COVID19EmergencyDeptAssessment"/>
      </reference>
      <name value="CQL Library - ACEP Emergency Department COVID-19 Management Tool Logic"/>
      <description value="This library contains logic to support the ACEP Emergency Department COVID-19 Management Tool guideline, including caclculation of the risk score and severity."/>
    </resource>
    <resource>
      <extension url="http://hl7.org/fhir/tools/StructureDefinition/resource-information">
        <valueString value="Library"/>
      </extension>
      <reference>
        <reference value="Library/COVID19EmergencyDeptSummary"/>
      </reference>
      <name value="CQL Library - Summary of results for the ACEP Emergency Department COVID-19 Management Tool"/>
      <description value="This library contains logic to support the ACEP Emergency Department COVID-19 Management Tool guideline, summarizing clinical assessment, risk factores, diagnostic tests, and risk scores."/>
    </resource>
    <resource>
      <extension url="http://hl7.org/fhir/tools/StructureDefinition/resource-information">
        <valueString value="Library"/>
      </extension>
      <reference>
        <reference value="Library/FHIRHelpers-4.0.1"/>
      </reference>
      <name value="CQL Library - FHIR Helpers for CDS"/>
      <description value="CQL Library - FHIR Helpers for CDS"/>
    </resource>
    <resource>
      <extension url="http://hl7.org/fhir/tools/StructureDefinition/resource-information">
        <valueString value="Library"/>
      </extension>
      <reference>
        <reference value="Library/COVID19Concepts"/>
      </reference>
      <name value="CQL Library - COVID-19 Shared Concepts and Terminology"/>
      <description value="COVID-19 Shared Concepts and Terminology imported by other CQL logic libraries."/>
    </resource>
    <resource>
      <extension url="http://hl7.org/fhir/tools/StructureDefinition/resource-information">
        <valueString value="PlanDefinition"/>
      </extension>
      <reference>
        <reference value="PlanDefinition/COVID19EmergencyDeptRecommendation"/>
      </reference>
      <name value="PlanDefinition - ACEP COVID-19 ED Severity Classification and Disposition"/>
      <description value="CDS Hook definitions for ACEP COVID-19 ED Severity Classification and Disposition"/>
    </resource>
    <resource>
      <extension url="http://hl7.org/fhir/tools/StructureDefinition/resource-information">
        <valueString value="ValueSet"/>
      </extension>
      <reference>
        <reference value="ValueSet/2.16.840.1.113883.3.3616.200.110.102.3174"/>
      </reference>
    </resource>
    <resource>
      <extension url="http://hl7.org/fhir/tools/StructureDefinition/resource-information">
        <valueString value="ValueSet"/>
      </extension>
      <reference>
        <reference value="ValueSet/2.16.840.1.113883.3.3616.200.110.102.3102"/>
      </reference>
    </resource>
    <resource>
      <extension url="http://hl7.org/fhir/tools/StructureDefinition/resource-information">
        <valueString value="ValueSet"/>
      </extension>
      <reference>
        <reference value="ValueSet/covid-19-lab-ast"/>
      </reference>
      <name value="COVID-19 Laboratory Value Set for AST"/>
      <description value="COVID-19 Laboratory Value Set for AST"/>
    </resource>
    <resource>
      <extension url="http://hl7.org/fhir/tools/StructureDefinition/resource-information">
        <valueString value="ValueSet"/>
      </extension>
      <reference>
        <reference value="ValueSet/2.16.840.1.113883.3.3616.200.110.102.3153"/>
      </reference>
    </resource>
    <resource>
      <extension url="http://hl7.org/fhir/tools/StructureDefinition/resource-information">
        <valueString value="ValueSet"/>
      </extension>
      <reference>
        <reference value="ValueSet/covid-19-lab-troponin"/>
      </reference>
      <name value="COVID-19 Laboratory Value Set for Troponin"/>
      <description value="COVID-19 Laboratory Value Set for Troponin"/>
    </resource>
    <resource>
      <extension url="http://hl7.org/fhir/tools/StructureDefinition/resource-information">
        <valueString value="ValueSet"/>
      </extension>
      <reference>
        <reference value="ValueSet/2.16.840.1.113883.3.3616.200.110.102.6048"/>
      </reference>
    </resource>
    <resource>
      <extension url="http://hl7.org/fhir/tools/StructureDefinition/resource-information">
        <valueString value="ValueSet"/>
      </extension>
      <reference>
        <reference value="ValueSet/covid-19-lab-leukocyte"/>
      </reference>
      <name value="COVID-19 Laboratory Value Set for Leukocytes"/>
      <description value="COVID-19 Laboratory Value Set for Leukocytes"/>
    </resource>
    <resource>
      <extension url="http://hl7.org/fhir/tools/StructureDefinition/resource-information">
        <valueString value="ValueSet"/>
      </extension>
      <reference>
        <reference value="ValueSet/2.16.840.1.113883.3.3616.200.110.102.6152"/>
      </reference>
    </resource>
    <resource>
      <extension url="http://hl7.org/fhir/tools/StructureDefinition/resource-information">
        <valueString value="ValueSet"/>
      </extension>
      <reference>
        <reference value="ValueSet/who-performance-status"/>
      </reference>
      <name value="WHO Performance Status Value Set"/>
      <description value="World Health Organization (WHO) performance status finding (finding)"/>
    </resource>
    <resource>
      <extension url="http://hl7.org/fhir/tools/StructureDefinition/resource-information">
        <valueString value="ValueSet"/>
      </extension>
      <reference>
        <reference value="ValueSet/2.16.840.1.113883.3.3616.200.110.102.6064"/>
      </reference>
    </resource>
    <resource>
      <extension url="http://hl7.org/fhir/tools/StructureDefinition/resource-information">
        <valueString value="ValueSet"/>
      </extension>
      <reference>
        <reference value="ValueSet/2.16.840.1.113883.3.3616.200.110.102.3028"/>
      </reference>
    </resource>
    <resource>
      <extension url="http://hl7.org/fhir/tools/StructureDefinition/resource-information">
        <valueString value="ValueSet"/>
      </extension>
      <reference>
        <reference value="ValueSet/2.16.840.1.113883.3.3616.200.110.102.6203"/>
      </reference>
      <name value="COVID19 SNOMED Value Set for Obesity"/>
      <description value="This set of values contains terms related to obesity."/>
    </resource>
    <resource>
      <extension url="http://hl7.org/fhir/tools/StructureDefinition/resource-information">
        <valueString value="ValueSet"/>
      </extension>
      <reference>
        <reference value="ValueSet/covid-19-lab-ferritin"/>
      </reference>
      <name value="COVID-19 Laboratory Value Set for Ferritin"/>
      <description value="COVID-19 Laboratory Value Set for Ferritin"/>
    </resource>
    <resource>
      <extension url="http://hl7.org/fhir/tools/StructureDefinition/resource-information">
        <valueString value="ValueSet"/>
      </extension>
      <reference>
        <reference value="ValueSet/covid-19-lab-pao2fio2"/>
      </reference>
      <name value="COVID-19 Laboratory Value Set for PaO2FiO2 Ratio"/>
      <description value="COVID-19 Laboratory Value Set for PaO2FiO2 Ratio"/>
    </resource>
    <resource>
      <extension url="http://hl7.org/fhir/tools/StructureDefinition/resource-information">
        <valueString value="ValueSet"/>
      </extension>
      <reference>
        <reference value="ValueSet/covid-19-lab-alt"/>
      </reference>
      <name value="COVID-19 Laboratory Value Set for ALT"/>
      <description value="COVID-19 Laboratory Value Set for ALT"/>
    </resource>
    <resource>
      <extension url="http://hl7.org/fhir/tools/StructureDefinition/resource-information">
        <valueString value="ValueSet"/>
      </extension>
      <reference>
        <reference value="ValueSet/covid-19-lab-creatinine"/>
      </reference>
      <name value="COVID-19 Laboratory Value Set for Creatinine"/>
      <description value="COVID-19 Laboratory Value Set for Creatinine"/>
    </resource>
    <resource>
      <extension url="http://hl7.org/fhir/tools/StructureDefinition/resource-information">
        <valueString value="ValueSet"/>
      </extension>
      <reference>
        <reference value="ValueSet/covid-19-lab-ddimer"/>
      </reference>
      <name value="COVID-19 Laboratory Value Set for D-dimer"/>
      <description value="COVID-19 Laboratory Value Set for D-dimer"/>
    </resource>
    <resource>
      <extension url="http://hl7.org/fhir/tools/StructureDefinition/resource-information">
        <valueString value="ValueSet"/>
      </extension>
      <reference>
        <reference value="ValueSet/covid-19-lab-neutrophils"/>
      </reference>
      <name value="COVID-19 Laboratory Value Set for Neutrophils"/>
      <description value="COVID-19 Laboratory Value Set for Neutrophils"/>
    </resource>
    <resource>
      <extension url="http://hl7.org/fhir/tools/StructureDefinition/resource-information">
        <valueString value="ValueSet"/>
      </extension>
      <reference>
        <reference value="ValueSet/2.16.840.1.113883.3.3616.200.110.102.6100"/>
      </reference>
    </resource>
    <resource>
      <extension url="http://hl7.org/fhir/tools/StructureDefinition/resource-information">
        <valueString value="ValueSet"/>
      </extension>
      <reference>
        <reference value="ValueSet/covid-19-obs-alertness"/>
      </reference>
      <name value="COVID-19 Clinical Observation for Alertness"/>
      <description value="COVID-19 Clinical Observation for Alertness"/>
    </resource>
    <resource>
      <extension url="http://hl7.org/fhir/tools/StructureDefinition/resource-information">
        <valueString value="ValueSet"/>
      </extension>
      <reference>
        <reference value="ValueSet/covid-19-condition-risk-respiratory"/>
      </reference>
      <name value="COVID-19 Risk Factor Chronic Respiratory Disease Conditions Value Set"/>
      <description value="COVID-19 Risk Factor Chronic Respiratory Disease Conditions Value Set"/>
    </resource>
    <resource>
      <extension url="http://hl7.org/fhir/tools/StructureDefinition/resource-information">
        <valueString value="ValueSet"/>
      </extension>
      <reference>
        <reference value="ValueSet/covid-19-lab-platelets"/>
      </reference>
      <name value="COVID-19 Laboratory Value Set for Blood Platelets"/>
      <description value="COVID-19 Laboratory Value Set for Blood Platelets"/>
    </resource>
    <resource>
      <extension url="http://hl7.org/fhir/tools/StructureDefinition/resource-information">
        <valueString value="ValueSet"/>
      </extension>
      <reference>
        <reference value="ValueSet/covid-19-lab-ldh"/>
      </reference>
      <name value="COVID-19 Laboratory Value Set for LDH"/>
      <description value="COVID-19 Laboratory Value Set for LDH"/>
    </resource>
    <resource>
      <extension url="http://hl7.org/fhir/tools/StructureDefinition/resource-information">
        <valueString value="ValueSet"/>
      </extension>
      <reference>
        <reference value="ValueSet/covid-19-lab-lymphocytes"/>
      </reference>
      <name value="COVID-19 Laboratory Value Set for Lymphocytes"/>
      <description value="COVID-19 Laboratory Value Set for Lymphocytes"/>
    </resource>
    <resource>
      <extension url="http://hl7.org/fhir/tools/StructureDefinition/resource-information">
        <valueString value="ValueSet"/>
      </extension>
      <reference>
        <reference value="ValueSet/covid-19-condition-risk-cardiovascular"/>
      </reference>
      <name value="COVID-19 Risk Factor Cardiovascular Disease Conditions Value Set"/>
      <description value="Includes all SNOMED CT codes for Cardiovascular Disease, excluding Hypertension (which is a separate risk factor category in the ACEP guideline)."/>
    </resource>
    <resource>
      <extension url="http://hl7.org/fhir/tools/StructureDefinition/resource-information">
        <valueString value="ValueSet"/>
      </extension>
      <reference>
        <reference value="ValueSet/covid-19-lab-crp"/>
      </reference>
      <name value="COVID-19 Laboratory Value Set for CRP"/>
      <description value="COVID-19 Laboratory Value Set for CRP"/>
    </resource>
    <resource>
      <extension url="http://hl7.org/fhir/tools/StructureDefinition/resource-information">
        <valueString value="ValueSet"/>
      </extension>
      <reference>
        <reference value="ValueSet/covid-19-condition-risk-obstructive-sleep-apnea"/>
      </reference>
      <name value="COVID-19 Risk Factor Obstructive Sleep Apnea Conditions Value Set"/>
      <description value="COVID-19 Risk Factor Obstructive Sleep Apnea Conditions Value Set"/>
    </resource>
    <resource>
      <extension url="http://hl7.org/fhir/tools/StructureDefinition/resource-information">
        <valueString value="ValueSet"/>
      </extension>
      <reference>
        <reference value="ValueSet/2.16.840.1.113883.3.3616.200.110.102.3091"/>
      </reference>
      <name value="COVID19 ICD10CM Value Set for Obesity"/>
      <description value="This set of values contains terms related to obesity."/>
    </resource>
    <resource>
      <extension url="http://hl7.org/fhir/tools/StructureDefinition/resource-information">
        <valueString value="ValueSet"/>
      </extension>
      <reference>
        <reference value="ValueSet/covid-19-condition-risk-downs-syndrome"/>
      </reference>
      <name value="COVID-19 Risk Factor Downs Syndrome Conditions Value Set"/>
      <description value="COVID-19 Risk Factor Downs Syndrome Conditions Value Set"/>
    </resource>
    <page>
      <nameUrl value="toc.html"/>
      <title value="Table of Contents"/>
      <generation value="html"/>
      <page>
        <nameUrl value="index.html"/>
        <title value="COVID-19 ED Severity Classification"/>
        <generation value="html"/>
      </page>
      <page>
        <nameUrl value="background.html"/>
        <title value="Background"/>
        <generation value="html"/>
      </page>
      <page>
        <nameUrl value="spec.html"/>
        <title value="Detailed Specification"/>
        <generation value="markdown"/>
      </page>
      <page>
        <nameUrl value="downloads.html"/>
        <title value="Useful Downloads"/>
        <generation value="html"/>
      </page>
      <page>
        <nameUrl value="changes.html"/>
        <title value="IG Change History"/>
        <generation value="html"/>
      </page>
    </page>
    <parameter>
      <code value="path-resource"/>
      <value value="input/resources/library"/>
    </parameter>
    <parameter>
      <code value="path-resource"/>
      <value value="input/resources/plandefinition"/>
    </parameter>
    <parameter>
      <code value="path-resource"/>
      <value value="input/resources/activitydefinition"/>
    </parameter>
    <parameter>
      <code value="path-resource"/>
      <value value="input/vocabulary/codesystem"/>
    </parameter>
    <parameter>
      <code value="path-resource"/>
      <value value="input/vocabulary/ValueSet"/>
    </parameter>
    <parameter>
      <code value="path-resource"/>
      <value value="input/capabilities"/>
    </parameter>
    <parameter>
      <code value="path-resource"/>
      <value value="input/examples"/>
    </parameter>
    <parameter>
      <code value="path-resource"/>
      <value value="input/extensions"/>
    </parameter>
    <parameter>
      <code value="path-resource"/>
      <value value="input/models"/>
    </parameter>
    <parameter>
      <code value="path-resource"/>
      <value value="input/operations"/>
    </parameter>
    <parameter>
      <code value="path-resource"/>
      <value value="input/profiles"/>
    </parameter>
    <parameter>
      <code value="path-resource"/>
      <value value="input/resources"/>
    </parameter>
    <parameter>
      <code value="path-resource"/>
      <value value="input/vocabulary"/>
    </parameter>
    <parameter>
      <code value="path-resource"/>
      <value value="input/testing"/>
    </parameter>
    <parameter>
      <code value="path-resource"/>
      <value value="input/history"/>
    </parameter>
    <parameter>
      <code value="path-resource"/>
      <value value="fsh-generated/resources"/>
    </parameter>
    <parameter>
      <code value="path-pages"/>
      <value value="template/config"/>
    </parameter>
    <parameter>
      <code value="path-pages"/>
      <value value="input/images"/>
    </parameter>
    <parameter>
      <code value="path-tx-cache"/>
      <value value="input-cache/txcache"/>
    </parameter>
  </definition>
</ImplementationGuide>