<?xml version="1.0" encoding="UTF-8"?>

<ValueSet xmlns="http://hl7.org/fhir">
  <id value="covid-19-condition-risk-hypertension"/>
  <language value="en"/>
  <text>
    <status value="generated"/><div xmlns="http://www.w3.org/1999/xhtml" xml:lang="en" lang="en"><p>This value set contains 133 concepts</p><p style="border: black 1px dotted; background-color: #EEEEEE; padding: 8px; margin-bottom: 8px">Expansion based on SNOMED CT Australian edition 31-Dec 2020</p><p>All codes from system <a href="http://terminology.hl7.org/2.0.0/CodeSystem-v3-snomed-CT.html"><code>http://snomed.info/sct</code></a></p><table class="codes"><tr><td style="white-space:nowrap"><b>Code</b></td><td><b>Display</b></td><td><b>Definition</b></td></tr><tr><td style="white-space:nowrap"><a name="http---snomed.info-sct-38341003"> </a><a href="http://browser.ihtsdotools.org/?perspective=full&amp;conceptId1=38341003">38341003</a></td><td>Hypertensive disorder, systemic arterial (disorder)</td><td/></tr><tr><td style="white-space:nowrap"><a name="http---snomed.info-sct-29259002"> </a><a href="http://browser.ihtsdotools.org/?perspective=full&amp;conceptId1=29259002">29259002</a></td><td>Malignant hypertension complicating AND/OR reason for care during pregnancy</td><td/></tr><tr><td style="white-space:nowrap"><a name="http---snomed.info-sct-37618003"> </a><a href="http://browser.ihtsdotools.org/?perspective=full&amp;conceptId1=37618003">37618003</a></td><td>Chronic hypertension complicating AND/OR reason for care during pregnancy</td><td/></tr><tr><td style="white-space:nowrap"><a name="http---snomed.info-sct-46481004"> </a><a href="http://browser.ihtsdotools.org/?perspective=full&amp;conceptId1=46481004">46481004</a></td><td>Low-renin essential hypertension</td><td/></tr><tr><td style="white-space:nowrap"><a name="http---snomed.info-sct-1256051000168106"> </a><a href="http://browser.ihtsdotools.org/?perspective=full&amp;conceptId1=1256051000168106">1256051000168106</a></td><td>Inadequately controlled hypertension</td><td/></tr><tr><td style="white-space:nowrap"><a name="http---snomed.info-sct-39018007"> </a><a href="http://browser.ihtsdotools.org/?perspective=full&amp;conceptId1=39018007">39018007</a></td><td>Renal arterial hypertension</td><td/></tr><tr><td style="white-space:nowrap"><a name="http---snomed.info-sct-429457004"> </a><a href="http://browser.ihtsdotools.org/?perspective=full&amp;conceptId1=429457004">429457004</a></td><td>Systolic essential hypertension</td><td/></tr><tr><td style="white-space:nowrap"><a name="http---snomed.info-sct-199005000"> </a><a href="http://browser.ihtsdotools.org/?perspective=full&amp;conceptId1=199005000">199005000</a></td><td>Pre-existing hypertension complicating pregnancy, childbirth and puerperium</td><td/></tr><tr><td style="white-space:nowrap"><a name="http---snomed.info-sct-198947006"> </a><a href="http://browser.ihtsdotools.org/?perspective=full&amp;conceptId1=198947006">198947006</a></td><td>Benign essential hypertension complicating pregnancy, childbirth and the puerperium with postnatal complication</td><td/></tr><tr><td style="white-space:nowrap"><a name="http---snomed.info-sct-198946002"> </a><a href="http://browser.ihtsdotools.org/?perspective=full&amp;conceptId1=198946002">198946002</a></td><td>Benign essential hypertension complicating pregnancy, childbirth and the puerperium - not delivered</td><td/></tr><tr><td style="white-space:nowrap"><a name="http---snomed.info-sct-198945003"> </a><a href="http://browser.ihtsdotools.org/?perspective=full&amp;conceptId1=198945003">198945003</a></td><td>Benign essential hypertension complicating pregnancy, childbirth and the puerperium - delivered with postnatal complication</td><td/></tr><tr><td style="white-space:nowrap"><a name="http---snomed.info-sct-5501000119106"> </a><a href="http://browser.ihtsdotools.org/?perspective=full&amp;conceptId1=5501000119106">5501000119106</a></td><td>Postoperative hypertension</td><td/></tr><tr><td style="white-space:nowrap"><a name="http---snomed.info-sct-74451002"> </a><a href="http://browser.ihtsdotools.org/?perspective=full&amp;conceptId1=74451002">74451002</a></td><td>Secondary diastolic hypertension</td><td/></tr><tr><td style="white-space:nowrap"><a name="http---snomed.info-sct-40511000119107"> </a><a href="http://browser.ihtsdotools.org/?perspective=full&amp;conceptId1=40511000119107">40511000119107</a></td><td>Pre-existing essential hypertension in postpartum</td><td/></tr><tr><td style="white-space:nowrap"><a name="http---snomed.info-sct-198942000"> </a><a href="http://browser.ihtsdotools.org/?perspective=full&amp;conceptId1=198942000">198942000</a></td><td>Benign essential hypertension complicating pregnancy, childbirth and the puerperium</td><td/></tr><tr><td style="white-space:nowrap"><a name="http---snomed.info-sct-59720008"> </a><a href="http://browser.ihtsdotools.org/?perspective=full&amp;conceptId1=59720008">59720008</a></td><td>Sustained diastolic hypertension</td><td/></tr><tr><td style="white-space:nowrap"><a name="http---snomed.info-sct-73410007"> </a><a href="http://browser.ihtsdotools.org/?perspective=full&amp;conceptId1=73410007">73410007</a></td><td>Benign secondary renovascular hypertension</td><td/></tr><tr><td style="white-space:nowrap"><a name="http---snomed.info-sct-206596003"> </a><a href="http://browser.ihtsdotools.org/?perspective=full&amp;conceptId1=206596003">206596003</a></td><td>Neonatal hypertension</td><td/></tr><tr><td style="white-space:nowrap"><a name="http---snomed.info-sct-67359005"> </a><a href="http://browser.ihtsdotools.org/?perspective=full&amp;conceptId1=67359005">67359005</a></td><td>Pre-eclampsia added to pre-existing hypertension</td><td/></tr><tr><td style="white-space:nowrap"><a name="http---snomed.info-sct-697930002"> </a><a href="http://browser.ihtsdotools.org/?perspective=full&amp;conceptId1=697930002">697930002</a></td><td>Labile hypertension due to being in a clinical environment</td><td/></tr><tr><td style="white-space:nowrap"><a name="http---snomed.info-sct-198944004"> </a><a href="http://browser.ihtsdotools.org/?perspective=full&amp;conceptId1=198944004">198944004</a></td><td>Benign essential hypertension complicating pregnancy, childbirth and the puerperium - delivered</td><td/></tr><tr><td style="white-space:nowrap"><a name="http---snomed.info-sct-140101000119109"> </a><a href="http://browser.ihtsdotools.org/?perspective=full&amp;conceptId1=140101000119109">140101000119109</a></td><td>Hypertension in chronic kidney disease stage 5 due to type 2 diabetes mellitus</td><td/></tr><tr><td style="white-space:nowrap"><a name="http---snomed.info-sct-39727004"> </a><a href="http://browser.ihtsdotools.org/?perspective=full&amp;conceptId1=39727004">39727004</a></td><td>Hypertension secondary to renal disease complicating AND/OR reason for care during puerperium</td><td/></tr><tr><td style="white-space:nowrap"><a name="http---snomed.info-sct-199002002"> </a><a href="http://browser.ihtsdotools.org/?perspective=full&amp;conceptId1=199002002">199002002</a></td><td>Pre-eclampsia or eclampsia with pre-existing hypertension - not delivered</td><td/></tr><tr><td style="white-space:nowrap"><a name="http---snomed.info-sct-199000005"> </a><a href="http://browser.ihtsdotools.org/?perspective=full&amp;conceptId1=199000005">199000005</a></td><td>Pre-eclampsia or eclampsia with pre-existing hypertension - delivered with postnatal complication</td><td/></tr><tr><td style="white-space:nowrap"><a name="http---snomed.info-sct-199003007"> </a><a href="http://browser.ihtsdotools.org/?perspective=full&amp;conceptId1=199003007">199003007</a></td><td>Pre-eclampsia or eclampsia with pre-existing hypertension with postnatal complication</td><td/></tr><tr><td style="white-space:nowrap"><a name="http---snomed.info-sct-1078301000112109"> </a><a href="http://browser.ihtsdotools.org/?perspective=full&amp;conceptId1=1078301000112109">1078301000112109</a></td><td>Multiple drug intolerant hypertension</td><td/></tr><tr><td style="white-space:nowrap"><a name="http---snomed.info-sct-26078007"> </a><a href="http://browser.ihtsdotools.org/?perspective=full&amp;conceptId1=26078007">26078007</a></td><td>Hypertension secondary to renal disease complicating AND/OR reason for care during childbirth</td><td/></tr><tr><td style="white-space:nowrap"><a name="http---snomed.info-sct-871642009"> </a><a href="http://browser.ihtsdotools.org/?perspective=full&amp;conceptId1=871642009">871642009</a></td><td>Hypertension due to aortic arch obstruction</td><td/></tr><tr><td style="white-space:nowrap"><a name="http---snomed.info-sct-10562009"> </a><a href="http://browser.ihtsdotools.org/?perspective=full&amp;conceptId1=10562009">10562009</a></td><td>Malignant hypertension complicating AND/OR reason for care during childbirth</td><td/></tr><tr><td style="white-space:nowrap"><a name="http---snomed.info-sct-23786008"> </a><a href="http://browser.ihtsdotools.org/?perspective=full&amp;conceptId1=23786008">23786008</a></td><td>Malignant hypertension complicating AND/OR reason for care during puerperium</td><td/></tr><tr><td style="white-space:nowrap"><a name="http---snomed.info-sct-81626002"> </a><a href="http://browser.ihtsdotools.org/?perspective=full&amp;conceptId1=81626002">81626002</a></td><td>Malignant hypertension in obstetric context</td><td/></tr><tr><td style="white-space:nowrap"><a name="http---snomed.info-sct-78975002"> </a><a href="http://browser.ihtsdotools.org/?perspective=full&amp;conceptId1=78975002">78975002</a></td><td>Malignant essential hypertension</td><td/></tr><tr><td style="white-space:nowrap"><a name="http---snomed.info-sct-65402008"> </a><a href="http://browser.ihtsdotools.org/?perspective=full&amp;conceptId1=65402008">65402008</a></td><td>Pre-existing hypertension complicating AND/OR reason for care during pregnancy</td><td/></tr><tr><td style="white-space:nowrap"><a name="http---snomed.info-sct-198965005"> </a><a href="http://browser.ihtsdotools.org/?perspective=full&amp;conceptId1=198965005">198965005</a></td><td>Transient hypertension of pregnancy - delivered</td><td/></tr><tr><td style="white-space:nowrap"><a name="http---snomed.info-sct-237279007"> </a><a href="http://browser.ihtsdotools.org/?perspective=full&amp;conceptId1=237279007">237279007</a></td><td>Transient hypertension of pregnancy</td><td/></tr><tr><td style="white-space:nowrap"><a name="http---snomed.info-sct-237282002"> </a><a href="http://browser.ihtsdotools.org/?perspective=full&amp;conceptId1=237282002">237282002</a></td><td>Impending eclampsia</td><td/></tr><tr><td style="white-space:nowrap"><a name="http---snomed.info-sct-198951008"> </a><a href="http://browser.ihtsdotools.org/?perspective=full&amp;conceptId1=198951008">198951008</a></td><td>Renal hypertension complicating pregnancy, childbirth and the puerperium - delivered</td><td/></tr><tr><td style="white-space:nowrap"><a name="http---snomed.info-sct-198949009"> </a><a href="http://browser.ihtsdotools.org/?perspective=full&amp;conceptId1=198949009">198949009</a></td><td>Renal hypertension complicating pregnancy, childbirth and the puerperium</td><td/></tr><tr><td style="white-space:nowrap"><a name="http---snomed.info-sct-82771000119102"> </a><a href="http://browser.ihtsdotools.org/?perspective=full&amp;conceptId1=82771000119102">82771000119102</a></td><td>Hypertension complicating pregnancy</td><td/></tr><tr><td style="white-space:nowrap"><a name="http---snomed.info-sct-23717007"> </a><a href="http://browser.ihtsdotools.org/?perspective=full&amp;conceptId1=23717007">23717007</a></td><td>Benign essential hypertension complicating AND/OR reason for care during pregnancy</td><td/></tr><tr><td style="white-space:nowrap"><a name="http---snomed.info-sct-429198000"> </a><a href="http://browser.ihtsdotools.org/?perspective=full&amp;conceptId1=429198000">429198000</a></td><td>Exertional hypertension</td><td/></tr><tr><td style="white-space:nowrap"><a name="http---snomed.info-sct-237281009"> </a><a href="http://browser.ihtsdotools.org/?perspective=full&amp;conceptId1=237281009">237281009</a></td><td>Moderate pre-eclampsia</td><td/></tr><tr><td style="white-space:nowrap"><a name="http---snomed.info-sct-428575007"> </a><a href="http://browser.ihtsdotools.org/?perspective=full&amp;conceptId1=428575007">428575007</a></td><td>Hypertension secondary to kidney transplant</td><td/></tr><tr><td style="white-space:nowrap"><a name="http---snomed.info-sct-198984008"> </a><a href="http://browser.ihtsdotools.org/?perspective=full&amp;conceptId1=198984008">198984008</a></td><td>Severe pre-eclampsia - delivered with postnatal complication</td><td/></tr><tr><td style="white-space:nowrap"><a name="http---snomed.info-sct-19769006"> </a><a href="http://browser.ihtsdotools.org/?perspective=full&amp;conceptId1=19769006">19769006</a></td><td>High-renin essential hypertension</td><td/></tr><tr><td style="white-space:nowrap"><a name="http---snomed.info-sct-371125006"> </a><a href="http://browser.ihtsdotools.org/?perspective=full&amp;conceptId1=371125006">371125006</a></td><td>Labile essential hypertension</td><td/></tr><tr><td style="white-space:nowrap"><a name="http---snomed.info-sct-118781000119108"> </a><a href="http://browser.ihtsdotools.org/?perspective=full&amp;conceptId1=118781000119108">118781000119108</a></td><td>Pre-existing hypertensive chronic kidney disease in mother complicating pregnancy</td><td/></tr><tr><td style="white-space:nowrap"><a name="http---snomed.info-sct-198968007"> </a><a href="http://browser.ihtsdotools.org/?perspective=full&amp;conceptId1=198968007">198968007</a></td><td>Transient hypertension of pregnancy with postnatal complication</td><td/></tr><tr><td style="white-space:nowrap"><a name="http---snomed.info-sct-140131000119102"> </a><a href="http://browser.ihtsdotools.org/?perspective=full&amp;conceptId1=140131000119102">140131000119102</a></td><td>Hypertension in chronic kidney disease stage 2 due to type 2 diabetes mellitus</td><td/></tr><tr><td style="white-space:nowrap"><a name="http---snomed.info-sct-14973001"> </a><a href="http://browser.ihtsdotools.org/?perspective=full&amp;conceptId1=14973001">14973001</a></td><td>Renal sclerosis with hypertension</td><td/></tr><tr><td style="white-space:nowrap"><a name="http---snomed.info-sct-34694006"> </a><a href="http://browser.ihtsdotools.org/?perspective=full&amp;conceptId1=34694006">34694006</a></td><td>Pre-existing hypertension complicating AND/OR reason for care during childbirth</td><td/></tr><tr><td style="white-space:nowrap"><a name="http---snomed.info-sct-71874008"> </a><a href="http://browser.ihtsdotools.org/?perspective=full&amp;conceptId1=71874008">71874008</a></td><td>Benign essential hypertension complicating AND/OR reason for care during childbirth</td><td/></tr><tr><td style="white-space:nowrap"><a name="http---snomed.info-sct-307632004"> </a><a href="http://browser.ihtsdotools.org/?perspective=full&amp;conceptId1=307632004">307632004</a></td><td>Non-proteinuric hypertension of pregnancy</td><td/></tr><tr><td style="white-space:nowrap"><a name="http---snomed.info-sct-84094009"> </a><a href="http://browser.ihtsdotools.org/?perspective=full&amp;conceptId1=84094009">84094009</a></td><td>Rebound hypertension</td><td/></tr><tr><td style="white-space:nowrap"><a name="http---snomed.info-sct-52698002"> </a><a href="http://browser.ihtsdotools.org/?perspective=full&amp;conceptId1=52698002">52698002</a></td><td>Transient hypertension</td><td/></tr><tr><td style="white-space:nowrap"><a name="http---snomed.info-sct-72022006"> </a><a href="http://browser.ihtsdotools.org/?perspective=full&amp;conceptId1=72022006">72022006</a></td><td>Essential hypertension in obstetric context</td><td/></tr><tr><td style="white-space:nowrap"><a name="http---snomed.info-sct-59621000"> </a><a href="http://browser.ihtsdotools.org/?perspective=full&amp;conceptId1=59621000">59621000</a></td><td>Essential hypertension</td><td/></tr><tr><td style="white-space:nowrap"><a name="http---snomed.info-sct-721371000168104"> </a><a href="http://browser.ihtsdotools.org/?perspective=full&amp;conceptId1=721371000168104">721371000168104</a></td><td>Refractory hypertension</td><td/></tr><tr><td style="white-space:nowrap"><a name="http---snomed.info-sct-194785008"> </a><a href="http://browser.ihtsdotools.org/?perspective=full&amp;conceptId1=194785008">194785008</a></td><td>Benign secondary hypertension</td><td/></tr><tr><td style="white-space:nowrap"><a name="http---snomed.info-sct-8762007"> </a><a href="http://browser.ihtsdotools.org/?perspective=full&amp;conceptId1=8762007">8762007</a></td><td>Chronic hypertension in obstetric context</td><td/></tr><tr><td style="white-space:nowrap"><a name="http---snomed.info-sct-111438007"> </a><a href="http://browser.ihtsdotools.org/?perspective=full&amp;conceptId1=111438007">111438007</a></td><td>Hypertension secondary to renal disease in obstetric context</td><td/></tr><tr><td style="white-space:nowrap"><a name="http---snomed.info-sct-1256061000168108"> </a><a href="http://browser.ihtsdotools.org/?perspective=full&amp;conceptId1=1256061000168108">1256061000168108</a></td><td>Adequately controlled hypertension</td><td/></tr><tr><td style="white-space:nowrap"><a name="http---snomed.info-sct-198997005"> </a><a href="http://browser.ihtsdotools.org/?perspective=full&amp;conceptId1=198997005">198997005</a></td><td>Pre-eclampsia or eclampsia with pre-existing hypertension</td><td/></tr><tr><td style="white-space:nowrap"><a name="http---snomed.info-sct-198983002"> </a><a href="http://browser.ihtsdotools.org/?perspective=full&amp;conceptId1=198983002">198983002</a></td><td>Severe pre-eclampsia - delivered</td><td/></tr><tr><td style="white-space:nowrap"><a name="http---snomed.info-sct-46764007"> </a><a href="http://browser.ihtsdotools.org/?perspective=full&amp;conceptId1=46764007">46764007</a></td><td>Severe pre-eclampsia</td><td/></tr><tr><td style="white-space:nowrap"><a name="http---snomed.info-sct-443482000"> </a><a href="http://browser.ihtsdotools.org/?perspective=full&amp;conceptId1=443482000">443482000</a></td><td>Hypertensive urgency</td><td/></tr><tr><td style="white-space:nowrap"><a name="http---snomed.info-sct-23130000"> </a><a href="http://browser.ihtsdotools.org/?perspective=full&amp;conceptId1=23130000">23130000</a></td><td>Paroxysmal hypertension</td><td/></tr><tr><td style="white-space:nowrap"><a name="http---snomed.info-sct-140121000119100"> </a><a href="http://browser.ihtsdotools.org/?perspective=full&amp;conceptId1=140121000119100">140121000119100</a></td><td>Hypertension in chronic kidney disease stage 3 due to type 2 diabetes mellitus</td><td/></tr><tr><td style="white-space:nowrap"><a name="http---snomed.info-sct-712832005"> </a><a href="http://browser.ihtsdotools.org/?perspective=full&amp;conceptId1=712832005">712832005</a></td><td>Supine hypertension</td><td/></tr><tr><td style="white-space:nowrap"><a name="http---snomed.info-sct-78808002"> </a><a href="http://browser.ihtsdotools.org/?perspective=full&amp;conceptId1=78808002">78808002</a></td><td>Essential hypertension complicating AND/OR reason for care during pregnancy</td><td/></tr><tr><td style="white-space:nowrap"><a name="http---snomed.info-sct-541000119105"> </a><a href="http://browser.ihtsdotools.org/?perspective=full&amp;conceptId1=541000119105">541000119105</a></td><td>Hypertension complicating pregnancy, childbirth and the puerperium, antepartum</td><td/></tr><tr><td style="white-space:nowrap"><a name="http---snomed.info-sct-123800009"> </a><a href="http://browser.ihtsdotools.org/?perspective=full&amp;conceptId1=123800009">123800009</a></td><td>Goldblatt hypertension</td><td/></tr><tr><td style="white-space:nowrap"><a name="http---snomed.info-sct-198986005"> </a><a href="http://browser.ihtsdotools.org/?perspective=full&amp;conceptId1=198986005">198986005</a></td><td>Severe pre-eclampsia with postnatal complication</td><td/></tr><tr><td style="white-space:nowrap"><a name="http---snomed.info-sct-24042004"> </a><a href="http://browser.ihtsdotools.org/?perspective=full&amp;conceptId1=24042004">24042004</a></td><td>Chronic hypertension complicating AND/OR reason for care during puerperium</td><td/></tr><tr><td style="white-space:nowrap"><a name="http---snomed.info-sct-48552006"> </a><a href="http://browser.ihtsdotools.org/?perspective=full&amp;conceptId1=48552006">48552006</a></td><td>Hypertension secondary to renal disease complicating AND/OR reason for care during pregnancy</td><td/></tr><tr><td style="white-space:nowrap"><a name="http---snomed.info-sct-397748008"> </a><a href="http://browser.ihtsdotools.org/?perspective=full&amp;conceptId1=397748008">397748008</a></td><td>Hypertension with albuminuria</td><td/></tr><tr><td style="white-space:nowrap"><a name="http---snomed.info-sct-8218002"> </a><a href="http://browser.ihtsdotools.org/?perspective=full&amp;conceptId1=8218002">8218002</a></td><td>Chronic hypertension complicating AND/OR reason for care during childbirth</td><td/></tr><tr><td style="white-space:nowrap"><a name="http---snomed.info-sct-698638005"> </a><a href="http://browser.ihtsdotools.org/?perspective=full&amp;conceptId1=698638005">698638005</a></td><td>Pregnancy induced hypertension with pulmonary oedema</td><td/></tr><tr><td style="white-space:nowrap"><a name="http---snomed.info-sct-18416000"> </a><a href="http://browser.ihtsdotools.org/?perspective=full&amp;conceptId1=18416000">18416000</a></td><td>Essential hypertension complicating AND/OR reason for care during childbirth</td><td/></tr><tr><td style="white-space:nowrap"><a name="http---snomed.info-sct-720568003"> </a><a href="http://browser.ihtsdotools.org/?perspective=full&amp;conceptId1=720568003">720568003</a></td><td>Brachydactyly and arterial hypertension syndrome</td><td/></tr><tr><td style="white-space:nowrap"><a name="http---snomed.info-sct-71701000119105"> </a><a href="http://browser.ihtsdotools.org/?perspective=full&amp;conceptId1=71701000119105">71701000119105</a></td><td>Hypertension in chronic kidney disease due to type 1 diabetes mellitus</td><td/></tr><tr><td style="white-space:nowrap"><a name="http---snomed.info-sct-198952001"> </a><a href="http://browser.ihtsdotools.org/?perspective=full&amp;conceptId1=198952001">198952001</a></td><td>Renal hypertension complicating pregnancy, childbirth and the puerperium - delivered with postnatal complication</td><td/></tr><tr><td style="white-space:nowrap"><a name="http---snomed.info-sct-198966006"> </a><a href="http://browser.ihtsdotools.org/?perspective=full&amp;conceptId1=198966006">198966006</a></td><td>Transient hypertension of pregnancy - delivered with postnatal complication</td><td/></tr><tr><td style="white-space:nowrap"><a name="http---snomed.info-sct-35303009"> </a><a href="http://browser.ihtsdotools.org/?perspective=full&amp;conceptId1=35303009">35303009</a></td><td>Benign essential hypertension complicating AND/OR reason for care during puerperium</td><td/></tr><tr><td style="white-space:nowrap"><a name="http---snomed.info-sct-63287004"> </a><a href="http://browser.ihtsdotools.org/?perspective=full&amp;conceptId1=63287004">63287004</a></td><td>Benign essential hypertension in obstetric context</td><td/></tr><tr><td style="white-space:nowrap"><a name="http---snomed.info-sct-1201005"> </a><a href="http://browser.ihtsdotools.org/?perspective=full&amp;conceptId1=1201005">1201005</a></td><td>Benign essential hypertension</td><td/></tr><tr><td style="white-space:nowrap"><a name="http---snomed.info-sct-9901000"> </a><a href="http://browser.ihtsdotools.org/?perspective=full&amp;conceptId1=9901000">9901000</a></td><td>Essential hypertension complicating AND/OR reason for care during puerperium</td><td/></tr><tr><td style="white-space:nowrap"><a name="http---snomed.info-sct-194788005"> </a><a href="http://browser.ihtsdotools.org/?perspective=full&amp;conceptId1=194788005">194788005</a></td><td>Hypertension secondary to endocrine disorder</td><td/></tr><tr><td style="white-space:nowrap"><a name="http---snomed.info-sct-198999008"> </a><a href="http://browser.ihtsdotools.org/?perspective=full&amp;conceptId1=198999008">198999008</a></td><td>Pre-eclampsia or eclampsia with pre-existing hypertension - delivered</td><td/></tr><tr><td style="white-space:nowrap"><a name="http---snomed.info-sct-169465000"> </a><a href="http://browser.ihtsdotools.org/?perspective=full&amp;conceptId1=169465000">169465000</a></td><td>Hypertension caused by oral contraceptive pill</td><td/></tr><tr><td style="white-space:nowrap"><a name="http---snomed.info-sct-194791005"> </a><a href="http://browser.ihtsdotools.org/?perspective=full&amp;conceptId1=194791005">194791005</a></td><td>Hypertension caused by drug</td><td/></tr><tr><td style="white-space:nowrap"><a name="http---snomed.info-sct-198985009"> </a><a href="http://browser.ihtsdotools.org/?perspective=full&amp;conceptId1=198985009">198985009</a></td><td>Severe pre-eclampsia - not delivered</td><td/></tr><tr><td style="white-space:nowrap"><a name="http---snomed.info-sct-95605009"> </a><a href="http://browser.ihtsdotools.org/?perspective=full&amp;conceptId1=95605009">95605009</a></td><td>HELLP syndrome</td><td/></tr><tr><td style="white-space:nowrap"><a name="http---snomed.info-sct-198953006"> </a><a href="http://browser.ihtsdotools.org/?perspective=full&amp;conceptId1=198953006">198953006</a></td><td>Renal hypertension complicating pregnancy, childbirth and the puerperium - not delivered</td><td/></tr><tr><td style="white-space:nowrap"><a name="http---snomed.info-sct-10752641000119102"> </a><a href="http://browser.ihtsdotools.org/?perspective=full&amp;conceptId1=10752641000119102">10752641000119102</a></td><td>Eclampsia with pre-existing hypertension in childbirth</td><td/></tr><tr><td style="white-space:nowrap"><a name="http---snomed.info-sct-69909000"> </a><a href="http://browser.ihtsdotools.org/?perspective=full&amp;conceptId1=69909000">69909000</a></td><td>Eclampsia added to pre-existing hypertension</td><td/></tr><tr><td style="white-space:nowrap"><a name="http---snomed.info-sct-198967002"> </a><a href="http://browser.ihtsdotools.org/?perspective=full&amp;conceptId1=198967002">198967002</a></td><td>Transient hypertension of pregnancy - not delivered</td><td/></tr><tr><td style="white-space:nowrap"><a name="http---snomed.info-sct-766937004"> </a><a href="http://browser.ihtsdotools.org/?perspective=full&amp;conceptId1=766937004">766937004</a></td><td>Hypertension due to gain-of-function mutation in mineralocorticoid receptor</td><td/></tr><tr><td style="white-space:nowrap"><a name="http---snomed.info-sct-140111000119107"> </a><a href="http://browser.ihtsdotools.org/?perspective=full&amp;conceptId1=140111000119107">140111000119107</a></td><td>Hypertension in chronic kidney disease stage 4 due to type 2 diabetes mellitus</td><td/></tr><tr><td style="white-space:nowrap"><a name="http---snomed.info-sct-71421000119105"> </a><a href="http://browser.ihtsdotools.org/?perspective=full&amp;conceptId1=71421000119105">71421000119105</a></td><td>Hypertension in chronic kidney disease due to type 2 diabetes mellitus</td><td/></tr><tr><td style="white-space:nowrap"><a name="http---snomed.info-sct-762463000"> </a><a href="http://browser.ihtsdotools.org/?perspective=full&amp;conceptId1=762463000">762463000</a></td><td>Diastolic hypertension co-occurrent with systolic hypertension</td><td/></tr><tr><td style="white-space:nowrap"><a name="http---snomed.info-sct-56218007"> </a><a href="http://browser.ihtsdotools.org/?perspective=full&amp;conceptId1=56218007">56218007</a></td><td>Systolic hypertension</td><td/></tr><tr><td style="white-space:nowrap"><a name="http---snomed.info-sct-765182005"> </a><a href="http://browser.ihtsdotools.org/?perspective=full&amp;conceptId1=765182005">765182005</a></td><td>Postpartum pre-eclampsia</td><td/></tr><tr><td style="white-space:nowrap"><a name="http---snomed.info-sct-10757401000119104"> </a><a href="http://browser.ihtsdotools.org/?perspective=full&amp;conceptId1=10757401000119104">10757401000119104</a></td><td>Pre-existing hypertensive heart and chronic kidney disease in mother complicating childbirth</td><td/></tr><tr><td style="white-space:nowrap"><a name="http---snomed.info-sct-199007008"> </a><a href="http://browser.ihtsdotools.org/?perspective=full&amp;conceptId1=199007008">199007008</a></td><td>Pre-existing hypertensive heart and renal disease complicating pregnancy, childbirth and the puerperium</td><td/></tr><tr><td style="white-space:nowrap"><a name="http---snomed.info-sct-198941007"> </a><a href="http://browser.ihtsdotools.org/?perspective=full&amp;conceptId1=198941007">198941007</a></td><td>Hypertension complicating pregnancy, childbirth and the puerperium</td><td/></tr><tr><td style="white-space:nowrap"><a name="http---snomed.info-sct-40521000119100"> </a><a href="http://browser.ihtsdotools.org/?perspective=full&amp;conceptId1=40521000119100">40521000119100</a></td><td>Gestational hypertension after childbirth</td><td/></tr><tr><td style="white-space:nowrap"><a name="http---snomed.info-sct-65518004"> </a><a href="http://browser.ihtsdotools.org/?perspective=full&amp;conceptId1=65518004">65518004</a></td><td>Labile diastolic hypertension</td><td/></tr><tr><td style="white-space:nowrap"><a name="http---snomed.info-sct-48146000"> </a><a href="http://browser.ihtsdotools.org/?perspective=full&amp;conceptId1=48146000">48146000</a></td><td>Diastolic hypertension</td><td/></tr><tr><td style="white-space:nowrap"><a name="http---snomed.info-sct-31407004"> </a><a href="http://browser.ihtsdotools.org/?perspective=full&amp;conceptId1=31407004">31407004</a></td><td>Pre-existing hypertension complicating AND/OR reason for care during puerperium</td><td/></tr><tr><td style="white-space:nowrap"><a name="http---snomed.info-sct-86041002"> </a><a href="http://browser.ihtsdotools.org/?perspective=full&amp;conceptId1=86041002">86041002</a></td><td>Pre-existing hypertension in obstetric context</td><td/></tr><tr><td style="white-space:nowrap"><a name="http---snomed.info-sct-367390009"> </a><a href="http://browser.ihtsdotools.org/?perspective=full&amp;conceptId1=367390009">367390009</a></td><td>Hypertension in the obstetric context</td><td/></tr><tr><td style="white-space:nowrap"><a name="http---snomed.info-sct-10725009"> </a><a href="http://browser.ihtsdotools.org/?perspective=full&amp;conceptId1=10725009">10725009</a></td><td>Benign hypertension</td><td/></tr><tr><td style="white-space:nowrap"><a name="http---snomed.info-sct-57684003"> </a><a href="http://browser.ihtsdotools.org/?perspective=full&amp;conceptId1=57684003">57684003</a></td><td>Parenchymal renal hypertension</td><td/></tr><tr><td style="white-space:nowrap"><a name="http---snomed.info-sct-698640000"> </a><a href="http://browser.ihtsdotools.org/?perspective=full&amp;conceptId1=698640000">698640000</a></td><td>Hypertension in the puerperium with pulmonary oedema</td><td/></tr><tr><td style="white-space:nowrap"><a name="http---snomed.info-sct-288250001"> </a><a href="http://browser.ihtsdotools.org/?perspective=full&amp;conceptId1=288250001">288250001</a></td><td>Maternal hypertension</td><td/></tr><tr><td style="white-space:nowrap"><a name="http---snomed.info-sct-194783001"> </a><a href="http://browser.ihtsdotools.org/?perspective=full&amp;conceptId1=194783001">194783001</a></td><td>Malignant secondary renovascular hypertension</td><td/></tr><tr><td style="white-space:nowrap"><a name="http---snomed.info-sct-89242004"> </a><a href="http://browser.ihtsdotools.org/?perspective=full&amp;conceptId1=89242004">89242004</a></td><td>Malignant secondary hypertension</td><td/></tr><tr><td style="white-space:nowrap"><a name="http---snomed.info-sct-70272006"> </a><a href="http://browser.ihtsdotools.org/?perspective=full&amp;conceptId1=70272006">70272006</a></td><td>Malignant hypertension</td><td/></tr><tr><td style="white-space:nowrap"><a name="http---snomed.info-sct-132721000119104"> </a><a href="http://browser.ihtsdotools.org/?perspective=full&amp;conceptId1=132721000119104">132721000119104</a></td><td>Hypertensive emergency</td><td/></tr><tr><td style="white-space:nowrap"><a name="http---snomed.info-sct-706882009"> </a><a href="http://browser.ihtsdotools.org/?perspective=full&amp;conceptId1=706882009">706882009</a></td><td>Hypertensive crisis</td><td/></tr><tr><td style="white-space:nowrap"><a name="http---snomed.info-sct-123799005"> </a><a href="http://browser.ihtsdotools.org/?perspective=full&amp;conceptId1=123799005">123799005</a></td><td>Renovascular hypertension</td><td/></tr><tr><td style="white-space:nowrap"><a name="http---snomed.info-sct-28119000"> </a><a href="http://browser.ihtsdotools.org/?perspective=full&amp;conceptId1=28119000">28119000</a></td><td>Renal hypertension</td><td/></tr><tr><td style="white-space:nowrap"><a name="http---snomed.info-sct-15394000"> </a><a href="http://browser.ihtsdotools.org/?perspective=full&amp;conceptId1=15394000">15394000</a></td><td>Toxaemia of pregnancy</td><td/></tr><tr><td style="white-space:nowrap"><a name="http---snomed.info-sct-16229371000119106"> </a><a href="http://browser.ihtsdotools.org/?perspective=full&amp;conceptId1=16229371000119106">16229371000119106</a></td><td>Labile systemic arterial hypertension</td><td/></tr><tr><td style="white-space:nowrap"><a name="http---snomed.info-sct-697929007"> </a><a href="http://browser.ihtsdotools.org/?perspective=full&amp;conceptId1=697929007">697929007</a></td><td>Intermittent hypertension</td><td/></tr><tr><td style="white-space:nowrap"><a name="http---snomed.info-sct-41114007"> </a><a href="http://browser.ihtsdotools.org/?perspective=full&amp;conceptId1=41114007">41114007</a></td><td>Mild pre-eclampsia</td><td/></tr><tr><td style="white-space:nowrap"><a name="http---snomed.info-sct-398254007"> </a><a href="http://browser.ihtsdotools.org/?perspective=full&amp;conceptId1=398254007">398254007</a></td><td>Pre-eclampsia</td><td/></tr><tr><td style="white-space:nowrap"><a name="http---snomed.info-sct-48194001"> </a><a href="http://browser.ihtsdotools.org/?perspective=full&amp;conceptId1=48194001">48194001</a></td><td>Pregnancy-induced hypertension</td><td/></tr><tr><td style="white-space:nowrap"><a name="http---snomed.info-sct-427889009"> </a><a href="http://browser.ihtsdotools.org/?perspective=full&amp;conceptId1=427889009">427889009</a></td><td>Hypertension associated with transplantation</td><td/></tr><tr><td style="white-space:nowrap"><a name="http---snomed.info-sct-199008003"> </a><a href="http://browser.ihtsdotools.org/?perspective=full&amp;conceptId1=199008003">199008003</a></td><td>Pre-existing secondary hypertension complicating pregnancy, childbirth and puerperium</td><td/></tr><tr><td style="white-space:nowrap"><a name="http---snomed.info-sct-31992008"> </a><a href="http://browser.ihtsdotools.org/?perspective=full&amp;conceptId1=31992008">31992008</a></td><td>Secondary hypertension</td><td/></tr></table></div>
  </text>
  <url value="http://fhir.org/guides/acep/ValueSet/covid-19-condition-risk-hypertension"/>
  <version value="0.1.0"/>
  <name value="COVID19RiskFactorHypertension"/>
  <title value="COVID-19 Risk Factor Hypertension Value Set"/>
  <status value="active"/>
  <date value="2021-03-06T00:58:44+00:00"/>
  <publisher value="Veterans Health Administration (VHA)"/>
  <contact>
    <telecom>
      <system value="url"/>
      <value value="http://hl7.org/Special/committees/[something]"/>
    </telecom>
  </contact>
  <description value="COVID-19 Risk Factor Hypertension Value Set"/>
  <jurisdiction>
    <coding>
      <system value="http://unstats.un.org/unsd/methods/m49/m49.htm"/>
      <code value="001"/>
    </coding>
  </jurisdiction>
  <compose>
    <include>
      <system value="http://snomed.info/sct"/>
      <concept>
        <code value="38341003"/>
        <display value="Hypertensive disorder, systemic arterial (disorder)"/>
      </concept>
    </include>
    <include>
      <system value="http://snomed.info/sct"/>
      <filter>
        <property value="concept"/>
        <op value="is-a"/>
        <value value="38341003"/>
      </filter>
    </include>
  </compose>
  <expansion>
    <identifier value="77b1bca6-c375-4915-8584-b7ced1fb9625"/>
    <timestamp value="2021-01-09T03:25:48+10:00"/>
    <total value="133"/>
    <offset value="0"/>
    <parameter>
      <name value="version"/>
      <valueUri value="http://snomed.info/sct|http://snomed.info/sct/32506021000036107/version/20201231"/>
    </parameter>
    <parameter>
      <name value="count"/>
      <valueInteger value="2147483647"/>
    </parameter>
    <parameter>
      <name value="offset"/>
      <valueInteger value="0"/>
    </parameter>
    <contains>
      <system value="http://snomed.info/sct"/>
      <code value="38341003"/>
      <display value="Hypertensive disorder, systemic arterial (disorder)"/>
    </contains>
    <contains>
      <system value="http://snomed.info/sct"/>
      <code value="29259002"/>
      <display value="Malignant hypertension complicating AND/OR reason for care during pregnancy"/>
    </contains>
    <contains>
      <system value="http://snomed.info/sct"/>
      <code value="37618003"/>
      <display value="Chronic hypertension complicating AND/OR reason for care during pregnancy"/>
    </contains>
    <contains>
      <system value="http://snomed.info/sct"/>
      <code value="46481004"/>
      <display value="Low-renin essential hypertension"/>
    </contains>
    <contains>
      <system value="http://snomed.info/sct"/>
      <code value="1256051000168106"/>
      <display value="Inadequately controlled hypertension"/>
    </contains>
    <contains>
      <system value="http://snomed.info/sct"/>
      <code value="39018007"/>
      <display value="Renal arterial hypertension"/>
    </contains>
    <contains>
      <system value="http://snomed.info/sct"/>
      <code value="429457004"/>
      <display value="Systolic essential hypertension"/>
    </contains>
    <contains>
      <system value="http://snomed.info/sct"/>
      <code value="199005000"/>
      <display value="Pre-existing hypertension complicating pregnancy, childbirth and puerperium"/>
    </contains>
    <contains>
      <system value="http://snomed.info/sct"/>
      <code value="198947006"/>
      <display value="Benign essential hypertension complicating pregnancy, childbirth and the puerperium with postnatal complication"/>
    </contains>
    <contains>
      <system value="http://snomed.info/sct"/>
      <code value="198946002"/>
      <display value="Benign essential hypertension complicating pregnancy, childbirth and the puerperium - not delivered"/>
    </contains>
    <contains>
      <system value="http://snomed.info/sct"/>
      <code value="198945003"/>
      <display value="Benign essential hypertension complicating pregnancy, childbirth and the puerperium - delivered with postnatal complication"/>
    </contains>
    <contains>
      <system value="http://snomed.info/sct"/>
      <code value="5501000119106"/>
      <display value="Postoperative hypertension"/>
    </contains>
    <contains>
      <system value="http://snomed.info/sct"/>
      <code value="74451002"/>
      <display value="Secondary diastolic hypertension"/>
    </contains>
    <contains>
      <system value="http://snomed.info/sct"/>
      <code value="40511000119107"/>
      <display value="Pre-existing essential hypertension in postpartum"/>
    </contains>
    <contains>
      <system value="http://snomed.info/sct"/>
      <code value="198942000"/>
      <display value="Benign essential hypertension complicating pregnancy, childbirth and the puerperium"/>
    </contains>
    <contains>
      <system value="http://snomed.info/sct"/>
      <code value="59720008"/>
      <display value="Sustained diastolic hypertension"/>
    </contains>
    <contains>
      <system value="http://snomed.info/sct"/>
      <code value="73410007"/>
      <display value="Benign secondary renovascular hypertension"/>
    </contains>
    <contains>
      <system value="http://snomed.info/sct"/>
      <code value="206596003"/>
      <display value="Neonatal hypertension"/>
    </contains>
    <contains>
      <system value="http://snomed.info/sct"/>
      <code value="67359005"/>
      <display value="Pre-eclampsia added to pre-existing hypertension"/>
    </contains>
    <contains>
      <system value="http://snomed.info/sct"/>
      <code value="697930002"/>
      <display value="Labile hypertension due to being in a clinical environment"/>
    </contains>
    <contains>
      <system value="http://snomed.info/sct"/>
      <code value="198944004"/>
      <display value="Benign essential hypertension complicating pregnancy, childbirth and the puerperium - delivered"/>
    </contains>
    <contains>
      <system value="http://snomed.info/sct"/>
      <code value="140101000119109"/>
      <display value="Hypertension in chronic kidney disease stage 5 due to type 2 diabetes mellitus"/>
    </contains>
    <contains>
      <system value="http://snomed.info/sct"/>
      <code value="39727004"/>
      <display value="Hypertension secondary to renal disease complicating AND/OR reason for care during puerperium"/>
    </contains>
    <contains>
      <system value="http://snomed.info/sct"/>
      <code value="199002002"/>
      <display value="Pre-eclampsia or eclampsia with pre-existing hypertension - not delivered"/>
    </contains>
    <contains>
      <system value="http://snomed.info/sct"/>
      <code value="199000005"/>
      <display value="Pre-eclampsia or eclampsia with pre-existing hypertension - delivered with postnatal complication"/>
    </contains>
    <contains>
      <system value="http://snomed.info/sct"/>
      <code value="199003007"/>
      <display value="Pre-eclampsia or eclampsia with pre-existing hypertension with postnatal complication"/>
    </contains>
    <contains>
      <system value="http://snomed.info/sct"/>
      <code value="1078301000112109"/>
      <display value="Multiple drug intolerant hypertension"/>
    </contains>
    <contains>
      <system value="http://snomed.info/sct"/>
      <code value="26078007"/>
      <display value="Hypertension secondary to renal disease complicating AND/OR reason for care during childbirth"/>
    </contains>
    <contains>
      <system value="http://snomed.info/sct"/>
      <code value="871642009"/>
      <display value="Hypertension due to aortic arch obstruction"/>
    </contains>
    <contains>
      <system value="http://snomed.info/sct"/>
      <code value="10562009"/>
      <display value="Malignant hypertension complicating AND/OR reason for care during childbirth"/>
    </contains>
    <contains>
      <system value="http://snomed.info/sct"/>
      <code value="23786008"/>
      <display value="Malignant hypertension complicating AND/OR reason for care during puerperium"/>
    </contains>
    <contains>
      <system value="http://snomed.info/sct"/>
      <code value="81626002"/>
      <display value="Malignant hypertension in obstetric context"/>
    </contains>
    <contains>
      <system value="http://snomed.info/sct"/>
      <code value="78975002"/>
      <display value="Malignant essential hypertension"/>
    </contains>
    <contains>
      <system value="http://snomed.info/sct"/>
      <code value="65402008"/>
      <display value="Pre-existing hypertension complicating AND/OR reason for care during pregnancy"/>
    </contains>
    <contains>
      <system value="http://snomed.info/sct"/>
      <code value="198965005"/>
      <display value="Transient hypertension of pregnancy - delivered"/>
    </contains>
    <contains>
      <system value="http://snomed.info/sct"/>
      <code value="237279007"/>
      <display value="Transient hypertension of pregnancy"/>
    </contains>
    <contains>
      <system value="http://snomed.info/sct"/>
      <code value="237282002"/>
      <display value="Impending eclampsia"/>
    </contains>
    <contains>
      <system value="http://snomed.info/sct"/>
      <code value="198951008"/>
      <display value="Renal hypertension complicating pregnancy, childbirth and the puerperium - delivered"/>
    </contains>
    <contains>
      <system value="http://snomed.info/sct"/>
      <code value="198949009"/>
      <display value="Renal hypertension complicating pregnancy, childbirth and the puerperium"/>
    </contains>
    <contains>
      <system value="http://snomed.info/sct"/>
      <code value="82771000119102"/>
      <display value="Hypertension complicating pregnancy"/>
    </contains>
    <contains>
      <system value="http://snomed.info/sct"/>
      <code value="23717007"/>
      <display value="Benign essential hypertension complicating AND/OR reason for care during pregnancy"/>
    </contains>
    <contains>
      <system value="http://snomed.info/sct"/>
      <code value="429198000"/>
      <display value="Exertional hypertension"/>
    </contains>
    <contains>
      <system value="http://snomed.info/sct"/>
      <code value="237281009"/>
      <display value="Moderate pre-eclampsia"/>
    </contains>
    <contains>
      <system value="http://snomed.info/sct"/>
      <code value="428575007"/>
      <display value="Hypertension secondary to kidney transplant"/>
    </contains>
    <contains>
      <system value="http://snomed.info/sct"/>
      <code value="198984008"/>
      <display value="Severe pre-eclampsia - delivered with postnatal complication"/>
    </contains>
    <contains>
      <system value="http://snomed.info/sct"/>
      <code value="19769006"/>
      <display value="High-renin essential hypertension"/>
    </contains>
    <contains>
      <system value="http://snomed.info/sct"/>
      <code value="371125006"/>
      <display value="Labile essential hypertension"/>
    </contains>
    <contains>
      <system value="http://snomed.info/sct"/>
      <code value="118781000119108"/>
      <display value="Pre-existing hypertensive chronic kidney disease in mother complicating pregnancy"/>
    </contains>
    <contains>
      <system value="http://snomed.info/sct"/>
      <code value="198968007"/>
      <display value="Transient hypertension of pregnancy with postnatal complication"/>
    </contains>
    <contains>
      <system value="http://snomed.info/sct"/>
      <code value="140131000119102"/>
      <display value="Hypertension in chronic kidney disease stage 2 due to type 2 diabetes mellitus"/>
    </contains>
    <contains>
      <system value="http://snomed.info/sct"/>
      <code value="14973001"/>
      <display value="Renal sclerosis with hypertension"/>
    </contains>
    <contains>
      <system value="http://snomed.info/sct"/>
      <code value="34694006"/>
      <display value="Pre-existing hypertension complicating AND/OR reason for care during childbirth"/>
    </contains>
    <contains>
      <system value="http://snomed.info/sct"/>
      <code value="71874008"/>
      <display value="Benign essential hypertension complicating AND/OR reason for care during childbirth"/>
    </contains>
    <contains>
      <system value="http://snomed.info/sct"/>
      <code value="307632004"/>
      <display value="Non-proteinuric hypertension of pregnancy"/>
    </contains>
    <contains>
      <system value="http://snomed.info/sct"/>
      <code value="84094009"/>
      <display value="Rebound hypertension"/>
    </contains>
    <contains>
      <system value="http://snomed.info/sct"/>
      <code value="52698002"/>
      <display value="Transient hypertension"/>
    </contains>
    <contains>
      <system value="http://snomed.info/sct"/>
      <code value="72022006"/>
      <display value="Essential hypertension in obstetric context"/>
    </contains>
    <contains>
      <system value="http://snomed.info/sct"/>
      <code value="59621000"/>
      <display value="Essential hypertension"/>
    </contains>
    <contains>
      <system value="http://snomed.info/sct"/>
      <code value="721371000168104"/>
      <display value="Refractory hypertension"/>
    </contains>
    <contains>
      <system value="http://snomed.info/sct"/>
      <code value="194785008"/>
      <display value="Benign secondary hypertension"/>
    </contains>
    <contains>
      <system value="http://snomed.info/sct"/>
      <code value="8762007"/>
      <display value="Chronic hypertension in obstetric context"/>
    </contains>
    <contains>
      <system value="http://snomed.info/sct"/>
      <code value="111438007"/>
      <display value="Hypertension secondary to renal disease in obstetric context"/>
    </contains>
    <contains>
      <system value="http://snomed.info/sct"/>
      <code value="1256061000168108"/>
      <display value="Adequately controlled hypertension"/>
    </contains>
    <contains>
      <system value="http://snomed.info/sct"/>
      <code value="198997005"/>
      <display value="Pre-eclampsia or eclampsia with pre-existing hypertension"/>
    </contains>
    <contains>
      <system value="http://snomed.info/sct"/>
      <code value="198983002"/>
      <display value="Severe pre-eclampsia - delivered"/>
    </contains>
    <contains>
      <system value="http://snomed.info/sct"/>
      <code value="46764007"/>
      <display value="Severe pre-eclampsia"/>
    </contains>
    <contains>
      <system value="http://snomed.info/sct"/>
      <code value="443482000"/>
      <display value="Hypertensive urgency"/>
    </contains>
    <contains>
      <system value="http://snomed.info/sct"/>
      <code value="23130000"/>
      <display value="Paroxysmal hypertension"/>
    </contains>
    <contains>
      <system value="http://snomed.info/sct"/>
      <code value="140121000119100"/>
      <display value="Hypertension in chronic kidney disease stage 3 due to type 2 diabetes mellitus"/>
    </contains>
    <contains>
      <system value="http://snomed.info/sct"/>
      <code value="712832005"/>
      <display value="Supine hypertension"/>
    </contains>
    <contains>
      <system value="http://snomed.info/sct"/>
      <code value="78808002"/>
      <display value="Essential hypertension complicating AND/OR reason for care during pregnancy"/>
    </contains>
    <contains>
      <system value="http://snomed.info/sct"/>
      <code value="541000119105"/>
      <display value="Hypertension complicating pregnancy, childbirth and the puerperium, antepartum"/>
    </contains>
    <contains>
      <system value="http://snomed.info/sct"/>
      <code value="123800009"/>
      <display value="Goldblatt hypertension"/>
    </contains>
    <contains>
      <system value="http://snomed.info/sct"/>
      <code value="198986005"/>
      <display value="Severe pre-eclampsia with postnatal complication"/>
    </contains>
    <contains>
      <system value="http://snomed.info/sct"/>
      <code value="24042004"/>
      <display value="Chronic hypertension complicating AND/OR reason for care during puerperium"/>
    </contains>
    <contains>
      <system value="http://snomed.info/sct"/>
      <code value="48552006"/>
      <display value="Hypertension secondary to renal disease complicating AND/OR reason for care during pregnancy"/>
    </contains>
    <contains>
      <system value="http://snomed.info/sct"/>
      <code value="397748008"/>
      <display value="Hypertension with albuminuria"/>
    </contains>
    <contains>
      <system value="http://snomed.info/sct"/>
      <code value="8218002"/>
      <display value="Chronic hypertension complicating AND/OR reason for care during childbirth"/>
    </contains>
    <contains>
      <system value="http://snomed.info/sct"/>
      <code value="698638005"/>
      <display value="Pregnancy induced hypertension with pulmonary oedema"/>
    </contains>
    <contains>
      <system value="http://snomed.info/sct"/>
      <code value="18416000"/>
      <display value="Essential hypertension complicating AND/OR reason for care during childbirth"/>
    </contains>
    <contains>
      <system value="http://snomed.info/sct"/>
      <code value="720568003"/>
      <display value="Brachydactyly and arterial hypertension syndrome"/>
    </contains>
    <contains>
      <system value="http://snomed.info/sct"/>
      <code value="71701000119105"/>
      <display value="Hypertension in chronic kidney disease due to type 1 diabetes mellitus"/>
    </contains>
    <contains>
      <system value="http://snomed.info/sct"/>
      <code value="198952001"/>
      <display value="Renal hypertension complicating pregnancy, childbirth and the puerperium - delivered with postnatal complication"/>
    </contains>
    <contains>
      <system value="http://snomed.info/sct"/>
      <code value="198966006"/>
      <display value="Transient hypertension of pregnancy - delivered with postnatal complication"/>
    </contains>
    <contains>
      <system value="http://snomed.info/sct"/>
      <code value="35303009"/>
      <display value="Benign essential hypertension complicating AND/OR reason for care during puerperium"/>
    </contains>
    <contains>
      <system value="http://snomed.info/sct"/>
      <code value="63287004"/>
      <display value="Benign essential hypertension in obstetric context"/>
    </contains>
    <contains>
      <system value="http://snomed.info/sct"/>
      <code value="1201005"/>
      <display value="Benign essential hypertension"/>
    </contains>
    <contains>
      <system value="http://snomed.info/sct"/>
      <code value="9901000"/>
      <display value="Essential hypertension complicating AND/OR reason for care during puerperium"/>
    </contains>
    <contains>
      <system value="http://snomed.info/sct"/>
      <code value="194788005"/>
      <display value="Hypertension secondary to endocrine disorder"/>
    </contains>
    <contains>
      <system value="http://snomed.info/sct"/>
      <code value="198999008"/>
      <display value="Pre-eclampsia or eclampsia with pre-existing hypertension - delivered"/>
    </contains>
    <contains>
      <system value="http://snomed.info/sct"/>
      <code value="169465000"/>
      <display value="Hypertension caused by oral contraceptive pill"/>
    </contains>
    <contains>
      <system value="http://snomed.info/sct"/>
      <code value="194791005"/>
      <display value="Hypertension caused by drug"/>
    </contains>
    <contains>
      <system value="http://snomed.info/sct"/>
      <code value="198985009"/>
      <display value="Severe pre-eclampsia - not delivered"/>
    </contains>
    <contains>
      <system value="http://snomed.info/sct"/>
      <code value="95605009"/>
      <display value="HELLP syndrome"/>
    </contains>
    <contains>
      <system value="http://snomed.info/sct"/>
      <code value="198953006"/>
      <display value="Renal hypertension complicating pregnancy, childbirth and the puerperium - not delivered"/>
    </contains>
    <contains>
      <system value="http://snomed.info/sct"/>
      <code value="10752641000119102"/>
      <display value="Eclampsia with pre-existing hypertension in childbirth"/>
    </contains>
    <contains>
      <system value="http://snomed.info/sct"/>
      <code value="69909000"/>
      <display value="Eclampsia added to pre-existing hypertension"/>
    </contains>
    <contains>
      <system value="http://snomed.info/sct"/>
      <code value="198967002"/>
      <display value="Transient hypertension of pregnancy - not delivered"/>
    </contains>
    <contains>
      <system value="http://snomed.info/sct"/>
      <code value="766937004"/>
      <display value="Hypertension due to gain-of-function mutation in mineralocorticoid receptor"/>
    </contains>
    <contains>
      <system value="http://snomed.info/sct"/>
      <code value="140111000119107"/>
      <display value="Hypertension in chronic kidney disease stage 4 due to type 2 diabetes mellitus"/>
    </contains>
    <contains>
      <system value="http://snomed.info/sct"/>
      <code value="71421000119105"/>
      <display value="Hypertension in chronic kidney disease due to type 2 diabetes mellitus"/>
    </contains>
    <contains>
      <system value="http://snomed.info/sct"/>
      <code value="762463000"/>
      <display value="Diastolic hypertension co-occurrent with systolic hypertension"/>
    </contains>
    <contains>
      <system value="http://snomed.info/sct"/>
      <code value="56218007"/>
      <display value="Systolic hypertension"/>
    </contains>
    <contains>
      <system value="http://snomed.info/sct"/>
      <code value="765182005"/>
      <display value="Postpartum pre-eclampsia"/>
    </contains>
    <contains>
      <system value="http://snomed.info/sct"/>
      <code value="10757401000119104"/>
      <display value="Pre-existing hypertensive heart and chronic kidney disease in mother complicating childbirth"/>
    </contains>
    <contains>
      <system value="http://snomed.info/sct"/>
      <code value="199007008"/>
      <display value="Pre-existing hypertensive heart and renal disease complicating pregnancy, childbirth and the puerperium"/>
    </contains>
    <contains>
      <system value="http://snomed.info/sct"/>
      <code value="198941007"/>
      <display value="Hypertension complicating pregnancy, childbirth and the puerperium"/>
    </contains>
    <contains>
      <system value="http://snomed.info/sct"/>
      <code value="40521000119100"/>
      <display value="Gestational hypertension after childbirth"/>
    </contains>
    <contains>
      <system value="http://snomed.info/sct"/>
      <code value="65518004"/>
      <display value="Labile diastolic hypertension"/>
    </contains>
    <contains>
      <system value="http://snomed.info/sct"/>
      <code value="48146000"/>
      <display value="Diastolic hypertension"/>
    </contains>
    <contains>
      <system value="http://snomed.info/sct"/>
      <code value="31407004"/>
      <display value="Pre-existing hypertension complicating AND/OR reason for care during puerperium"/>
    </contains>
    <contains>
      <system value="http://snomed.info/sct"/>
      <code value="86041002"/>
      <display value="Pre-existing hypertension in obstetric context"/>
    </contains>
    <contains>
      <system value="http://snomed.info/sct"/>
      <code value="367390009"/>
      <display value="Hypertension in the obstetric context"/>
    </contains>
    <contains>
      <system value="http://snomed.info/sct"/>
      <code value="10725009"/>
      <display value="Benign hypertension"/>
    </contains>
    <contains>
      <system value="http://snomed.info/sct"/>
      <code value="57684003"/>
      <display value="Parenchymal renal hypertension"/>
    </contains>
    <contains>
      <system value="http://snomed.info/sct"/>
      <code value="698640000"/>
      <display value="Hypertension in the puerperium with pulmonary oedema"/>
    </contains>
    <contains>
      <system value="http://snomed.info/sct"/>
      <code value="288250001"/>
      <display value="Maternal hypertension"/>
    </contains>
    <contains>
      <system value="http://snomed.info/sct"/>
      <code value="194783001"/>
      <display value="Malignant secondary renovascular hypertension"/>
    </contains>
    <contains>
      <system value="http://snomed.info/sct"/>
      <code value="89242004"/>
      <display value="Malignant secondary hypertension"/>
    </contains>
    <contains>
      <system value="http://snomed.info/sct"/>
      <code value="70272006"/>
      <display value="Malignant hypertension"/>
    </contains>
    <contains>
      <system value="http://snomed.info/sct"/>
      <code value="132721000119104"/>
      <display value="Hypertensive emergency"/>
    </contains>
    <contains>
      <system value="http://snomed.info/sct"/>
      <code value="706882009"/>
      <display value="Hypertensive crisis"/>
    </contains>
    <contains>
      <system value="http://snomed.info/sct"/>
      <code value="123799005"/>
      <display value="Renovascular hypertension"/>
    </contains>
    <contains>
      <system value="http://snomed.info/sct"/>
      <code value="28119000"/>
      <display value="Renal hypertension"/>
    </contains>
    <contains>
      <system value="http://snomed.info/sct"/>
      <code value="15394000"/>
      <display value="Toxaemia of pregnancy"/>
    </contains>
    <contains>
      <system value="http://snomed.info/sct"/>
      <code value="16229371000119106"/>
      <display value="Labile systemic arterial hypertension"/>
    </contains>
    <contains>
      <system value="http://snomed.info/sct"/>
      <code value="697929007"/>
      <display value="Intermittent hypertension"/>
    </contains>
    <contains>
      <system value="http://snomed.info/sct"/>
      <code value="41114007"/>
      <display value="Mild pre-eclampsia"/>
    </contains>
    <contains>
      <system value="http://snomed.info/sct"/>
      <code value="398254007"/>
      <display value="Pre-eclampsia"/>
    </contains>
    <contains>
      <system value="http://snomed.info/sct"/>
      <code value="48194001"/>
      <display value="Pregnancy-induced hypertension"/>
    </contains>
    <contains>
      <system value="http://snomed.info/sct"/>
      <code value="427889009"/>
      <display value="Hypertension associated with transplantation"/>
    </contains>
    <contains>
      <system value="http://snomed.info/sct"/>
      <code value="199008003"/>
      <display value="Pre-existing secondary hypertension complicating pregnancy, childbirth and puerperium"/>
    </contains>
    <contains>
      <system value="http://snomed.info/sct"/>
      <code value="31992008"/>
      <display value="Secondary hypertension"/>
    </contains>
  </expansion>
</ValueSet>