<?xml version="1.0" encoding="UTF-8"?>

<ValueSet xmlns="http://hl7.org/fhir">
  <id value="covid-19-condition-risk-immunosuppression-snomed"/>
  <language value="en"/>
  <text>
    <status value="generated"/><div xmlns="http://www.w3.org/1999/xhtml" xml:lang="en" lang="en"><p>This value set contains 16 concepts</p><p>All codes from system <a href="http://terminology.hl7.org/2.1.0/CodeSystem-v3-snomed-CT.html"><code>http://snomed.info/sct</code></a></p><table class="codes"><tr><td style="white-space:nowrap"><b>Code</b></td><td><b>Display</b></td><td><b>Definition</b></td></tr><tr><td style="white-space:nowrap"><a name="http---snomed.info-sct-17604001"> </a><a href="http://browser.ihtsdotools.org/?perspective=full&amp;conceptId1=17604001">17604001</a></td><td>Bilateral right-sidedness sequence (disorder)</td><td/></tr><tr><td style="white-space:nowrap"><a name="http---snomed.info-sct-300564004"> </a><a href="http://browser.ihtsdotools.org/?perspective=full&amp;conceptId1=300564004">300564004</a></td><td>Spleen absent (finding)</td><td/></tr><tr><td style="white-space:nowrap"><a name="http---snomed.info-sct-38096003"> </a><a href="http://browser.ihtsdotools.org/?perspective=full&amp;conceptId1=38096003">38096003</a></td><td>Functional asplenia (disorder)</td><td/></tr><tr><td style="white-space:nowrap"><a name="http---snomed.info-sct-707147002"> </a><a href="http://browser.ihtsdotools.org/?perspective=full&amp;conceptId1=707147002">707147002</a></td><td>Asplenia (disorder)</td><td/></tr><tr><td style="white-space:nowrap"><a name="http---snomed.info-sct-711407000"> </a><a href="http://browser.ihtsdotools.org/?perspective=full&amp;conceptId1=711407000">711407000</a></td><td>Thrombocytopathy, asplenia and miosis (disorder)</td><td/></tr><tr><td style="white-space:nowrap"><a name="http---snomed.info-sct-724639003"> </a><a href="http://browser.ihtsdotools.org/?perspective=full&amp;conceptId1=724639003">724639003</a></td><td>Asplenia following surgical procedure (disorder)</td><td/></tr><tr><td style="white-space:nowrap"><a name="http---snomed.info-sct-726708009"> </a><a href="http://browser.ihtsdotools.org/?perspective=full&amp;conceptId1=726708009">726708009</a></td><td>Familial isolated congenital asplenia (disorder)</td><td/></tr><tr><td style="white-space:nowrap"><a name="http---snomed.info-sct-93030006"> </a><a href="http://browser.ihtsdotools.org/?perspective=full&amp;conceptId1=93030006">93030006</a></td><td>Congenital absence of spleen (disorder)</td><td/></tr><tr><td style="white-space:nowrap"><a name="http---snomed.info-sct-1003551006"> </a><a href="http://browser.ihtsdotools.org/?perspective=full&amp;conceptId1=1003551006">1003551006</a></td><td>Agenesis of spleen (disorder)</td><td/></tr><tr><td style="white-space:nowrap"><a name="http---snomed.info-sct-702624008"> </a><a href="http://browser.ihtsdotools.org/?perspective=full&amp;conceptId1=702624008">702624008</a></td><td>Aplasia of spleen (disorder)</td><td/></tr><tr><td style="white-space:nowrap"><a name="http---snomed.info-sct-234511009"> </a><a href="http://browser.ihtsdotools.org/?perspective=full&amp;conceptId1=234511009">234511009</a></td><td>Post-splenectomy disorder (disorder)</td><td/></tr><tr><td style="white-space:nowrap"><a name="http---snomed.info-sct-234513007"> </a><a href="http://browser.ihtsdotools.org/?perspective=full&amp;conceptId1=234513007">234513007</a></td><td>Post-splenectomy leukocytosis (disorder)</td><td/></tr><tr><td style="white-space:nowrap"><a name="http---snomed.info-sct-700052007"> </a><a href="http://browser.ihtsdotools.org/?perspective=full&amp;conceptId1=700052007">700052007</a></td><td>Post-splenectomy sepsis (disorder)</td><td/></tr><tr><td style="white-space:nowrap"><a name="http---snomed.info-sct-234512002"> </a><a href="http://browser.ihtsdotools.org/?perspective=full&amp;conceptId1=234512002">234512002</a></td><td>Post-splenectomy thrombocytosis (disorder)</td><td/></tr><tr><td style="white-space:nowrap"><a name="http---snomed.info-sct-161626009"> </a><a href="http://browser.ihtsdotools.org/?perspective=full&amp;conceptId1=161626009">161626009</a></td><td>History of splenectomy (situation)</td><td/></tr><tr><td style="white-space:nowrap"><a name="http---snomed.info-sct-700051000"> </a><a href="http://browser.ihtsdotools.org/?perspective=full&amp;conceptId1=700051000">700051000</a></td><td>Sepsis in asplenic subject (disorder)</td><td/></tr></table></div>
  </text>
  <url value="http://fhir.org/guides/acep/ValueSet/covid-19-condition-risk-immunosuppression-snomed"/>
  <version value="0.1.0"/>
  <name value="COVID19SNOMEDConditionRiskImmunosuppression"/>
  <title value="COVID-19 SNOMED Condition Risk Immunosuppression"/>
  <status value="active"/>
  <date value="2021-08-10T19:41:25+00:00"/>
  <publisher value="Veterans Health Administration (VHA)"/>
  <contact>
    <telecom>
      <system value="url"/>
      <value value="http://hl7.org/Special/committees/[something]"/>
    </telecom>
  </contact>
  <description value="COVID-19 SNOMED Condition Risk Immunosuppression"/>
  <jurisdiction>
    <coding>
      <system value="http://unstats.un.org/unsd/methods/m49/m49.htm"/>
      <code value="001"/>
    </coding>
  </jurisdiction>
  <expansion>
    <contains>
      <system value="http://snomed.info/sct"/>
      <code value="17604001"/>
      <display value="Bilateral right-sidedness sequence (disorder)"/>
    </contains>
    <contains>
      <system value="http://snomed.info/sct"/>
      <code value="300564004"/>
      <display value="Spleen absent (finding)"/>
    </contains>
    <contains>
      <system value="http://snomed.info/sct"/>
      <code value="38096003"/>
      <display value="Functional asplenia (disorder)"/>
    </contains>
    <contains>
      <system value="http://snomed.info/sct"/>
      <code value="707147002"/>
      <display value="Asplenia (disorder)"/>
    </contains>
    <contains>
      <system value="http://snomed.info/sct"/>
      <code value="711407000"/>
      <display value="Thrombocytopathy, asplenia and miosis (disorder)"/>
    </contains>
    <contains>
      <system value="http://snomed.info/sct"/>
      <code value="724639003"/>
      <display value="Asplenia following surgical procedure (disorder)"/>
    </contains>
    <contains>
      <system value="http://snomed.info/sct"/>
      <code value="726708009"/>
      <display value="Familial isolated congenital asplenia (disorder)"/>
    </contains>
    <contains>
      <system value="http://snomed.info/sct"/>
      <code value="93030006"/>
      <display value="Congenital absence of spleen (disorder)"/>
    </contains>
    <contains>
      <system value="http://snomed.info/sct"/>
      <code value="1003551006"/>
      <display value="Agenesis of spleen (disorder)"/>
    </contains>
    <contains>
      <system value="http://snomed.info/sct"/>
      <code value="702624008"/>
      <display value="Aplasia of spleen (disorder)"/>
    </contains>
    <contains>
      <system value="http://snomed.info/sct"/>
      <code value="234511009"/>
      <display value="Post-splenectomy disorder (disorder)"/>
    </contains>
    <contains>
      <system value="http://snomed.info/sct"/>
      <code value="234513007"/>
      <display value="Post-splenectomy leukocytosis (disorder)"/>
    </contains>
    <contains>
      <system value="http://snomed.info/sct"/>
      <code value="700052007"/>
      <display value="Post-splenectomy sepsis (disorder)"/>
    </contains>
    <contains>
      <system value="http://snomed.info/sct"/>
      <code value="234512002"/>
      <display value="Post-splenectomy thrombocytosis (disorder)"/>
    </contains>
    <contains>
      <system value="http://snomed.info/sct"/>
      <code value="161626009"/>
      <display value="History of splenectomy (situation)"/>
    </contains>
    <contains>
      <system value="http://snomed.info/sct"/>
      <code value="700051000"/>
      <display value="Sepsis in asplenic subject (disorder)"/>
    </contains>
  </expansion>
</ValueSet>