<?xml version="1.0" encoding="UTF-8"?>

<ValueSet xmlns="http://hl7.org/fhir">
  <id value="covid-19-condition-risk-renal-disease"/>
  <language value="en"/>
  <text>
    <status value="generated"/><div xmlns="http://www.w3.org/1999/xhtml" xml:lang="en" lang="en"><p>This value set contains 1 concepts</p><p>All codes in this table are from the system <a href="http://terminology.hl7.org/3.0.0/CodeSystem-v3-snomed-CT.html"><code>http://snomed.info/sct</code></a></p><table class="codes"><tr><td style="white-space:nowrap"><b>Code</b></td><td><b>Display</b></td><td><b>Definition</b></td></tr><tr><td style="white-space:nowrap"><a name="http---snomed.info-sct-90708001"> </a><a href="http://snomed.info/id/90708001">90708001</a></td><td>Kidney disease (disorder)</td><td/></tr></table></div>
  </text>
  <url value="http://fhir.org/guides/acep/ValueSet/covid-19-condition-risk-renal-disease"/>
  <version value="0.1.0"/>
  <name value="COVID19RiskFactorRenalDisease"/>
  <title value="COVID-19 Risk Factor Renal Disease Conditions Value Set"/>
  <status value="active"/>
  <date value="2021-12-17T22:04:03+00:00"/>
  <publisher value="Veterans Health Administration (VHA)"/>
  <contact>
    <telecom>
      <system value="url"/>
      <value value="http://hl7.org/Special/committees/[something]"/>
    </telecom>
  </contact>
  <description value="COVID-19 Risk Factor Renal Disease Conditions Value Set"/>
  <jurisdiction>
    <coding>
      <system value="http://unstats.un.org/unsd/methods/m49/m49.htm"/>
      <code value="001"/>
    </coding>
  </jurisdiction>
  <expansion>
    <contains>
      <system value="http://snomed.info/sct"/>
      <code value="90708001"/>
      <display value="Kidney disease (disorder)"/>
    </contains>
  </expansion>
</ValueSet>