<?xml version="1.0" encoding="UTF-8"?>

<ValueSet xmlns="http://hl7.org/fhir">
  <id value="covid-19-lab-ldh"/>
  <meta>
    <profile value="http://hl7.org/fhir/uv/cpg/StructureDefinition/cpg-executablevalueset"/>
  </meta>
  <language value="en"/>
  <text>
    <status value="generated"/><div xmlns="http://www.w3.org/1999/xhtml" xml:lang="en" lang="en"><p>This value set contains 3 concepts</p><p>All codes in this table are from the system <a href="http://terminology.hl7.org/3.0.0/CodeSystem-v3-loinc.html"><code>http://loinc.org</code></a></p><table class="codes"><tr><td style="white-space:nowrap"><b>Code</b></td><td><b>Display</b> - English (English, en)</td></tr><tr><td style="white-space:nowrap"><a name="http---loinc.org-2532-0"> </a><a href="http://details.loinc.org/LOINC/2532-0.html">2532-0</a></td><td/></tr><tr><td style="white-space:nowrap"><a name="http---loinc.org-14804-9"> </a><a href="http://details.loinc.org/LOINC/14804-9.html">14804-9</a></td><td/></tr><tr><td style="white-space:nowrap"><a name="http---loinc.org-14805-6"> </a><a href="http://details.loinc.org/LOINC/14805-6.html">14805-6</a></td><td/></tr></table></div>
  </text>
  <extension url="http://hl7.org/fhir/uv/cpg/StructureDefinition/cpg-knowledgeCapability">
    <valueCode value="executable"/>
  </extension>
  <extension url="http://hl7.org/fhir/uv/cpg/StructureDefinition/cpg-knowledgeRepresentationLevel">
    <valueCode value="executable"/>
  </extension>
  <url value="http://fhir.org/guides/acep/ValueSet/covid-19-lab-ldh"/>
  <version value="0.1.0"/>
  <name value="COVID19LabLdh"/>
  <title value="COVID-19 Laboratory Value Set for Ldh"/>
  <status value="active"/>
  <date value="2022-01-04T20:00:00+00:00"/>
  <publisher value="Veterans Health Administration (VHA)"/>
  <contact>
    <telecom>
      <system value="url"/>
      <value value="http://hl7.org/Special/committees/[something]"/>
    </telecom>
  </contact>
  <description value="COVID-19 Laboratory Value Set for Ldh"/>
  <jurisdiction>
    <coding>
      <system value="http://unstats.un.org/unsd/methods/m49/m49.htm"/>
      <code value="001"/>
    </coding>
  </jurisdiction>
  <compose>
    <include>
      <system value="http://loinc.org"/>
      <concept>
        <code value="2532-0"/>
      </concept>
      <concept>
        <code value="14804-9"/>
      </concept>
      <concept>
        <code value="14805-6"/>
      </concept>
    </include>
  </compose>
  <expansion>
    <timestamp value="2021-03-14T21:43:10-06:00"/>
    <contains>
      <system value="http://loinc.org"/>
      <code value="2532-0"/>
    </contains>
    <contains>
      <system value="http://loinc.org"/>
      <code value="14804-9"/>
    </contains>
    <contains>
      <system value="http://loinc.org"/>
      <code value="14805-6"/>
    </contains>
  </expansion>
</ValueSet>