<?xml version="1.0" encoding="UTF-8"?>

<ValueSet xmlns="http://hl7.org/fhir">
  <id value="covid-19-condition-risk-diabetes"/>
  <language value="en"/>
  <text>
    <status value="generated"/><div xmlns="http://www.w3.org/1999/xhtml" xml:lang="en" lang="en"><p>This value set contains 12 concepts</p><p style="border: black 1px dotted; background-color: #EEEEEE; padding: 8px; margin-bottom: 8px">Expansion based on SNOMED CT Australian edition 04-Feb 2021</p><p>All codes from system <a href="http://terminology.hl7.org/2.1.0/CodeSystem-v3-snomed-CT.html"><code>http://snomed.info/sct</code></a></p><table class="codes"><tr><td style="white-space:nowrap"><b>Code</b></td><td><b>Display</b></td><td><b>Definition</b></td></tr><tr><td style="white-space:nowrap"><a name="http---snomed.info-sct-44054006"> </a><a href="http://browser.ihtsdotools.org/?perspective=full&amp;conceptId1=44054006">44054006</a></td><td>Diabetes mellitus type 2 (disorder)</td><td/></tr><tr><td style="white-space:nowrap"><a name="http---snomed.info-sct-1481000119100"> </a><a href="http://browser.ihtsdotools.org/?perspective=full&amp;conceptId1=1481000119100">1481000119100</a></td><td>Type 2 diabetes mellitus without retinopathy</td><td/></tr><tr><td style="white-space:nowrap"><a name="http---snomed.info-sct-237599002"> </a><a href="http://browser.ihtsdotools.org/?perspective=full&amp;conceptId1=237599002">237599002</a></td><td>Insulin treated type 2 diabetes mellitus</td><td/></tr><tr><td style="white-space:nowrap"><a name="http---snomed.info-sct-609567009"> </a><a href="http://browser.ihtsdotools.org/?perspective=full&amp;conceptId1=609567009">609567009</a></td><td>Pre-existing type 2 diabetes mellitus in pregnancy</td><td/></tr><tr><td style="white-space:nowrap"><a name="http---snomed.info-sct-199230006"> </a><a href="http://browser.ihtsdotools.org/?perspective=full&amp;conceptId1=199230006">199230006</a></td><td>Pre-existing type 2 diabetes mellitus</td><td/></tr><tr><td style="white-space:nowrap"><a name="http---snomed.info-sct-237627000"> </a><a href="http://browser.ihtsdotools.org/?perspective=full&amp;conceptId1=237627000">237627000</a></td><td>Pregnancy and type 2 diabetes mellitus</td><td/></tr><tr><td style="white-space:nowrap"><a name="http---snomed.info-sct-359642000"> </a><a href="http://browser.ihtsdotools.org/?perspective=full&amp;conceptId1=359642000">359642000</a></td><td>Type 2 diabetes mellitus in nonobese</td><td/></tr><tr><td style="white-space:nowrap"><a name="http---snomed.info-sct-313436004"> </a><a href="http://browser.ihtsdotools.org/?perspective=full&amp;conceptId1=313436004">313436004</a></td><td>Type 2 diabetes mellitus without complication</td><td/></tr><tr><td style="white-space:nowrap"><a name="http---snomed.info-sct-190389009"> </a><a href="http://browser.ihtsdotools.org/?perspective=full&amp;conceptId1=190389009">190389009</a></td><td>Type 2 diabetes mellitus with ulcer</td><td/></tr><tr><td style="white-space:nowrap"><a name="http---snomed.info-sct-81531005"> </a><a href="http://browser.ihtsdotools.org/?perspective=full&amp;conceptId1=81531005">81531005</a></td><td>Type 2 diabetes mellitus in obese</td><td/></tr><tr><td style="white-space:nowrap"><a name="http---snomed.info-sct-703138006"> </a><a href="http://browser.ihtsdotools.org/?perspective=full&amp;conceptId1=703138006">703138006</a></td><td>Type 2 diabetes mellitus in remission</td><td/></tr><tr><td style="white-space:nowrap"><a name="http---snomed.info-sct-445353002"> </a><a href="http://browser.ihtsdotools.org/?perspective=full&amp;conceptId1=445353002">445353002</a></td><td>Unstable type 2 diabetes mellitus</td><td/></tr></table></div>
  </text>
  <url value="http://fhir.org/guides/acep/ValueSet/covid-19-condition-risk-diabetes"/>
  <version value="0.1.0"/>
  <name value="COVID19RiskFactorDiabetes"/>
  <title value="COVID-19 Risk Factor Diabetes Type II Conditions Value Set"/>
  <status value="active"/>
  <date value="2021-03-29T21:10:37+00:00"/>
  <publisher value="Veterans Health Administration (VHA)"/>
  <contact>
    <telecom>
      <system value="url"/>
      <value value="http://hl7.org/Special/committees/[something]"/>
    </telecom>
  </contact>
  <description value="COVID-19 Risk Factor Diabetes Type II Value Set"/>
  <jurisdiction>
    <coding>
      <system value="http://unstats.un.org/unsd/methods/m49/m49.htm"/>
      <code value="001"/>
    </coding>
  </jurisdiction>
  <expansion>
    <identifier value="d3c44289-dffc-4114-80d2-6e4167e34de3"/>
    <timestamp value="2021-02-16T10:17:31+10:00"/>
    <total value="12"/>
    <offset value="0"/>
    <parameter>
      <name value="version"/>
      <valueUri value="http://snomed.info/sct|http://snomed.info/sct/32506021000036107/version/20210204"/>
    </parameter>
    <parameter>
      <name value="count"/>
      <valueInteger value="2147483647"/>
    </parameter>
    <parameter>
      <name value="offset"/>
      <valueInteger value="0"/>
    </parameter>
    <contains>
      <system value="http://snomed.info/sct"/>
      <code value="44054006"/>
      <display value="Diabetes mellitus type 2 (disorder)"/>
    </contains>
    <contains>
      <system value="http://snomed.info/sct"/>
      <code value="1481000119100"/>
      <display value="Type 2 diabetes mellitus without retinopathy"/>
    </contains>
    <contains>
      <system value="http://snomed.info/sct"/>
      <code value="237599002"/>
      <display value="Insulin treated type 2 diabetes mellitus"/>
    </contains>
    <contains>
      <system value="http://snomed.info/sct"/>
      <code value="609567009"/>
      <display value="Pre-existing type 2 diabetes mellitus in pregnancy"/>
    </contains>
    <contains>
      <system value="http://snomed.info/sct"/>
      <code value="199230006"/>
      <display value="Pre-existing type 2 diabetes mellitus"/>
    </contains>
    <contains>
      <system value="http://snomed.info/sct"/>
      <code value="237627000"/>
      <display value="Pregnancy and type 2 diabetes mellitus"/>
    </contains>
    <contains>
      <system value="http://snomed.info/sct"/>
      <code value="359642000"/>
      <display value="Type 2 diabetes mellitus in nonobese"/>
    </contains>
    <contains>
      <system value="http://snomed.info/sct"/>
      <code value="313436004"/>
      <display value="Type 2 diabetes mellitus without complication"/>
    </contains>
    <contains>
      <system value="http://snomed.info/sct"/>
      <code value="190389009"/>
      <display value="Type 2 diabetes mellitus with ulcer"/>
    </contains>
    <contains>
      <system value="http://snomed.info/sct"/>
      <code value="81531005"/>
      <display value="Type 2 diabetes mellitus in obese"/>
    </contains>
    <contains>
      <system value="http://snomed.info/sct"/>
      <code value="703138006"/>
      <display value="Type 2 diabetes mellitus in remission"/>
    </contains>
    <contains>
      <system value="http://snomed.info/sct"/>
      <code value="445353002"/>
      <display value="Unstable type 2 diabetes mellitus"/>
    </contains>
  </expansion>
</ValueSet>