<?xml version="1.0" encoding="UTF-8"?>

<ValueSet xmlns="http://hl7.org/fhir">
  <id value="covid-19-condition-risk-cancer"/>
  <language value="en"/>
  <text>
    <status value="generated"/><div xmlns="http://www.w3.org/1999/xhtml" xml:lang="en" lang="en"><p>This value set contains 1 concepts</p><p>All codes from system <a href="http://terminology.hl7.org/2.1.0/CodeSystem-v3-snomed-CT.html"><code>http://snomed.info/sct</code></a></p><table class="codes"><tr><td style="white-space:nowrap"><b>Code</b></td><td><b>Display</b></td><td><b>Definition</b></td></tr><tr><td style="white-space:nowrap"><a name="http---snomed.info-sct-703135009"> </a><a href="http://browser.ihtsdotools.org/?perspective=full&amp;conceptId1=703135009">703135009</a></td><td>Anemia in malignant neoplastic disease (disorder)</td><td/></tr></table></div>
  </text>
  <url value="http://fhir.org/guides/acep/ValueSet/covid-19-condition-risk-cancer"/>
  <version value="0.1.0"/>
  <name value="COVID19RiskFactorCancer"/>
  <title value="COVID-19 Risk Factor Cancer Conditions Value Set"/>
  <status value="active"/>
  <date value="2021-08-10T17:34:40+00:00"/>
  <publisher value="Veterans Health Administration (VHA)"/>
  <contact>
    <telecom>
      <system value="url"/>
      <value value="http://hl7.org/Special/committees/[something]"/>
    </telecom>
  </contact>
  <description value="COVID-19 Risk Factor Cancer Conditions Value Set"/>
  <jurisdiction>
    <coding>
      <system value="http://unstats.un.org/unsd/methods/m49/m49.htm"/>
      <code value="001"/>
    </coding>
  </jurisdiction>
  <expansion>
    <contains>
      <system value="http://snomed.info/sct"/>
      <code value="703135009"/>
      <display value="Anemia in malignant neoplastic disease (disorder)"/>
    </contains>
  </expansion>
</ValueSet>