<?xml version="1.0" encoding="UTF-8"?>

<ValueSet xmlns="http://hl7.org/fhir">
  <id value="covid-19-condition-vital-blood-pressure"/>
  <language value="en"/>
  <text>
    <status value="generated"/><div xmlns="http://www.w3.org/1999/xhtml" xml:lang="en" lang="en"><p>This value set contains 2 concepts</p><p>All codes from system <a href="http://terminology.hl7.org/2.1.0/CodeSystem-v3-loinc.html"><code>http://loinc.org</code></a></p><table class="codes"><tr><td style="white-space:nowrap"><b>Code</b></td><td><b>Display</b></td><td><b>Definition</b></td></tr><tr><td style="white-space:nowrap"><a name="http---loinc.org-85354-9"> </a><a href="http://details.loinc.org/LOINC/85354-9.html">85354-9</a></td><td>Blood pressure systolic and diastolic</td><td/></tr><tr><td style="white-space:nowrap"><a name="http---loinc.org-55284-4"> </a><a href="http://details.loinc.org/LOINC/55284-4.html">55284-4</a></td><td>Blood pressure systolic and diastolic</td><td/></tr></table></div>
  </text>
  <url value="http://fhir.org/guides/acep/ValueSet/covid-19-condition-vital-blood-pressure"/>
  <version value="0.1.0"/>
  <name value="COVID19ConditionVitalBloodPressure"/>
  <title value="COVID-19 Condition Vital Blood Pressure Value Set"/>
  <status value="active"/>
  <date value="2021-08-16T21:19:02+00:00"/>
  <publisher value="Veterans Health Administration (VHA)"/>
  <contact>
    <telecom>
      <system value="url"/>
      <value value="http://hl7.org/Special/committees/[something]"/>
    </telecom>
  </contact>
  <description value="COVID-19 Condition Vital Blood Pressure Value Set"/>
  <jurisdiction>
    <coding>
      <system value="http://unstats.un.org/unsd/methods/m49/m49.htm"/>
      <code value="001"/>
    </coding>
  </jurisdiction>
  <expansion>
    <contains>
      <system value="http://loinc.org"/>
      <code value="85354-9"/>
      <display value="Blood pressure systolic and diastolic"/>
    </contains>
    <contains>
      <system value="http://loinc.org"/>
      <code value="55284-4"/>
      <display value="Blood pressure systolic and diastolic"/>
    </contains>
  </expansion>
</ValueSet>