<?xml version="1.0" encoding="UTF-8"?>

<ValueSet xmlns="http://hl7.org/fhir">
  <id value="covid-19-condition-risk-downs-syndrome-icd10"/>
  <language value="en"/>
  <text>
    <status value="generated"/><div xmlns="http://www.w3.org/1999/xhtml" xml:lang="en" lang="en"><p>This value set contains 3 concepts</p><p>All codes in this table are from the system <a href="http://terminology.hl7.org/3.0.0/CodeSystem-icd10CM.html"><code>http://hl7.org/fhir/sid/icd-10-cm</code></a></p><table class="codes"><tr><td style="white-space:nowrap"><b>Code</b></td><td><b>Display</b></td><td><b>Definition</b></td></tr><tr><td style="white-space:nowrap"><a name="http---hl7.org-fhir-sid-icd-10-cm-Q90.0"> </a>Q90.0</td><td>Trisomy 21, nonmosaicism (meiotic nondisjunction)</td><td/></tr><tr><td style="white-space:nowrap"><a name="http---hl7.org-fhir-sid-icd-10-cm-Q90.2"> </a>Q90.2</td><td>Trisomy 21, translocation</td><td/></tr><tr><td style="white-space:nowrap"><a name="http---hl7.org-fhir-sid-icd-10-cm-Q90.9"> </a>Q90.9</td><td>Down syndrome, unspecified</td><td/></tr></table></div>
  </text>
  <url value="http://fhir.org/guides/acep/ValueSet/covid-19-condition-risk-downs-syndrome-icd10"/>
  <version value="0.1.0"/>
  <name value="COVID19ICD10RiskFactorDownsSyndrome"/>
  <title value="COVID-19 ICD10 Risk Factor Downs Syndrome Conditions Value Set"/>
  <status value="active"/>
  <date value="2021-12-20T17:22:47+00:00"/>
  <publisher value="Veterans Health Administration (VHA)"/>
  <contact>
    <telecom>
      <system value="url"/>
      <value value="http://hl7.org/Special/committees/[something]"/>
    </telecom>
  </contact>
  <description value="COVID-19 ICD10 Risk Factor Downs Syndrome Conditions Value Set"/>
  <jurisdiction>
    <coding>
      <system value="http://unstats.un.org/unsd/methods/m49/m49.htm"/>
      <code value="001"/>
    </coding>
  </jurisdiction>
  <expansion>
    <contains>
      <system value="http://hl7.org/fhir/sid/icd-10-cm"/>
      <code value="Q90.0"/>
      <display value="Trisomy 21, nonmosaicism (meiotic nondisjunction)"/>
    </contains>
    <contains>
      <system value="http://hl7.org/fhir/sid/icd-10-cm"/>
      <code value="Q90.2"/>
      <display value="Trisomy 21, translocation"/>
    </contains>
    <contains>
      <system value="http://hl7.org/fhir/sid/icd-10-cm"/>
      <code value="Q90.9"/>
      <display value="Down syndrome, unspecified"/>
    </contains>
  </expansion>
</ValueSet>