<?xml version="1.0" encoding="UTF-8"?>

<ValueSet xmlns="http://hl7.org/fhir">
  <id value="covid-19-condition-risk-obstructive-sleep-apnea-icd10"/>
  <language value="en"/>
  <text>
    <status value="generated"/><div xmlns="http://www.w3.org/1999/xhtml" xml:lang="en" lang="en"><p>This value set contains 2 concepts</p><p>All codes in this table are from the system <a href="http://terminology.hl7.org/3.0.0/CodeSystem-icd10CM.html"><code>http://hl7.org/fhir/sid/icd-10-cm</code></a></p><table class="codes"><tr><td style="white-space:nowrap"><b>Code</b></td><td><b>Display</b> - English (English, en)</td></tr><tr><td style="white-space:nowrap"><a name="http---hl7.org-fhir-sid-icd-10-cm-G47.30"> </a>G47.30</td><td>Sleep apnea, unspecified</td></tr><tr><td style="white-space:nowrap"><a name="http---hl7.org-fhir-sid-icd-10-cm-G47.33"> </a>G47.33</td><td>Obstructive sleep apnea (adult) (pediatric)</td></tr></table></div>
  </text>
  <url value="http://fhir.org/guides/acep/ValueSet/covid-19-condition-risk-obstructive-sleep-apnea-icd10"/>
  <version value="0.1.0"/>
  <name value="COVID19ICD10CMRiskFactorObstructiveSleepApnea"/>
  <title value="COVID-19 ICD10CM Risk Factor Obstructive Sleep Apnea Conditions Value Set"/>
  <status value="active"/>
  <date value="2022-01-20T17:52:40+00:00"/>
  <publisher value="Veterans Health Administration (VHA)"/>
  <contact>
    <telecom>
      <system value="url"/>
      <value value="http://hl7.org/Special/committees/[something]"/>
    </telecom>
  </contact>
  <description value="COVID-19 ICD10CM Risk Factor Obstructive Sleep Apnea Conditions Value Set"/>
  <jurisdiction>
    <coding>
      <system value="http://unstats.un.org/unsd/methods/m49/m49.htm"/>
      <code value="001"/>
    </coding>
  </jurisdiction>
  <expansion>
    <contains>
      <system value="http://hl7.org/fhir/sid/icd-10-cm"/>
      <code value="G47.30"/>
      <display value="Sleep apnea, unspecified"/>
    </contains>
    <contains>
      <system value="http://hl7.org/fhir/sid/icd-10-cm"/>
      <code value="G47.33"/>
      <display value="Obstructive sleep apnea (adult) (pediatric)"/>
    </contains>
  </expansion>
</ValueSet>