<?xml version="1.0" encoding="UTF-8"?><ActivityDefinition xmlns="http://hl7.org/fhir"><id value="NextStepAction"/><meta><profile value="http://hl7.org/fhir/uv/cpg/StructureDefinition/cpg-computableactivity"/></meta><extension url="http://hl7.org/fhir/uv/cpg/StructureDefinition/cpg-knowledgeCapability"><valueCode value="shareable"/></extension><extension url="http://hl7.org/fhir/uv/cpg/StructureDefinition/cpg-knowledgeCapability"><valueCode value="computable"/></extension><extension url="http://hl7.org/fhir/uv/cpg/StructureDefinition/cpg-knowledgeCapability"><valueCode value="publishable"/></extension><extension url="http://hl7.org/fhir/uv/cpg/StructureDefinition/cpg-knowledgeRepresentationLevel"><valueCode value="structured"/></extension><url value="http://fhir.org/guides/preventive-care/ActivityDefinition/NextStepAction"/><version value="1.0.0"/><name value="NextStepAction"/><title value="Activity Next Step Action"/><status value="draft"/><experimental value="true"/><date value="2021-02-11T20:43:58+00:00"/><publisher value="U.S. Preventive Services Task Force (USPSTF)"/><contact><telecom><system value="url"/><value value="https://www.uspreventiveservicestaskforce.org/uspstf/"/></telecom></contact><description value="Activity Definition for next step action in a patient&#39;s care plan."/><jurisdiction><coding><system value="http://unstats.un.org/unsd/methods/m49/m49.htm"/><code value="001"/></coding></jurisdiction><library value="http://fhir.org/guides/preventive-care/Library/ProstateCancerScreening"/><kind value="CommunicationRequest"/><profile value="http://hl7.org/fhir/uv/cpg/StructureDefinition/cpg-communicationrequest"/><code><coding><system value="http://hl7.org/fhir/uv/cpg/CodeSystem/cpg-activity-type"/><code value="send-message"/><display value="Send a message"/></coding></code><doNotPerform value="false"/><dynamicValue><path value="status"/><expression><language value="text/cql"/><expression value="&#39;draft&#39;"/></expression></dynamicValue><dynamicValue><path value="payload.content"/><expression><language value="text/cql"/><expression value="Next Step 4"/></expression></dynamicValue></ActivityDefinition>