<?xml version="1.0" encoding="UTF-8"?><ImplementationGuide xmlns="http://hl7.org/fhir"><id value="fhir.preventive-care-ig"/><text><status value="extensions"/><div xmlns="http://www.w3.org/1999/xhtml"><h2>PreventiveCareGuidelines</h2><p>The official URL for this implementation guide is: </p><pre>http://fhir.org/guides/preventive-care/ImplementationGuide/fhir.preventive-care-ig</pre><div><p>Implementation guide for preventive care guidelines and patient-directed care plans.</p>
</div></div></text><url value="http://fhir.org/guides/preventive-care/ImplementationGuide/fhir.preventive-care-ig"/><version value="1.0.0"/><name value="PreventiveCareGuidelines"/><title value="Preventive Care Guidelines IG"/><status value="draft"/><experimental value="false"/><date value="2021-09-03T16:48:06+00:00"/><publisher value="U.S. Preventive Services Task Force (USPSTF)"/><contact><telecom><system value="url"/><value value="https://www.uspreventiveservicestaskforce.org/uspstf/"/></telecom></contact><description value="Implementation guide for preventive care guidelines and patient-directed care plans."/><jurisdiction><coding><system value="http://unstats.un.org/unsd/methods/m49/m49.htm"/><code value="001"/></coding></jurisdiction><packageId value="fhir.preventive-care-ig"/><license value="Apache-2.0"/><fhirVersion value="4.0.1"/><dependsOn id="cpg"><uri value="http://hl7.org/fhir/uv/cpg/ImplementationGuide/hl7.fhir.uv.cpg"/><packageId value="hl7.fhir.uv.cpg"/><version value="1.0.0"/></dependsOn><definition><extension url="http://hl7.org/fhir/tools/StructureDefinition/ig-parameter"><extension url="code"><valueString value="copyrightyear"/></extension><extension url="value"><valueString value="2020+"/></extension></extension><extension url="http://hl7.org/fhir/tools/StructureDefinition/ig-parameter"><extension url="code"><valueString value="releaselabel"/></extension><extension url="value"><valueString value="CI Build"/></extension></extension><extension url="http://hl7.org/fhir/tools/StructureDefinition/ig-parameter"><extension url="code"><valueString value="path-binary"/></extension><extension url="value"><valueString value="input/cql"/></extension></extension><extension url="http://hl7.org/fhir/tools/StructureDefinition/ig-parameter"><extension url="code"><valueString value="excludettl"/></extension><extension url="value"><valueString value="true"/></extension></extension><extension url="http://hl7.org/fhir/tools/StructureDefinition/ig-parameter"><extension url="code"><valueString value="excludemap"/></extension><extension url="value"><valueString value="true"/></extension></extension><extension url="http://hl7.org/fhir/tools/StructureDefinition/ig-parameter"><extension url="code"><valueString value="path-suppressed-warnings"/></extension><extension url="value"><valueString value="input/ignoreWarnings.txt"/></extension></extension><extension url="http://hl7.org/fhir/tools/StructureDefinition/ig-parameter"><extension url="code"><valueString value="autoload-resources"/></extension><extension url="value"><valueString value="true"/></extension></extension><extension url="http://hl7.org/fhir/tools/StructureDefinition/ig-parameter"><extension url="code"><valueString value="path-liquid"/></extension><extension url="value"><valueString value="template/liquid"/></extension></extension><extension url="http://hl7.org/fhir/tools/StructureDefinition/ig-parameter"><extension url="code"><valueString value="path-liquid"/></extension><extension url="value"><valueString value="input/liquid"/></extension></extension><extension url="http://hl7.org/fhir/tools/StructureDefinition/ig-parameter"><extension url="code"><valueString value="path-qa"/></extension><extension url="value"><valueString value="temp/qa"/></extension></extension><extension url="http://hl7.org/fhir/tools/StructureDefinition/ig-parameter"><extension url="code"><valueString value="path-temp"/></extension><extension url="value"><valueString value="temp/pages"/></extension></extension><extension url="http://hl7.org/fhir/tools/StructureDefinition/ig-parameter"><extension url="code"><valueString value="path-output"/></extension><extension url="value"><valueString value="output"/></extension></extension><extension url="http://hl7.org/fhir/tools/StructureDefinition/ig-parameter"><extension url="code"><valueString value="path-history"/></extension><extension url="value"><valueString value="http://fhir.org/guides/preventive-care/history.html"/></extension></extension><extension url="http://hl7.org/fhir/tools/StructureDefinition/ig-parameter"><extension url="code"><valueString value="template-html"/></extension><extension url="value"><valueString value="template-page.html"/></extension></extension><extension url="http://hl7.org/fhir/tools/StructureDefinition/ig-parameter"><extension url="code"><valueString value="template-md"/></extension><extension url="value"><valueString value="template-page-md.html"/></extension></extension><extension url="http://hl7.org/fhir/tools/StructureDefinition/ig-parameter"><extension url="code"><valueString value="apply-contact"/></extension><extension url="value"><valueString value="true"/></extension></extension><extension url="http://hl7.org/fhir/tools/StructureDefinition/ig-parameter"><extension url="code"><valueString value="apply-context"/></extension><extension url="value"><valueString value="true"/></extension></extension><extension url="http://hl7.org/fhir/tools/StructureDefinition/ig-parameter"><extension url="code"><valueString value="apply-copyright"/></extension><extension url="value"><valueString value="true"/></extension></extension><extension url="http://hl7.org/fhir/tools/StructureDefinition/ig-parameter"><extension url="code"><valueString value="apply-jurisdiction"/></extension><extension url="value"><valueString value="true"/></extension></extension><extension url="http://hl7.org/fhir/tools/StructureDefinition/ig-parameter"><extension url="code"><valueString value="apply-license"/></extension><extension url="value"><valueString value="true"/></extension></extension><extension url="http://hl7.org/fhir/tools/StructureDefinition/ig-parameter"><extension url="code"><valueString value="apply-publisher"/></extension><extension url="value"><valueString value="true"/></extension></extension><extension url="http://hl7.org/fhir/tools/StructureDefinition/ig-parameter"><extension url="code"><valueString value="apply-version"/></extension><extension url="value"><valueString value="true"/></extension></extension><extension url="http://hl7.org/fhir/tools/StructureDefinition/ig-parameter"><extension url="code"><valueString value="active-tables"/></extension><extension url="value"><valueString value="true"/></extension></extension><grouping id="_str_questionnaire"><name value="Structures: Questionnaires"/><description value="These define forms used by systems conforming with this implementation guide to capture or expose data to end users"/></grouping><grouping id="_term_valueset"><name value="Terminology: Value Sets"/><description value="These define sets of codes used by systems conforming with this implementation guide"/></grouping><grouping id="_other"><name value="Other"/><description value="These are resources that are used within this implementation guide that do not fit into one of the other categories"/></grouping><resource><extension url="http://hl7.org/fhir/StructureDefinition/implementationguide-page"><valueUri value="Library-library-PreventiveCareHooks.html"/></extension><reference><reference value="Library/library-PreventiveCareHooks"/></reference><groupingId value="_other"/></resource><resource><extension url="http://hl7.org/fhir/StructureDefinition/implementationguide-page"><valueUri value="Library-library-PreventiveCareSummary.html"/></extension><reference><reference value="Library/library-PreventiveCareSummary"/></reference><groupingId value="_other"/></resource><resource><extension url="http://hl7.org/fhir/StructureDefinition/implementationguide-page"><valueUri value="Library-library-CDSConnectCommons.html"/></extension><reference><reference value="Library/library-CDSConnectCommons"/></reference><groupingId value="_other"/></resource><resource><extension url="http://hl7.org/fhir/StructureDefinition/implementationguide-page"><valueUri value="Library-library-FHIRHelpers.html"/></extension><reference><reference value="Library/library-FHIRHelpers"/></reference><groupingId value="_other"/></resource><resource><extension url="http://hl7.org/fhir/StructureDefinition/implementationguide-page"><valueUri value="Library-library-PreventiveCareData.html"/></extension><reference><reference value="Library/library-PreventiveCareData"/></reference><groupingId value="_other"/></resource><resource><extension url="http://hl7.org/fhir/StructureDefinition/implementationguide-page"><valueUri value="Library-library-ProstateCancerSummary.html"/></extension><reference><reference value="Library/library-ProstateCancerSummary"/></reference><groupingId value="_other"/></resource><resource><extension url="http://hl7.org/fhir/StructureDefinition/implementationguide-page"><valueUri value="Library-library-ColonCancerScreening.html"/></extension><reference><reference value="Library/library-ColonCancerScreening"/></reference><groupingId value="_other"/></resource><resource><extension url="http://hl7.org/fhir/StructureDefinition/implementationguide-page"><valueUri value="Library-library-BreastCancerScreening.html"/></extension><reference><reference value="Library/library-BreastCancerScreening"/></reference><groupingId value="_other"/></resource><resource><extension url="http://hl7.org/fhir/StructureDefinition/implementationguide-page"><valueUri value="Library-library-PreventiveCareConcepts.html"/></extension><reference><reference value="Library/library-PreventiveCareConcepts"/></reference><groupingId value="_other"/></resource><resource><extension url="http://hl7.org/fhir/StructureDefinition/implementationguide-page"><valueUri value="Library-library-FHIRCommon.html"/></extension><reference><reference value="Library/library-FHIRCommon"/></reference><groupingId value="_other"/></resource><resource><extension url="http://hl7.org/fhir/StructureDefinition/implementationguide-page"><valueUri value="Library-library-LungCancerScreening.html"/></extension><reference><reference value="Library/library-LungCancerScreening"/></reference><groupingId value="_other"/></resource><resource><extension url="http://hl7.org/fhir/StructureDefinition/implementationguide-page"><valueUri value="Library-library-ProstateCancerScreening.html"/></extension><reference><reference value="Library/library-ProstateCancerScreening"/></reference><groupingId value="_other"/></resource><resource><extension url="http://hl7.org/fhir/StructureDefinition/implementationguide-page"><valueUri value="PlanDefinition-PreventiveCareScreening.html"/></extension><reference><reference value="PlanDefinition/PreventiveCareScreening"/></reference><name value="PlanDefinition - Recommendations on Prostate Cancer Screening"/><description value="Recommends decision-making on preventive care screening for Prostate Cancer."/><groupingId value="_other"/></resource><resource><extension url="http://hl7.org/fhir/StructureDefinition/implementationguide-page"><valueUri value="PlanDefinition-PreventiveCarePlanning.html"/></extension><reference><reference value="PlanDefinition/PreventiveCarePlanning"/></reference><name value="PlanDefinition - Patient-Directed Care Plan for Prostate Cancer Screening"/><description value="Create a patient-directed preventive care plan for Prostate Cancer screening."/><groupingId value="_other"/></resource><resource><extension url="http://hl7.org/fhir/StructureDefinition/implementationguide-page"><valueUri value="ActivityDefinition-NextStepAction.html"/></extension><reference><reference value="ActivityDefinition/NextStepAction"/></reference><name value="Activity Next Step Action"/><description value="Activity Definition for next step action in a patient&#39;s care plan."/><groupingId value="_other"/></resource><resource><extension url="http://hl7.org/fhir/StructureDefinition/implementationguide-page"><valueUri value="Questionnaire-mpc-lung-cancer.html"/></extension><reference><reference value="Questionnaire/mpc-lung-cancer"/></reference><name value="Lung Cancer Screening Questionnaire"/><groupingId value="_str_questionnaire"/></resource><resource><extension url="http://hl7.org/fhir/StructureDefinition/implementationguide-page"><valueUri value="Questionnaire-mpc-colon-cancer.html"/></extension><reference><reference value="Questionnaire/mpc-colon-cancer"/></reference><name value="Colon Cancer Screening Questionnaire"/><groupingId value="_str_questionnaire"/></resource><resource><extension url="http://hl7.org/fhir/StructureDefinition/implementationguide-page"><valueUri value="Questionnaire-mpc-breast-cancer.html"/></extension><reference><reference value="Questionnaire/mpc-breast-cancer"/></reference><name value="Breast Cancer Screening Questionnaire"/><groupingId value="_str_questionnaire"/></resource><resource><extension url="http://hl7.org/fhir/StructureDefinition/implementationguide-page"><valueUri value="Questionnaire-mpc-prostate-cancer.html"/></extension><reference><reference value="Questionnaire/mpc-prostate-cancer"/></reference><name value="Prostate Cancer Screening Questionnaire"/><groupingId value="_str_questionnaire"/></resource><resource><extension url="http://hl7.org/fhir/StructureDefinition/implementationguide-page"><valueUri value="ValueSet-2.16.840.1.113883.3.464.1003.199.12.1035.html"/></extension><reference><reference value="ValueSet/2.16.840.1.113883.3.464.1003.199.12.1035"/></reference><name value="Chronic Liver Disease"/><groupingId value="_term_valueset"/></resource><resource><extension url="http://hl7.org/fhir/StructureDefinition/implementationguide-page"><valueUri value="ValueSet-2.16.840.1.113883.3.464.1003.199.12.1036.html"/></extension><reference><reference value="ValueSet/2.16.840.1.113883.3.464.1003.199.12.1036"/></reference><name value="Chronic Malnutrition"/><groupingId value="_term_valueset"/></resource><resource><extension url="http://hl7.org/fhir/StructureDefinition/implementationguide-page"><valueUri value="ValueSet-2.16.840.1.113883.3.464.1003.108.12.1018.html"/></extension><reference><reference value="ValueSet/2.16.840.1.113883.3.464.1003.108.12.1018"/></reference><name value="Mammography"/><groupingId value="_term_valueset"/></resource><resource><extension url="http://hl7.org/fhir/StructureDefinition/implementationguide-page"><valueUri value="ValueSet-2.16.840.1.113883.3.464.1003.198.12.1134.html"/></extension><reference><reference value="ValueSet/2.16.840.1.113883.3.464.1003.198.12.1134"/></reference><name value="Unilateral Mastectomy Right"/><groupingId value="_term_valueset"/></resource><resource><extension url="http://hl7.org/fhir/StructureDefinition/implementationguide-page"><valueUri value="ValueSet-2.16.840.1.113883.3.464.1003.198.12.1071.html"/></extension><reference><reference value="ValueSet/2.16.840.1.113883.3.464.1003.198.12.1071"/></reference><name value="Unilateral Mastectomy, Unspecified Laterality"/><groupingId value="_term_valueset"/></resource><resource><extension url="http://hl7.org/fhir/StructureDefinition/implementationguide-page"><valueUri value="ValueSet-2.16.840.1.113883.3.464.1003.198.12.1133.html"/></extension><reference><reference value="ValueSet/2.16.840.1.113883.3.464.1003.198.12.1133"/></reference><name value="Unilateral Mastectomy Left"/><groupingId value="_term_valueset"/></resource><resource><extension url="http://hl7.org/fhir/StructureDefinition/implementationguide-page"><valueUri value="ValueSet-2.16.840.1.113883.3.464.1003.106.12.1005.html"/></extension><reference><reference value="ValueSet/2.16.840.1.113883.3.464.1003.106.12.1005"/></reference><name value="Alcohol and Drug Dependence Treatment"/><groupingId value="_term_valueset"/></resource><resource><extension url="http://hl7.org/fhir/StructureDefinition/implementationguide-page"><valueUri value="ValueSet-2.16.840.1.113883.3.464.1003.198.12.1069.html"/></extension><reference><reference value="ValueSet/2.16.840.1.113883.3.464.1003.198.12.1069"/></reference><name value="Status Post Left Mastectomy"/><groupingId value="_term_valueset"/></resource><resource><extension url="http://hl7.org/fhir/StructureDefinition/implementationguide-page"><valueUri value="ValueSet-2.16.840.1.113883.3.464.1003.198.12.1068.html"/></extension><reference><reference value="ValueSet/2.16.840.1.113883.3.464.1003.198.12.1068"/></reference><name value="History of bilateral mastectomy"/><groupingId value="_term_valueset"/></resource><resource><extension url="http://hl7.org/fhir/StructureDefinition/implementationguide-page"><valueUri value="ValueSet-2.16.840.1.113883.3.464.1003.198.12.1070.html"/></extension><reference><reference value="ValueSet/2.16.840.1.113883.3.464.1003.198.12.1070"/></reference><name value="Status Post Right Mastectomy"/><groupingId value="_term_valueset"/></resource><resource><extension url="http://hl7.org/fhir/StructureDefinition/implementationguide-page"><valueUri value="ValueSet-2.16.840.1.113883.3.464.1003.198.12.1011.html"/></extension><reference><reference value="ValueSet/2.16.840.1.113883.3.464.1003.198.12.1011"/></reference><name value="Fecal Occult Blood Test (FOBT)"/><groupingId value="_term_valueset"/></resource><resource><extension url="http://hl7.org/fhir/StructureDefinition/implementationguide-page"><valueUri value="ValueSet-2.16.840.1.113883.3.464.1003.198.12.1010.html"/></extension><reference><reference value="ValueSet/2.16.840.1.113883.3.464.1003.198.12.1010"/></reference><name value="Flexible Sigmoidoscopy"/><groupingId value="_term_valueset"/></resource><resource><extension url="http://hl7.org/fhir/StructureDefinition/implementationguide-page"><valueUri value="ValueSet-2.16.840.1.113883.3.464.1003.198.12.1019.html"/></extension><reference><reference value="ValueSet/2.16.840.1.113883.3.464.1003.198.12.1019"/></reference><name value="Total Colectomy"/><groupingId value="_term_valueset"/></resource><resource><extension url="http://hl7.org/fhir/StructureDefinition/implementationguide-page"><valueUri value="ValueSet-2.16.840.1.113883.3.464.1003.108.12.1039.html"/></extension><reference><reference value="ValueSet/2.16.840.1.113883.3.464.1003.108.12.1039"/></reference><name value="FIT DNA"/><groupingId value="_term_valueset"/></resource><resource><extension url="http://hl7.org/fhir/StructureDefinition/implementationguide-page"><valueUri value="ValueSet-2.16.840.1.113883.3.464.1003.108.12.1001.html"/></extension><reference><reference value="ValueSet/2.16.840.1.113883.3.464.1003.108.12.1001"/></reference><name value="Malignant Neoplasm of Colon"/><groupingId value="_term_valueset"/></resource><resource><extension url="http://hl7.org/fhir/StructureDefinition/implementationguide-page"><valueUri value="ValueSet-2.16.840.1.113883.3.464.1003.108.12.1038.html"/></extension><reference><reference value="ValueSet/2.16.840.1.113883.3.464.1003.108.12.1038"/></reference><name value="CT Colonography"/><groupingId value="_term_valueset"/></resource><resource><extension url="http://hl7.org/fhir/StructureDefinition/implementationguide-page"><valueUri value="ValueSet-2.16.840.1.113883.3.464.1003.108.12.1020.html"/></extension><reference><reference value="ValueSet/2.16.840.1.113883.3.464.1003.108.12.1020"/></reference><name value="Colonoscopy"/><groupingId value="_term_valueset"/></resource><resource><extension url="http://hl7.org/fhir/StructureDefinition/implementationguide-page"><valueUri value="ValueSet-currentsmoker.html"/></extension><reference><reference value="ValueSet/currentsmoker"/></reference><name value="Current Smoker Status"/><description value="This value set indicates the current smoking status of a patient who is currently a smoker."/><groupingId value="_term_valueset"/></resource><resource><extension url="http://hl7.org/fhir/StructureDefinition/implementationguide-page"><valueUri value="ValueSet-us-core-observation-smokingstatus.html"/></extension><reference><reference value="ValueSet/us-core-observation-smokingstatus"/></reference><name value="US Core Smoking Status"/><description value="This value set indicates the current smoking status of a patient."/><groupingId value="_term_valueset"/></resource><resource><extension url="http://hl7.org/fhir/StructureDefinition/implementationguide-page"><valueUri value="ValueSet-2.16.840.1.113762.1.4.1116.89.html"/></extension><reference><reference value="ValueSet/2.16.840.1.113762.1.4.1116.89"/></reference><name value="Lung Cancer"/><description value="This value set indicates the possible ICD9/ICD10 Lung Cancer codes."/><groupingId value="_term_valueset"/></resource><resource><extension url="http://hl7.org/fhir/StructureDefinition/implementationguide-page"><valueUri value="ValueSet-chest-ct-proc-code.html"/></extension><reference><reference value="ValueSet/chest-ct-proc-code"/></reference><name value="Chest CT Procedure Code"/><description value="This value set includes CPT codes used to identify Low-dose Cest CT scans used for Lung Cancer screening at University of Utah"/><groupingId value="_term_valueset"/></resource><resource><extension url="http://hl7.org/fhir/StructureDefinition/implementationguide-page"><valueUri value="ValueSet-conditionclinical.html"/></extension><reference><reference value="ValueSet/conditionclinical"/></reference><name value="Condition Clinical Status"/><description value="Value set for Active Condition Clinical Status."/><groupingId value="_term_valueset"/></resource><resource><extension url="http://hl7.org/fhir/StructureDefinition/implementationguide-page"><valueUri value="ValueSet-2.16.840.1.113883.3.526.2.215.html"/></extension><reference><reference value="ValueSet/2.16.840.1.113883.3.526.2.215"/></reference><name value="Prostate Specific Antigen Test"/><description value="This value set contains concepts that represent prostate specific antigen (PSA) test."/><groupingId value="_term_valueset"/></resource><page><nameUrl value="toc.html"/><title value="Table of Contents"/><generation value="html"/><page><nameUrl value="index.html"/><title value="Preventive Care Screening and Care Plans"/><generation value="html"/></page><page><nameUrl value="background.html"/><title value="Background"/><generation value="html"/></page><page><nameUrl value="spec.html"/><title value="Detailed Specification"/><generation value="markdown"/></page><page><nameUrl value="downloads.html"/><title value="Useful Downloads"/><generation value="html"/></page><page><nameUrl value="changes.html"/><title value="IG Change History"/><generation value="html"/></page><page><nameUrl value="artifacts.html"/><title value="Artifacts Summary"/><generation value="html"/><page><nameUrl value="Questionnaire-mpc-lung-cancer.html"/><title value="Lung Cancer Screening Questionnaire"/><generation value="generated"/></page><page><nameUrl value="Questionnaire-mpc-colon-cancer.html"/><title value="Colon Cancer Screening Questionnaire"/><generation value="generated"/></page><page><nameUrl value="Questionnaire-mpc-breast-cancer.html"/><title value="Breast Cancer Screening Questionnaire"/><generation value="generated"/></page><page><nameUrl value="Questionnaire-mpc-prostate-cancer.html"/><title value="Prostate Cancer Screening Questionnaire"/><generation value="generated"/></page><page><nameUrl value="ValueSet-2.16.840.1.113883.3.464.1003.199.12.1035.html"/><title value="Chronic Liver Disease"/><generation value="generated"/></page><page><nameUrl value="ValueSet-2.16.840.1.113883.3.464.1003.199.12.1036.html"/><title value="Chronic Malnutrition"/><generation value="generated"/></page><page><nameUrl value="ValueSet-2.16.840.1.113883.3.464.1003.108.12.1018.html"/><title value="Mammography"/><generation value="generated"/></page><page><nameUrl value="ValueSet-2.16.840.1.113883.3.464.1003.198.12.1134.html"/><title value="Unilateral Mastectomy Right"/><generation value="generated"/></page><page><nameUrl value="ValueSet-2.16.840.1.113883.3.464.1003.198.12.1071.html"/><title value="Unilateral Mastectomy, Unspecified Laterality"/><generation value="generated"/></page><page><nameUrl value="ValueSet-2.16.840.1.113883.3.464.1003.198.12.1133.html"/><title value="Unilateral Mastectomy Left"/><generation value="generated"/></page><page><nameUrl value="ValueSet-2.16.840.1.113883.3.464.1003.106.12.1005.html"/><title value="Alcohol and Drug Dependence Treatment"/><generation value="generated"/></page><page><nameUrl value="ValueSet-2.16.840.1.113883.3.464.1003.198.12.1069.html"/><title value="Status Post Left Mastectomy"/><generation value="generated"/></page><page><nameUrl value="ValueSet-2.16.840.1.113883.3.464.1003.198.12.1068.html"/><title value="History of bilateral mastectomy"/><generation value="generated"/></page><page><nameUrl value="ValueSet-2.16.840.1.113883.3.464.1003.198.12.1070.html"/><title value="Status Post Right Mastectomy"/><generation value="generated"/></page><page><nameUrl value="ValueSet-2.16.840.1.113883.3.464.1003.198.12.1011.html"/><title value="Fecal Occult Blood Test (FOBT)"/><generation value="generated"/></page><page><nameUrl value="ValueSet-2.16.840.1.113883.3.464.1003.198.12.1010.html"/><title value="Flexible Sigmoidoscopy"/><generation value="generated"/></page><page><nameUrl value="ValueSet-2.16.840.1.113883.3.464.1003.198.12.1019.html"/><title value="Total Colectomy"/><generation value="generated"/></page><page><nameUrl value="ValueSet-2.16.840.1.113883.3.464.1003.108.12.1039.html"/><title value="FIT DNA"/><generation value="generated"/></page><page><nameUrl value="ValueSet-2.16.840.1.113883.3.464.1003.108.12.1001.html"/><title value="Malignant Neoplasm of Colon"/><generation value="generated"/></page><page><nameUrl value="ValueSet-2.16.840.1.113883.3.464.1003.108.12.1038.html"/><title value="CT Colonography"/><generation value="generated"/></page><page><nameUrl value="ValueSet-2.16.840.1.113883.3.464.1003.108.12.1020.html"/><title value="Colonoscopy"/><generation value="generated"/></page><page><nameUrl value="ValueSet-currentsmoker.html"/><title value="Current Smoker Status"/><generation value="generated"/></page><page><nameUrl value="ValueSet-us-core-observation-smokingstatus.html"/><title value="US Core Smoking Status"/><generation value="generated"/></page><page><nameUrl value="ValueSet-2.16.840.1.113762.1.4.1116.89.html"/><title value="Lung Cancer"/><generation value="generated"/></page><page><nameUrl value="ValueSet-chest-ct-proc-code.html"/><title value="Chest CT Procedure Code"/><generation value="generated"/></page><page><nameUrl value="ValueSet-conditionclinical.html"/><title value="Condition Clinical Status"/><generation value="generated"/></page><page><nameUrl value="ValueSet-2.16.840.1.113883.3.526.2.215.html"/><title value="Prostate Specific Antigen Test"/><generation value="generated"/></page><page><nameUrl value="Library-library-PreventiveCareHooks.html"/><generation value="generated"/></page><page><nameUrl value="Library-library-PreventiveCareSummary.html"/><generation value="generated"/></page><page><nameUrl value="Library-library-CDSConnectCommons.html"/><generation value="generated"/></page><page><nameUrl value="Library-library-FHIRHelpers.html"/><generation value="generated"/></page><page><nameUrl value="Library-library-PreventiveCareData.html"/><generation value="generated"/></page><page><nameUrl value="Library-library-ProstateCancerSummary.html"/><generation value="generated"/></page><page><nameUrl value="Library-library-ColonCancerScreening.html"/><generation value="generated"/></page><page><nameUrl value="Library-library-BreastCancerScreening.html"/><generation value="generated"/></page><page><nameUrl value="Library-library-PreventiveCareConcepts.html"/><generation value="generated"/></page><page><nameUrl value="Library-library-FHIRCommon.html"/><generation value="generated"/></page><page><nameUrl value="Library-library-LungCancerScreening.html"/><generation value="generated"/></page><page><nameUrl value="Library-library-ProstateCancerScreening.html"/><generation value="generated"/></page><page><nameUrl value="PlanDefinition-PreventiveCareScreening.html"/><title value="PlanDefinition - Recommendations on Prostate Cancer Screening"/><generation value="generated"/></page><page><nameUrl value="PlanDefinition-PreventiveCarePlanning.html"/><title value="PlanDefinition - Patient-Directed Care Plan for Prostate Cancer Screening"/><generation value="generated"/></page><page><nameUrl value="ActivityDefinition-NextStepAction.html"/><title value="Activity Next Step Action"/><generation value="generated"/></page></page></page><parameter><code value="path-resource"/><value value="input/resources/library"/></parameter><parameter><code value="path-resource"/><value value="input/resources/plandefinition"/></parameter><parameter><code value="path-resource"/><value value="input/resources/activitydefinition"/></parameter><parameter><code value="path-resource"/><value value="input/resources/questionnaires"/></parameter><parameter><code value="path-resource"/><value value="input/vocabulary/codesystem"/></parameter><parameter><code value="path-resource"/><value value="input/vocabulary/valueset"/></parameter><parameter><code value="path-resource"/><value value="input/vocabulary/valueset/bcs"/></parameter><parameter><code value="path-resource"/><value value="input/vocabulary/valueset/ccs"/></parameter><parameter><code value="path-resource"/><value value="input/vocabulary/valueset/lcs"/></parameter><parameter><code value="path-resource"/><value value="input/vocabulary/valueset/pcs"/></parameter><parameter><code value="path-resource"/><value value="input/capabilities"/></parameter><parameter><code value="path-resource"/><value value="input/examples"/></parameter><parameter><code value="path-resource"/><value value="input/extensions"/></parameter><parameter><code value="path-resource"/><value value="input/models"/></parameter><parameter><code value="path-resource"/><value value="input/operations"/></parameter><parameter><code value="path-resource"/><value value="input/profiles"/></parameter><parameter><code value="path-resource"/><value value="input/resources"/></parameter><parameter><code value="path-resource"/><value value="input/vocabulary"/></parameter><parameter><code value="path-resource"/><value value="input/testing"/></parameter><parameter><code value="path-resource"/><value value="input/history"/></parameter><parameter><code value="path-pages"/><value value="template/config"/></parameter><parameter><code value="path-pages"/><value value="input/images"/></parameter><parameter><code value="path-tx-cache"/><value value="input-cache/txcache"/></parameter></definition></ImplementationGuide>