<?xml version="1.0" encoding="UTF-8"?><ImplementationGuide xmlns="http://hl7.org/fhir"><id value="fhir.preventive-care-ig"/><text><status value="extensions"/><div xmlns="http://www.w3.org/1999/xhtml"><h2>PreventiveCareGuidelines</h2><p>The official URL for this implementation guide is: </p><pre>http://fhir.org/guides/preventive-care/ImplementationGuide/fhir.preventive-care-ig</pre><div><p>Implementation guide for preventive care guidelines and patient-centered care plans.</p>
</div></div></text><url value="http://fhir.org/guides/preventive-care/ImplementationGuide/fhir.preventive-care-ig"/><version value="1.0.0"/><name value="PreventiveCareGuidelines"/><title value="Pre"/><status value="draft"/><experimental value="false"/><date value="2021-03-08T22:54:39+00:00"/><publisher value="U.S. Preventive Services Task Force (USPSTF)"/><contact><telecom><system value="url"/><value value="https://www.uspreventiveservicestaskforce.org/uspstf/"/></telecom></contact><description value="Implementation guide for preventive care guidelines and patient-centered care plans."/><jurisdiction><coding><system value="http://unstats.un.org/unsd/methods/m49/m49.htm"/><code value="001"/></coding></jurisdiction><packageId value="fhir.preventive-care-ig"/><license value="Apache-2.0"/><fhirVersion value="4.0.1"/><dependsOn id="cpg"><uri value="http://hl7.org/fhir/uv/cpg/ImplementationGuide/hl7.fhir.uv.cpg"/><packageId value="hl7.fhir.uv.cpg"/><version value="1.0.0"/></dependsOn><definition><extension url="http://hl7.org/fhir/tools/StructureDefinition/ig-parameter"><extension url="code"><valueString value="copyrightyear"/></extension><extension url="value"><valueString value="2020+"/></extension></extension><extension url="http://hl7.org/fhir/tools/StructureDefinition/ig-parameter"><extension url="code"><valueString value="releaselabel"/></extension><extension url="value"><valueString value="CI Build"/></extension></extension><extension url="http://hl7.org/fhir/tools/StructureDefinition/ig-parameter"><extension url="code"><valueString value="path-binary"/></extension><extension url="value"><valueString value="input/cql"/></extension></extension><extension url="http://hl7.org/fhir/tools/StructureDefinition/ig-parameter"><extension url="code"><valueString value="excludettl"/></extension><extension url="value"><valueString value="true"/></extension></extension><extension url="http://hl7.org/fhir/tools/StructureDefinition/ig-parameter"><extension url="code"><valueString value="excludemap"/></extension><extension url="value"><valueString value="true"/></extension></extension><extension url="http://hl7.org/fhir/tools/StructureDefinition/ig-parameter"><extension url="code"><valueString value="path-suppressed-warnings"/></extension><extension url="value"><valueString value="input/ignoreWarnings.txt"/></extension></extension><extension url="http://hl7.org/fhir/tools/StructureDefinition/ig-parameter"><extension url="code"><valueString value="autoload-resources"/></extension><extension url="value"><valueString value="true"/></extension></extension><extension url="http://hl7.org/fhir/tools/StructureDefinition/ig-parameter"><extension url="code"><valueString value="path-liquid"/></extension><extension url="value"><valueString value="template/liquid"/></extension></extension><extension url="http://hl7.org/fhir/tools/StructureDefinition/ig-parameter"><extension url="code"><valueString value="path-liquid"/></extension><extension url="value"><valueString value="input/liquid"/></extension></extension><extension url="http://hl7.org/fhir/tools/StructureDefinition/ig-parameter"><extension url="code"><valueString value="path-qa"/></extension><extension url="value"><valueString value="temp/qa"/></extension></extension><extension url="http://hl7.org/fhir/tools/StructureDefinition/ig-parameter"><extension url="code"><valueString value="path-temp"/></extension><extension url="value"><valueString value="temp/pages"/></extension></extension><extension url="http://hl7.org/fhir/tools/StructureDefinition/ig-parameter"><extension url="code"><valueString value="path-output"/></extension><extension url="value"><valueString value="output"/></extension></extension><extension url="http://hl7.org/fhir/tools/StructureDefinition/ig-parameter"><extension url="code"><valueString value="path-history"/></extension><extension url="value"><valueString value="http://fhir.org/guides/preventive-care/history.html"/></extension></extension><extension url="http://hl7.org/fhir/tools/StructureDefinition/ig-parameter"><extension url="code"><valueString value="template-html"/></extension><extension url="value"><valueString value="template-page.html"/></extension></extension><extension url="http://hl7.org/fhir/tools/StructureDefinition/ig-parameter"><extension url="code"><valueString value="template-md"/></extension><extension url="value"><valueString value="template-page-md.html"/></extension></extension><extension url="http://hl7.org/fhir/tools/StructureDefinition/ig-parameter"><extension url="code"><valueString value="apply-contact"/></extension><extension url="value"><valueString value="true"/></extension></extension><extension url="http://hl7.org/fhir/tools/StructureDefinition/ig-parameter"><extension url="code"><valueString value="apply-context"/></extension><extension url="value"><valueString value="true"/></extension></extension><extension url="http://hl7.org/fhir/tools/StructureDefinition/ig-parameter"><extension url="code"><valueString value="apply-copyright"/></extension><extension url="value"><valueString value="true"/></extension></extension><extension url="http://hl7.org/fhir/tools/StructureDefinition/ig-parameter"><extension url="code"><valueString value="apply-jurisdiction"/></extension><extension url="value"><valueString value="true"/></extension></extension><extension url="http://hl7.org/fhir/tools/StructureDefinition/ig-parameter"><extension url="code"><valueString value="apply-license"/></extension><extension url="value"><valueString value="true"/></extension></extension><extension url="http://hl7.org/fhir/tools/StructureDefinition/ig-parameter"><extension url="code"><valueString value="apply-publisher"/></extension><extension url="value"><valueString value="true"/></extension></extension><extension url="http://hl7.org/fhir/tools/StructureDefinition/ig-parameter"><extension url="code"><valueString value="apply-version"/></extension><extension url="value"><valueString value="true"/></extension></extension><extension url="http://hl7.org/fhir/tools/StructureDefinition/ig-parameter"><extension url="code"><valueString value="active-tables"/></extension><extension url="value"><valueString value="true"/></extension></extension><grouping id="_term_valueset"><name value="Terminology: Value Sets"/><description value="These define sets of codes used by systems conforming to this implementation guide"/></grouping><grouping id="_other"><name value="Other"/><description value="These are resources that are used within this implementation guide that do not fit into one of the other categories"/></grouping><resource><extension url="http://hl7.org/fhir/StructureDefinition/implementationguide-page"><valueUri value="Library-FHIRHelpers-4.0.1.html"/></extension><reference><reference value="Library/FHIRHelpers-4.0.1"/></reference><name value="CQL Library - FHIR Helpers for CDS"/><description value="CQL Library - FHIR Helpers for CDS"/><groupingId value="_other"/></resource><resource><extension url="http://hl7.org/fhir/StructureDefinition/implementationguide-page"><valueUri value="Library-PreventiveCareConcepts.html"/></extension><reference><reference value="Library/PreventiveCareConcepts"/></reference><name value="CQL Library - Preventive Care Shared Concepts and Terminology"/><description value="Preventive care shared concepts and terminology imported by other CQL logic libraries."/><groupingId value="_other"/></resource><resource><extension url="http://hl7.org/fhir/StructureDefinition/implementationguide-page"><valueUri value="Library-PreventiveCareHooks.html"/></extension><reference><reference value="Library/PreventiveCareHooks"/></reference><name value="CQL Library - CDS Hooks for Preventive Care Screening and Personalized Care Plans"/><description value="This library contains logic to support CDS Hooks for the preventive care screening and personalized, patient-centered care plans."/><groupingId value="_other"/></resource><resource><extension url="http://hl7.org/fhir/StructureDefinition/implementationguide-page"><valueUri value="Library-CDSConnectCommons.html"/></extension><reference><reference value="Library/CDSConnectCommons"/></reference><name value="CQL Library - Common Logic for CDS"/><description value="CQL Common Logic for CDS providing shared helper functions."/><groupingId value="_other"/></resource><resource><extension url="http://hl7.org/fhir/StructureDefinition/implementationguide-page"><valueUri value="Library-ProstateCancerScreening.html"/></extension><reference><reference value="Library/ProstateCancerScreening"/></reference><name value="CQL Library - CDS Logic for Prostate Cancer Screening and Personalized Care Plans"/><description value="This library contains logic to support prostate cancer screening and personalized, patient-centered care plans."/><groupingId value="_other"/></resource><resource><extension url="http://hl7.org/fhir/StructureDefinition/implementationguide-page"><valueUri value="Library-PreventiveCareData.html"/></extension><reference><reference value="Library/PreventiveCareData"/></reference><name value="CQL Library - Preventive Care Shared Data Logic"/><description value="The Preventive Care Data logic library supports data retrieval for decision support."/><groupingId value="_other"/></resource><resource><extension url="http://hl7.org/fhir/StructureDefinition/implementationguide-page"><valueUri value="PlanDefinition-PreventiveCarePlanning.html"/></extension><reference><reference value="PlanDefinition/PreventiveCarePlanning"/></reference><name value="PlanDefinition - Patient-Directed Care Plan for Prostate Cancer Screening"/><description value="Create a patient-directed preventive care plan for Prostate Cancer screening."/><groupingId value="_other"/></resource><resource><extension url="http://hl7.org/fhir/StructureDefinition/implementationguide-page"><valueUri value="PlanDefinition-PreventiveCareScreening.html"/></extension><reference><reference value="PlanDefinition/PreventiveCareScreening"/></reference><name value="PlanDefinition - Recommendations on Prostate Cancer Screening"/><description value="Recommends decision-making on preventive care screening for Prostate Cancer."/><groupingId value="_other"/></resource><resource><extension url="http://hl7.org/fhir/StructureDefinition/implementationguide-page"><valueUri value="ValueSet-2.16.840.1.113883.3.526.2.215.html"/></extension><reference><reference value="ValueSet/2.16.840.1.113883.3.526.2.215"/></reference><name value="Prostate Specific Antigen Test"/><description value="This value set contains concepts that represent prostate specific antigen (PSA) test."/><groupingId value="_term_valueset"/></resource><page><nameUrl value="toc.html"/><title value="Table of Contents"/><generation value="html"/><page><nameUrl value="index.html"/><title value="Preventive Care Screening and Care Plans"/><generation value="html"/></page><page><nameUrl value="background.html"/><title value="Background"/><generation value="html"/></page><page><nameUrl value="spec.html"/><title value="Detailed Specification"/><generation value="markdown"/></page><page><nameUrl value="downloads.html"/><title value="Useful Downloads"/><generation value="html"/></page><page><nameUrl value="changes.html"/><title value="IG Change History"/><generation value="html"/></page><page><nameUrl value="artifacts.html"/><title value="Artifacts Summary"/><generation value="html"/><page><nameUrl value="ValueSet-2.16.840.1.113883.3.526.2.215.html"/><title value="Prostate Specific Antigen Test"/><generation value="generated"/></page><page><nameUrl value="Library-FHIRHelpers-4.0.1.html"/><title value="CQL Library - FHIR Helpers for CDS"/><generation value="generated"/></page><page><nameUrl value="Library-PreventiveCareConcepts.html"/><title value="CQL Library - Preventive Care Shared Concepts and Terminology"/><generation value="generated"/></page><page><nameUrl value="Library-PreventiveCareHooks.html"/><title value="CQL Library - CDS Hooks for Preventive Care Screening and Personalized Care Plans"/><generation value="generated"/></page><page><nameUrl value="Library-CDSConnectCommons.html"/><title value="CQL Library - Common Logic for CDS"/><generation value="generated"/></page><page><nameUrl value="Library-ProstateCancerScreening.html"/><title value="CQL Library - CDS Logic for Prostate Cancer Screening and Personalized Care Plans"/><generation value="generated"/></page><page><nameUrl value="Library-PreventiveCareData.html"/><title value="CQL Library - Preventive Care Shared Data Logic"/><generation value="generated"/></page><page><nameUrl value="PlanDefinition-PreventiveCarePlanning.html"/><title value="PlanDefinition - Patient-Directed Care Plan for Prostate Cancer Screening"/><generation value="generated"/></page><page><nameUrl value="PlanDefinition-PreventiveCareScreening.html"/><title value="PlanDefinition - Recommendations on Prostate Cancer Screening"/><generation value="generated"/></page></page></page><parameter><code value="path-resource"/><value value="input/resources/library"/></parameter><parameter><code value="path-resource"/><value value="input/resources/plandefinition"/></parameter><parameter><code value="path-resource"/><value value="input/resources/activitydefinition"/></parameter><parameter><code value="path-resource"/><value value="input/vocabulary/codesystem"/></parameter><parameter><code value="path-resource"/><value value="input/vocabulary/valueset"/></parameter><parameter><code value="path-resource"/><value value="input/capabilities"/></parameter><parameter><code value="path-resource"/><value value="input/examples"/></parameter><parameter><code value="path-resource"/><value value="input/extensions"/></parameter><parameter><code value="path-resource"/><value value="input/models"/></parameter><parameter><code value="path-resource"/><value value="input/operations"/></parameter><parameter><code value="path-resource"/><value value="input/profiles"/></parameter><parameter><code value="path-resource"/><value value="input/resources"/></parameter><parameter><code value="path-resource"/><value value="input/vocabulary"/></parameter><parameter><code value="path-resource"/><value value="input/testing"/></parameter><parameter><code value="path-resource"/><value value="input/history"/></parameter><parameter><code value="path-resource"/><value value="fsh-generated/resources"/></parameter><parameter><code value="path-pages"/><value value="template/config"/></parameter><parameter><code value="path-pages"/><value value="input/images"/></parameter><parameter><code value="path-tx-cache"/><value value="input-cache/txcache"/></parameter></definition></ImplementationGuide>