<?xml version="1.0" encoding="UTF-8"?><Library xmlns="http://hl7.org/fhir"><id value="library-PreventiveCareSummary"/><extension url="http://hl7.org/fhir/us/cqfmeasures/StructureDefinition/cqfm-softwaresystem"><valueReference><reference value="cqf-tooling"/></valueReference></extension><url value="http://fhir.org/guides/preventive-care/Library/PreventiveCareSummary"/><version value="1.0.0"/><name value="PreventiveCareSummary"/><status value="draft"/><date value="2021-09-03T16:48:06+00:00"/><publisher value="U.S. Preventive Services Task Force (USPSTF)"/><contact><telecom><system value="url"/><value value="https://www.uspreventiveservicestaskforce.org/uspstf/"/></telecom></contact><jurisdiction><coding><system value="http://unstats.un.org/unsd/methods/m49/m49.htm"/><code value="001"/></coding></jurisdiction><relatedArtifact><type value="depends-on"/><display value="FHIR model information"/><resource value="http://fhir.org/guides/cqf/common/Library/FHIR-ModelInfo|4.0.1"/></relatedArtifact><relatedArtifact><type value="depends-on"/><display value="Library FHIRHelpers"/><resource value="http://hl7.org/fhir/Library/FHIRHelpers|4.0.1"/></relatedArtifact><relatedArtifact><type value="depends-on"/><display value="Library C3F"/><resource value="http://fhir.org/guides/preventive-care/Library/CDSConnectCommons|1.0.0"/></relatedArtifact><relatedArtifact><type value="depends-on"/><display value="Library PCC"/><resource value="http://fhir.org/guides/preventive-care/Library/PreventiveCareConcepts|1.0.0"/></relatedArtifact><relatedArtifact><type value="depends-on"/><display value="Library Data"/><resource value="http://fhir.org/guides/preventive-care/Library/PreventiveCareData|1.0.0"/></relatedArtifact><parameter><name value="Patient"/><use value="out"/><min value="0"/><max value="1"/><type value="Patient"/></parameter><parameter><name value="PatientSummary"/><use value="out"/><min value="0"/><max value="1"/><type value="Any"/></parameter><dataRequirement><type value="Patient"/><profile value="http://hl7.org/fhir/StructureDefinition/Patient"/></dataRequirement><dataRequirement><type value="Patient"/><profile value="http://hl7.org/fhir/StructureDefinition/Patient"/><codeFilter><path value="url"/><code><code value="http://hl7.org/fhir/us/core/StructureDefinition/us-core-race"/></code></codeFilter></dataRequirement><content><contentType value="text/cql"/><data/></content><content><contentType value="application/elm+xml"/><data/></content></Library>