<?xml version="1.0" encoding="UTF-8"?><Library xmlns="http://hl7.org/fhir"><id value="library-PreventiveCareData"/><extension url="http://hl7.org/fhir/us/cqfmeasures/StructureDefinition/cqfm-softwaresystem"><valueReference><reference value="cqf-tooling"/></valueReference></extension><url value="http://fhir.org/guides/preventive-care/Library/PreventiveCareData"/><version value="1.0.0"/><name value="PreventiveCareData"/><status value="draft"/><date value="2021-09-03T16:48:06+00:00"/><publisher value="U.S. Preventive Services Task Force (USPSTF)"/><contact><telecom><system value="url"/><value value="https://www.uspreventiveservicestaskforce.org/uspstf/"/></telecom></contact><jurisdiction><coding><system value="http://unstats.un.org/unsd/methods/m49/m49.htm"/><code value="001"/></coding></jurisdiction><relatedArtifact><type value="depends-on"/><display value="FHIR model information"/><resource value="http://fhir.org/guides/cqf/common/Library/FHIR-ModelInfo|4.0.1"/></relatedArtifact><relatedArtifact><type value="depends-on"/><display value="Library FHIRHelpers"/><resource value="http://hl7.org/fhir/Library/FHIRHelpers|4.0.1"/></relatedArtifact><relatedArtifact><type value="depends-on"/><display value="Library C3F"/><resource value="http://fhir.org/guides/preventive-care/Library/CDSConnectCommons|1.0.0"/></relatedArtifact><relatedArtifact><type value="depends-on"/><display value="Library PCC"/><resource value="http://fhir.org/guides/preventive-care/Library/PreventiveCareConcepts|1.0.0"/></relatedArtifact><relatedArtifact><type value="depends-on"/><display value="Library FHIRHelpers"/><resource value="http://hl7.org/fhir/Library/FHIRHelpers|4.0.1"/></relatedArtifact><relatedArtifact><type value="depends-on"/><display value="Code system Race"/><resource value="urn:oid:2.16.840.1.113883.6.238"/></relatedArtifact><relatedArtifact><type value="depends-on"/><display value="Code system CONDVERSTATUS"/><resource value="http://terminology.hl7.org/CodeSystem/condition-ver-status"/></relatedArtifact><relatedArtifact><type value="depends-on"/><display value="Code system CONDCLINSTATUS"/><resource value="http://terminology.hl7.org/CodeSystem/condition-clinical"/></relatedArtifact><parameter><name value="Patient"/><use value="out"/><min value="0"/><max value="1"/><type value="Patient"/></parameter><parameter><name value="Patient Full Name"/><use value="out"/><min value="0"/><max value="1"/><type value="string"/></parameter><parameter><name value="Patient Given Name"/><use value="out"/><min value="0"/><max value="1"/><type value="string"/></parameter><parameter><name value="Patient age in years based on date of birth"/><use value="out"/><min value="0"/><max value="1"/><type value="integer"/></parameter><parameter><name value="Patient administrative gender"/><use value="out"/><min value="0"/><max value="1"/><type value="string"/></parameter><parameter><name value="Patient birth sex"/><use value="out"/><min value="0"/><max value="1"/><type value="Any"/></parameter><parameter><name value="Patient Race"/><use value="out"/><min value="0"/><max value="*"/><type value="Coding"/></parameter><parameter><name value="Patient Race Text"/><use value="out"/><min value="0"/><max value="1"/><type value="string"/></parameter><parameter><name value="Patient is female"/><use value="out"/><min value="0"/><max value="1"/><type value="boolean"/></parameter><parameter><name value="Patient is male"/><use value="out"/><min value="0"/><max value="1"/><type value="boolean"/></parameter><parameter><name value="Race is African American"/><use value="out"/><min value="0"/><max value="1"/><type value="boolean"/></parameter><parameter><name value="Patient is 40 or older"/><use value="out"/><min value="0"/><max value="1"/><type value="boolean"/></parameter><parameter><name value="Patient PCP"/><use value="out"/><min value="0"/><max value="1"/><type value="Reference"/></parameter><parameter><name value="Patient PCP name"/><use value="out"/><min value="0"/><max value="1"/><type value="string"/></parameter><parameter><name value="All active conditions"/><use value="out"/><min value="0"/><max value="*"/><type value="Condition"/></parameter><dataRequirement><type value="Patient"/><profile value="http://hl7.org/fhir/StructureDefinition/Patient"/></dataRequirement><dataRequirement><type value="Patient"/><profile value="http://hl7.org/fhir/StructureDefinition/Patient"/><codeFilter><path value="use.value"/></codeFilter></dataRequirement><dataRequirement><type value="Patient"/><profile value="http://hl7.org/fhir/StructureDefinition/Patient"/><codeFilter><path value="use.value"/></codeFilter></dataRequirement><dataRequirement><type value="Patient"/><profile value="http://hl7.org/fhir/StructureDefinition/Patient"/><codeFilter><path value="url"/><code><code value="http://hl7.org/fhir/us/core/StructureDefinition/us-core-birthsex"/></code></codeFilter></dataRequirement><dataRequirement><type value="Patient"/><profile value="http://hl7.org/fhir/StructureDefinition/Patient"/><codeFilter><path value="url"/><code><code value="http://hl7.org/fhir/us/core/StructureDefinition/us-core-race"/></code></codeFilter></dataRequirement><dataRequirement><type value="Patient"/><profile value="http://hl7.org/fhir/StructureDefinition/Patient"/><codeFilter><path value="url"/><code><code value="http://hl7.org/fhir/us/core/StructureDefinition/us-core-race"/></code></codeFilter></dataRequirement><dataRequirement><type value="Patient"/><profile value="http://hl7.org/fhir/StructureDefinition/Patient"/><codeFilter><path value="url"/><code><code value="http://hl7.org/fhir/us/core/StructureDefinition/us-core-race"/></code></codeFilter></dataRequirement><dataRequirement><type value="Patient"/><profile value="http://hl7.org/fhir/StructureDefinition/Patient"/><codeFilter><path value="url"/><code><code value="http://hl7.org/fhir/us/core/StructureDefinition/us-core-race"/></code></codeFilter><codeFilter><path value="url"/><code><code value="text"/></code></codeFilter></dataRequirement><dataRequirement><type value="Patient"/><profile value="http://hl7.org/fhir/StructureDefinition/Patient"/><codeFilter><path value="url"/><code><code value="http://hl7.org/fhir/us/core/StructureDefinition/us-core-race"/></code></codeFilter></dataRequirement><dataRequirement><type value="Condition"/><profile value="http://hl7.org/fhir/StructureDefinition/Condition"/></dataRequirement><content><contentType value="text/cql"/><data/></content><content><contentType value="application/elm+xml"/><data/></content></Library>