<?xml version="1.0" encoding="UTF-8"?><Library xmlns="http://hl7.org/fhir"><id value="CDSConnectCommons"/><meta><profile value="http://hl7.org/fhir/uv/cpg/StructureDefinition/cpg-shareablelibrary"/><profile value="http://hl7.org/fhir/uv/cpg/StructureDefinition/cpg-computablelibrary"/><profile value="http://hl7.org/fhir/uv/cpg/StructureDefinition/cpg-publishablelibrary"/><profile value="http://hl7.org/fhir/uv/cpg/StructureDefinition/cpg-executablelibrary"/></meta><extension url="http://hl7.org/fhir/uv/cpg/StructureDefinition/cpg-knowledgeCapability"><valueCode value="shareable"/></extension><extension url="http://hl7.org/fhir/uv/cpg/StructureDefinition/cpg-knowledgeCapability"><valueCode value="computable"/></extension><extension url="http://hl7.org/fhir/uv/cpg/StructureDefinition/cpg-knowledgeCapability"><valueCode value="publishable"/></extension><extension url="http://hl7.org/fhir/uv/cpg/StructureDefinition/cpg-knowledgeCapability"><valueCode value="executable"/></extension><extension url="http://hl7.org/fhir/uv/cpg/StructureDefinition/cpg-knowledgeRepresentationLevel"><valueCode value="structured"/></extension><url value="http://fhir.org/guides/preventive-care/Library/CDSConnectCommons"/><version value="1.0.0"/><name value="CDSConnectCommons"/><title value="CQL Library - Common Logic for CDS"/><status value="active"/><experimental value="true"/><type><coding><system value="http://terminology.hl7.org/CodeSystem/library-type"/><code value="logic-library"/></coding></type><date value="2021-04-13T01:53:55+00:00"/><publisher value="U.S. Preventive Services Task Force (USPSTF)"/><contact><telecom><system value="url"/><value value="https://www.uspreventiveservicestaskforce.org/uspstf/"/></telecom></contact><description value="CQL Common Logic for CDS providing shared helper functions."/><jurisdiction><coding><system value="http://unstats.un.org/unsd/methods/m49/m49.htm"/><code value="001"/></coding></jurisdiction><relatedArtifact><type value="depends-on"/><resource value="http://hl7.org/fhir/Library/FHIR-ModelInfo|4.0.1"/></relatedArtifact><relatedArtifact><type value="depends-on"/><resource value="http://hl7.org/fhir/Library/FHIRHelpers|4.0.1"/></relatedArtifact><relatedArtifact><type value="depends-on"/><resource value="http://terminology.hl7.org/CodeSystem/allergyintolerance-verification"/></relatedArtifact><relatedArtifact><type value="depends-on"/><resource value="http://terminology.hl7.org/CodeSystem/allergyintolerance-clinical"/></relatedArtifact><relatedArtifact><type value="depends-on"/><resource value="http://terminology.hl7.org/CodeSystem/condition-ver-status"/></relatedArtifact><relatedArtifact><type value="depends-on"/><resource value="http://terminology.hl7.org/CodeSystem/condition-clinical"/></relatedArtifact><dataRequirement><type value="Observation"/><profile value="http://hl7.org/fhir/StructureDefinition/Observation"/></dataRequirement><dataRequirement><type value="Condition"/><profile value="http://hl7.org/fhir/StructureDefinition/Condition"/></dataRequirement><dataRequirement><type value="Procedure"/><profile value="http://hl7.org/fhir/StructureDefinition/Procedure"/></dataRequirement><dataRequirement><type value="Encounter"/><profile value="http://hl7.org/fhir/StructureDefinition/Encounter"/></dataRequirement><dataRequirement><type value="AllergyIntolerance"/><profile value="http://hl7.org/fhir/StructureDefinition/AllergyIntolerance"/></dataRequirement><content><contentType value="text/cql"/><data/></content><content><contentType value="application/elm+xml"/><data/></content><content><contentType value="application/elm+json"/><data/></content></Library>