<?xml version="1.0" encoding="UTF-8"?><Library xmlns="http://hl7.org/fhir"><id value="library-PreventiveCareHooks"/><extension url="http://hl7.org/fhir/us/cqfmeasures/StructureDefinition/cqfm-softwaresystem"><valueReference><reference value="cqf-tooling"/></valueReference></extension><url value="http://fhir.org/guides/preventive-care/Library/PreventiveCareHooks"/><version value="1.0.0"/><name value="PreventiveCareHooks"/><status value="draft"/><date value="2021-09-03T16:48:06+00:00"/><publisher value="U.S. Preventive Services Task Force (USPSTF)"/><contact><telecom><system value="url"/><value value="https://www.uspreventiveservicestaskforce.org/uspstf/"/></telecom></contact><jurisdiction><coding><system value="http://unstats.un.org/unsd/methods/m49/m49.htm"/><code value="001"/></coding></jurisdiction><relatedArtifact><type value="depends-on"/><display value="FHIR model information"/><resource value="http://fhir.org/guides/cqf/common/Library/FHIR-ModelInfo|4.0.1"/></relatedArtifact><relatedArtifact><type value="depends-on"/><display value="Library Screening"/><resource value="http://fhir.org/guides/preventive-care/Library/ProstateCancerScreening|1.0.0"/></relatedArtifact><relatedArtifact><type value="depends-on"/><display value="Library Summary"/><resource value="http://fhir.org/guides/preventive-care/Library/ProstateCancerSummary|1.0.0"/></relatedArtifact><relatedArtifact><type value="depends-on"/><display value="Library C3F"/><resource value="http://fhir.org/guides/preventive-care/Library/CDSConnectCommons|1.0.0"/></relatedArtifact><relatedArtifact><type value="depends-on"/><display value="Library PCC"/><resource value="http://fhir.org/guides/preventive-care/Library/PreventiveCareConcepts|1.0.0"/></relatedArtifact><relatedArtifact><type value="depends-on"/><display value="Library FHIRHelpers"/><resource value="http://hl7.org/fhir/Library/FHIRHelpers|4.0.1"/></relatedArtifact><relatedArtifact><type value="depends-on"/><display value="Library PCS"/><resource value="http://fhir.org/guides/preventive-care/Library/ProstateCancerScreening|1.0.0"/></relatedArtifact><relatedArtifact><type value="depends-on"/><display value="Library Data"/><resource value="http://fhir.org/guides/preventive-care/Library/PreventiveCareData|1.0.0"/></relatedArtifact><relatedArtifact><type value="depends-on"/><display value="Value set Prostate Specific Antigen Test"/><resource value="http://cts.nlm.nih.gov/fhir/ValueSet/2.16.840.1.113883.3.526.2.215"/></relatedArtifact><parameter><name value="Patient"/><use value="out"/><min value="0"/><max value="1"/><type value="Patient"/></parameter><parameter><name value="Age Between 40 and 70"/><use value="out"/><min value="0"/><max value="1"/><type value="boolean"/></parameter><parameter><name value="Needs Prostate Cancer Screening"/><use value="out"/><min value="0"/><max value="1"/><type value="boolean"/></parameter><parameter><name value="Needs Prostate Cancer Screening Summary"/><use value="out"/><min value="0"/><max value="1"/><type value="string"/></parameter><parameter><name value="Needs Prostate Cancer Screening Detail"/><use value="out"/><min value="0"/><max value="1"/><type value="string"/></parameter><parameter><name value="Needs Prostate Cancer Screening Indicator"/><use value="out"/><min value="0"/><max value="1"/><type value="string"/></parameter><dataRequirement><type value="Patient"/><profile value="http://hl7.org/fhir/StructureDefinition/Patient"/></dataRequirement><dataRequirement><type value="Observation"/><profile value="http://hl7.org/fhir/StructureDefinition/Observation"/><codeFilter><path value="code"/><valueSet value="http://cts.nlm.nih.gov/fhir/ValueSet/2.16.840.1.113883.3.526.2.215"/></codeFilter></dataRequirement><content><contentType value="text/cql"/><data/></content><content><contentType value="application/elm+xml"/><data/></content></Library>