<?xml version="1.0" encoding="UTF-8"?><Library xmlns="http://hl7.org/fhir"><id value="library-FHIRCommon"/><extension url="http://hl7.org/fhir/us/cqfmeasures/StructureDefinition/cqfm-softwaresystem"><valueReference><reference value="cqf-tooling"/></valueReference></extension><url value="http://fhir.org/guides/preventive-care/Library/FHIRCommon"/><version value="1.0.0"/><name value="FHIRCommon"/><status value="draft"/><date value="2021-09-03T16:48:06+00:00"/><publisher value="U.S. Preventive Services Task Force (USPSTF)"/><contact><telecom><system value="url"/><value value="https://www.uspreventiveservicestaskforce.org/uspstf/"/></telecom></contact><jurisdiction><coding><system value="http://unstats.un.org/unsd/methods/m49/m49.htm"/><code value="001"/></coding></jurisdiction><relatedArtifact><type value="depends-on"/><display value="FHIR model information"/><resource value="http://fhir.org/guides/cqf/common/Library/FHIR-ModelInfo|4.0.1"/></relatedArtifact><relatedArtifact><type value="depends-on"/><display value="Library FHIRHelpers"/><resource value="http://hl7.org/fhir/Library/FHIRHelpers|4.0.1"/></relatedArtifact><relatedArtifact><type value="depends-on"/><display value="Code system LOINC"/><resource value="http://loinc.org"/></relatedArtifact><relatedArtifact><type value="depends-on"/><display value="Code system SNOMEDCT"/><resource value="http://snomed.info/sct"/></relatedArtifact><relatedArtifact><type value="depends-on"/><display value="Code system RoleCode"/><resource value="http://terminology.hl7.org/CodeSystem/v3-RoleCode"/></relatedArtifact><relatedArtifact><type value="depends-on"/><display value="Code system Diagnosis Role"/><resource value="http://terminology.hl7.org/CodeSystem/diagnosis-role"/></relatedArtifact><relatedArtifact><type value="depends-on"/><display value="Code system RequestIntent"/><resource value="http://terminology.hl7.org/CodeSystem/request-intent"/></relatedArtifact><relatedArtifact><type value="depends-on"/><display value="Code system MedicationRequestCategory"/><resource value="http://terminology.hl7.org/CodeSystem/medicationrequest-category"/></relatedArtifact><relatedArtifact><type value="depends-on"/><display value="Code system ConditionClinicalStatusCodes"/><resource value="http://terminology.hl7.org/CodeSystem/condition-clinical"/></relatedArtifact><relatedArtifact><type value="depends-on"/><display value="Code system ConditionVerificationStatusCodes"/><resource value="http://terminology.hl7.org/CodeSystem/condition-verification"/></relatedArtifact><relatedArtifact><type value="depends-on"/><display value="Code system AllergyIntoleranceClinicalStatusCodes"/><resource value="http://terminology.hl7.org/CodeSystem/allergyintolerance-clinical"/></relatedArtifact><relatedArtifact><type value="depends-on"/><display value="Code system AllergyIntoleranceVerificationStatusCodes"/><resource value="http://terminology.hl7.org/CodeSystem/allergyintolerance-verification"/></relatedArtifact><relatedArtifact><type value="depends-on"/><display value="Value set Active Condition"/><resource value="http://fhir.org/guides/cqf/cqf-common/ValueSet/active-condition"/></relatedArtifact><relatedArtifact><type value="depends-on"/><display value="Value set Inactive Condition"/><resource value="http://fhir.org/guides/cqf/cqf-common/ValueSet/inactive-condition"/></relatedArtifact><parameter><name value="Patient"/><use value="out"/><min value="0"/><max value="1"/><type value="Patient"/></parameter><dataRequirement><type value="Patient"/><profile value="http://hl7.org/fhir/StructureDefinition/Patient"/></dataRequirement><content><contentType value="text/cql"/><data/></content><content><contentType value="application/elm+xml"/><data/></content></Library>