<?xml version="1.0" encoding="UTF-8"?><Library xmlns="http://hl7.org/fhir"><id value="library-CDSConnectCommons"/><extension url="http://hl7.org/fhir/us/cqfmeasures/StructureDefinition/cqfm-softwaresystem"><valueReference><reference value="cqf-tooling"/></valueReference></extension><url value="http://fhir.org/guides/preventive-care/Library/CDSConnectCommons"/><version value="1.0.0"/><name value="CDSConnectCommons"/><status value="draft"/><date value="2021-09-03T16:48:06+00:00"/><publisher value="U.S. Preventive Services Task Force (USPSTF)"/><contact><telecom><system value="url"/><value value="https://www.uspreventiveservicestaskforce.org/uspstf/"/></telecom></contact><jurisdiction><coding><system value="http://unstats.un.org/unsd/methods/m49/m49.htm"/><code value="001"/></coding></jurisdiction><relatedArtifact><type value="depends-on"/><display value="FHIR model information"/><resource value="http://fhir.org/guides/cqf/common/Library/FHIR-ModelInfo|4.0.1"/></relatedArtifact><relatedArtifact><type value="depends-on"/><display value="Library FHIRHelpers"/><resource value="http://hl7.org/fhir/Library/FHIRHelpers|4.0.1"/></relatedArtifact><relatedArtifact><type value="depends-on"/><display value="Code system AIVERSTATUS"/><resource value="http://terminology.hl7.org/CodeSystem/allergyintolerance-verification"/></relatedArtifact><relatedArtifact><type value="depends-on"/><display value="Code system AICLINSTATUS"/><resource value="http://terminology.hl7.org/CodeSystem/allergyintolerance-clinical"/></relatedArtifact><relatedArtifact><type value="depends-on"/><display value="Code system CONDVERSTATUS"/><resource value="http://terminology.hl7.org/CodeSystem/condition-ver-status"/></relatedArtifact><relatedArtifact><type value="depends-on"/><display value="Code system CONDCLINSTATUS"/><resource value="http://terminology.hl7.org/CodeSystem/condition-clinical"/></relatedArtifact><dataRequirement><type value="Observation"/><profile value="http://hl7.org/fhir/StructureDefinition/Observation"/><codeFilter><path value="code"/></codeFilter></dataRequirement><dataRequirement><type value="Condition"/><profile value="http://hl7.org/fhir/StructureDefinition/Condition"/><codeFilter><path value="code"/></codeFilter></dataRequirement><dataRequirement><type value="Procedure"/><profile value="http://hl7.org/fhir/StructureDefinition/Procedure"/><codeFilter><path value="code"/></codeFilter></dataRequirement><dataRequirement><type value="Encounter"/><profile value="http://hl7.org/fhir/StructureDefinition/Encounter"/></dataRequirement><dataRequirement><type value="AllergyIntolerance"/><profile value="http://hl7.org/fhir/StructureDefinition/AllergyIntolerance"/><codeFilter><path value="code"/></codeFilter></dataRequirement><content><contentType value="text/cql"/><data/></content><content><contentType value="application/elm+xml"/><data/></content></Library>