<?xml version="1.0" encoding="UTF-8"?><Library xmlns="http://hl7.org/fhir"><id value="library-LungCancerScreening"/><extension url="http://hl7.org/fhir/us/cqfmeasures/StructureDefinition/cqfm-softwaresystem"><valueReference><reference value="cqf-tooling"/></valueReference></extension><url value="http://fhir.org/guides/preventive-care/Library/LungCancerScreening"/><version value="1.0.0"/><name value="LungCancerScreening"/><status value="draft"/><date value="2021-09-03T16:48:06+00:00"/><publisher value="U.S. Preventive Services Task Force (USPSTF)"/><contact><telecom><system value="url"/><value value="https://www.uspreventiveservicestaskforce.org/uspstf/"/></telecom></contact><jurisdiction><coding><system value="http://unstats.un.org/unsd/methods/m49/m49.htm"/><code value="001"/></coding></jurisdiction><relatedArtifact><type value="depends-on"/><display value="FHIR model information"/><resource value="http://fhir.org/guides/cqf/common/Library/FHIR-ModelInfo|4.0.1"/></relatedArtifact><relatedArtifact><type value="depends-on"/><display value="Library FHIRHelpers"/><resource value="http://hl7.org/fhir/Library/FHIRHelpers|4.0.1"/></relatedArtifact><relatedArtifact><type value="depends-on"/><display value="Library FC"/><resource value="http://fhir.org/guides/preventive-care/Library/FHIRCommon|4.0.1"/></relatedArtifact><relatedArtifact><type value="depends-on"/><display value="Library FHIRHelpers"/><resource value="http://hl7.org/fhir/Library/FHIRHelpers|4.0.1"/></relatedArtifact><relatedArtifact><type value="depends-on"/><display value="Code system SNOMED"/><resource value="http://snomed.info/sct"/></relatedArtifact><relatedArtifact><type value="depends-on"/><display value="Code system UTAH_EDU"/><resource value="http://utah.edu/epic/proc_code"/></relatedArtifact><relatedArtifact><type value="depends-on"/><display value="Code system LOINC"/><resource value="http://loinc.org"/></relatedArtifact><relatedArtifact><type value="depends-on"/><display value="Value set Lung Cancer"/><resource value="http://cts.nlm.nih.gov/fhir/ValueSet/2.16.840.1.113762.1.4.1116.89"/></relatedArtifact><relatedArtifact><type value="depends-on"/><display value="Value set Smoking Status"/><resource value="http://hl7.org/fhir/us/core/ValueSet/us-core-observation-smokingstatus"/></relatedArtifact><relatedArtifact><type value="depends-on"/><display value="Value set Current Smoker"/><resource value="http://fhir.org/guides/utah-edu/lcs-cds/ValueSet/currentsmoker"/></relatedArtifact><relatedArtifact><type value="depends-on"/><display value="Value set Chest CT"/><resource value="http://fhir.org/guides/utah-edu/lcs-cds/ValueSet/chest-ct-proc-code"/></relatedArtifact><relatedArtifact><type value="depends-on"/><display value="Value set Condition Clinical Status"/><resource value="http://fhir.org/guides/utah-edu/lcs-cds/ValueSet/conditionclinical"/></relatedArtifact><parameter><name value="Patient"/><use value="out"/><min value="0"/><max value="1"/><type value="Patient"/></parameter><parameter><name value="Patient age in years based on date of birth"/><use value="out"/><min value="0"/><max value="1"/><type value="integer"/></parameter><parameter><name value="Smoking status observation"/><use value="out"/><min value="0"/><max value="*"/><type value="Observation"/></parameter><parameter><name value="Lung cancer diagnosis"/><use value="out"/><min value="0"/><max value="*"/><type value="Condition"/></parameter><parameter><name value="Chest CT procedure"/><use value="out"/><min value="0"/><max value="*"/><type value="Procedure"/></parameter><parameter><name value="55 through 80"/><use value="out"/><min value="0"/><max value="1"/><type value="boolean"/></parameter><parameter><name value="Most recent smoking status observation"/><use value="out"/><min value="0"/><max value="1"/><type value="Observation"/></parameter><parameter><name value="Current smoker observation"/><use value="out"/><min value="0"/><max value="1"/><type value="Observation"/></parameter><parameter><name value="Former smoker observation"/><use value="out"/><min value="0"/><max value="1"/><type value="Observation"/></parameter><parameter><name value="Is current smoker"/><use value="out"/><min value="0"/><max value="1"/><type value="boolean"/></parameter><parameter><name value="Is former smoker who quit within past 15 years"/><use value="out"/><min value="0"/><max value="1"/><type value="boolean"/></parameter><parameter><name value="Pack-years"/><use value="out"/><min value="0"/><max value="1"/><type value="Quantity"/></parameter><parameter><name value="Has 30 pack-year smoking history"/><use value="out"/><min value="0"/><max value="1"/><type value="boolean"/></parameter><parameter><name value="Has lung cancer"/><use value="out"/><min value="0"/><max value="1"/><type value="boolean"/></parameter><parameter><name value="Had chest CT in past year"/><use value="out"/><min value="0"/><max value="1"/><type value="boolean"/></parameter><parameter><name value="Inclusion Criteria"/><use value="out"/><min value="0"/><max value="1"/><type value="boolean"/></parameter><parameter><name value="Is Eligible Detail"/><use value="out"/><min value="0"/><max value="1"/><type value="string"/></parameter><parameter><name value="Is Eligible Summary"/><use value="out"/><min value="0"/><max value="1"/><type value="string"/></parameter><parameter><name value="Is Eligible Indicator"/><use value="out"/><min value="0"/><max value="1"/><type value="string"/></parameter><parameter><name value="Exclusion Criteria"/><use value="out"/><min value="0"/><max value="1"/><type value="boolean"/></parameter><parameter><name value="Exclusion Detail"/><use value="out"/><min value="0"/><max value="1"/><type value="string"/></parameter><parameter><name value="Exclusion Summary"/><use value="out"/><min value="0"/><max value="1"/><type value="string"/></parameter><parameter><name value="Exclusion Indicator"/><use value="out"/><min value="0"/><max value="1"/><type value="string"/></parameter><dataRequirement><type value="Patient"/><profile value="http://hl7.org/fhir/StructureDefinition/Patient"/></dataRequirement><dataRequirement><type value="Observation"/><profile value="http://hl7.org/fhir/StructureDefinition/Observation"/><codeFilter><path value="code"/><code><system value="http://loinc.org"/><code value="72166-2"/></code></codeFilter></dataRequirement><dataRequirement><type value="Condition"/><profile value="http://hl7.org/fhir/StructureDefinition/Condition"/><codeFilter><path value="code"/><valueSet value="http://cts.nlm.nih.gov/fhir/ValueSet/2.16.840.1.113762.1.4.1116.89"/></codeFilter><codeFilter><path value="clinicalStatus"/><valueSet value="http://fhir.org/guides/utah-edu/lcs-cds/ValueSet/conditionclinical"/></codeFilter></dataRequirement><dataRequirement><type value="Procedure"/><profile value="http://hl7.org/fhir/StructureDefinition/Procedure"/><codeFilter><path value="code"/><valueSet value="http://fhir.org/guides/utah-edu/lcs-cds/ValueSet/chest-ct-proc-code"/></codeFilter><codeFilter><path value="status"/><code><code value="completed"/></code></codeFilter></dataRequirement><dataRequirement><type value="Observation"/><profile value="http://hl7.org/fhir/StructureDefinition/Observation"/><codeFilter><path value="code"/><code><system value="http://loinc.org"/><code value="72166-2"/></code></codeFilter></dataRequirement><dataRequirement><type value="Observation"/><profile value="http://hl7.org/fhir/StructureDefinition/Observation"/><codeFilter><path value="code"/><code><system value="http://loinc.org"/><code value="72166-2"/></code></codeFilter><codeFilter><path value="value"/><valueSet value="http://fhir.org/guides/utah-edu/lcs-cds/ValueSet/currentsmoker"/></codeFilter></dataRequirement><dataRequirement><type value="Observation"/><profile value="http://hl7.org/fhir/StructureDefinition/Observation"/><codeFilter><path value="code"/><code><system value="http://loinc.org"/><code value="72166-2"/></code></codeFilter><codeFilter><path value="value"/></codeFilter></dataRequirement><dataRequirement><type value="Observation"/><profile value="http://hl7.org/fhir/StructureDefinition/Observation"/><codeFilter><path value="code"/><code><system value="http://loinc.org"/><code value="72166-2"/></code></codeFilter><codeFilter><path value="value"/></codeFilter></dataRequirement><dataRequirement><type value="Observation"/><profile value="http://hl7.org/fhir/StructureDefinition/Observation"/><codeFilter><path value="code"/><code><system value="http://loinc.org"/><code value="72166-2"/></code></codeFilter></dataRequirement><dataRequirement><type value="Procedure"/><profile value="http://hl7.org/fhir/StructureDefinition/Procedure"/><codeFilter><path value="code"/><valueSet value="http://fhir.org/guides/utah-edu/lcs-cds/ValueSet/chest-ct-proc-code"/></codeFilter><codeFilter><path value="status"/><code><code value="completed"/></code></codeFilter></dataRequirement><content><contentType value="text/cql"/><data/></content><content><contentType value="application/elm+xml"/><data/></content></Library>