<?xml version="1.0" encoding="UTF-8"?><Library xmlns="http://hl7.org/fhir"><id value="library-ProstateCancerSummary"/><extension url="http://hl7.org/fhir/us/cqfmeasures/StructureDefinition/cqfm-softwaresystem"><valueReference><reference value="cqf-tooling"/></valueReference></extension><url value="http://fhir.org/guides/preventive-care/Library/ProstateCancerSummary"/><version value="1.0.0"/><name value="ProstateCancerSummary"/><status value="draft"/><date value="2021-09-03T16:48:06+00:00"/><publisher value="U.S. Preventive Services Task Force (USPSTF)"/><contact><telecom><system value="url"/><value value="https://www.uspreventiveservicestaskforce.org/uspstf/"/></telecom></contact><jurisdiction><coding><system value="http://unstats.un.org/unsd/methods/m49/m49.htm"/><code value="001"/></coding></jurisdiction><content><contentType value="text/cql"/><data/></content><content><contentType value="application/elm+xml"/><data/></content></Library>