<?xml version="1.0" encoding="UTF-8"?><Library xmlns="http://hl7.org/fhir"><id value="ProstateCancerScreening"/><meta><profile value="http://hl7.org/fhir/uv/cpg/StructureDefinition/cpg-shareablelibrary"/><profile value="http://hl7.org/fhir/uv/cpg/StructureDefinition/cpg-computablelibrary"/><profile value="http://hl7.org/fhir/uv/cpg/StructureDefinition/cpg-publishablelibrary"/><profile value="http://hl7.org/fhir/uv/cpg/StructureDefinition/cpg-executablelibrary"/></meta><extension url="http://hl7.org/fhir/uv/cpg/StructureDefinition/cpg-knowledgeCapability"><valueCode value="shareable"/></extension><extension url="http://hl7.org/fhir/uv/cpg/StructureDefinition/cpg-knowledgeCapability"><valueCode value="computable"/></extension><extension url="http://hl7.org/fhir/uv/cpg/StructureDefinition/cpg-knowledgeCapability"><valueCode value="publishable"/></extension><extension url="http://hl7.org/fhir/uv/cpg/StructureDefinition/cpg-knowledgeCapability"><valueCode value="executable"/></extension><extension url="http://hl7.org/fhir/uv/cpg/StructureDefinition/cpg-knowledgeRepresentationLevel"><valueCode value="structured"/></extension><url value="http://fhir.org/guides/preventive-care/Library/ProstateCancerScreening"/><version value="1.0.0"/><name value="ProstateCancerScreening"/><title value="CQL Library - CDS Logic for Prostate Cancer Screening and Personalized Care Plans"/><status value="active"/><experimental value="true"/><type><coding><system value="http://terminology.hl7.org/CodeSystem/library-type"/><code value="logic-library"/></coding></type><date value="2021-04-13T02:06:34+00:00"/><publisher value="U.S. Preventive Services Task Force (USPSTF)"/><contact><telecom><system value="url"/><value value="https://www.uspreventiveservicestaskforce.org/uspstf/"/></telecom></contact><description value="This library contains logic to support prostate cancer screening and personalized, patient-centered care plans."/><useContext><code><system value="http://terminology.hl7.org/CodeSystem/usage-context-type"/><code value="focus"/><display value="Clinical Focus"/></code><valueCodeableConcept><coding><system value="http://snomed.info/sct"/><code value="254900004"/><display value="Carcinoma of prostate (disorder)"/></coding></valueCodeableConcept></useContext><jurisdiction><coding><system value="http://unstats.un.org/unsd/methods/m49/m49.htm"/><code value="001"/></coding></jurisdiction><relatedArtifact><type value="depends-on"/><resource value="http://hl7.org/fhir/Library/FHIR-ModelInfo|4.0.1"/></relatedArtifact><relatedArtifact><type value="depends-on"/><resource value="http://hl7.org/fhir/Library/FHIRHelpers|4.0.1"/></relatedArtifact><relatedArtifact><type value="depends-on"/><resource value="http://fhir.org/guides/preventive-care/Library/CDSConnectCommons|1.0.0"/></relatedArtifact><relatedArtifact><type value="depends-on"/><resource value="http://fhir.org/guides/preventive-care/Library/PreventiveCareConcepts|1.0.0"/></relatedArtifact><relatedArtifact><type value="depends-on"/><resource value="http://fhir.org/guides/preventive-care/Library/PreventiveCareData|1.0.0"/></relatedArtifact><parameter><name value="Patient"/><use value="out"/><min value="0"/><max value="1"/><type value="Patient"/></parameter><parameter><name value="PSA Observations"/><use value="out"/><min value="0"/><max value="*"/><type value="Observation"/></parameter><parameter><name value="No PSA test results"/><use value="out"/><min value="0"/><max value="1"/><type value="boolean"/></parameter><parameter><name value="Has PSA within two years"/><use value="out"/><min value="0"/><max value="1"/><type value="boolean"/></parameter><parameter><name value="Needs Prostate Cancer Screening"/><use value="out"/><min value="0"/><max value="1"/><type value="boolean"/></parameter><parameter><name value="Prostate cancer conditions"/><use value="out"/><min value="0"/><max value="*"/><type value="Condition"/></parameter><parameter><name value="Has prostate cancer Hx"/><use value="out"/><min value="0"/><max value="1"/><type value="boolean"/></parameter><parameter><name value="Has family history of prostate cancer"/><use value="out"/><min value="0"/><max value="1"/><type value="boolean"/></parameter><parameter><name value="Last PSA"/><use value="out"/><min value="0"/><max value="1"/><type value="Observation"/></parameter><parameter><name value="Last PSA value"/><use value="out"/><min value="0"/><max value="1"/><type value="decimal"/></parameter><parameter><name value="Last PSA date"/><use value="out"/><min value="0"/><max value="1"/><type value="dateTime"/></parameter><parameter><name value="Has PSA test"/><use value="out"/><min value="0"/><max value="1"/><type value="boolean"/></parameter><parameter><name value="Has PSA within one year"/><use value="out"/><min value="0"/><max value="1"/><type value="boolean"/></parameter><parameter><name value="Has high PSA value"/><use value="out"/><min value="0"/><max value="1"/><type value="boolean"/></parameter><parameter><name value="Last PSA value is high"/><use value="out"/><min value="0"/><max value="1"/><type value="boolean"/></parameter><content><contentType value="text/cql"/><data/></content><content><contentType value="application/elm+xml"/><data/></content><content><contentType value="application/elm+json"/><data/></content></Library>