<?xml version="1.0" encoding="UTF-8"?><PlanDefinition xmlns="http://hl7.org/fhir"><id value="PreventiveCareScreening"/><meta><profile value="http://hl7.org/fhir/uv/cpg/StructureDefinition/cpg-recommendationdefinition"/></meta><extension url="http://hl7.org/fhir/uv/cpg/StructureDefinition/cpg-knowledgeCapability"><valueCode value="shareable"/></extension><extension url="http://hl7.org/fhir/uv/cpg/StructureDefinition/cpg-knowledgeCapability"><valueCode value="computable"/></extension><extension url="http://hl7.org/fhir/uv/cpg/StructureDefinition/cpg-knowledgeCapability"><valueCode value="publishable"/></extension><url value="http://fhir.org/guides/preventive-care/PlanDefinition/PreventiveCareScreening"/><identifier><use value="official"/><value value="PlanDefinition_PreventiveCareScreening"/></identifier><version value="1.0.0"/><name value="ProstateCancerScreening"/><title value="PlanDefinition - Recommendations on Prostate Cancer Screening"/><type><coding><system value="http://terminology.hl7.org/CodeSystem/plan-definition-type"/><code value="eca-rule"/><display value="ECA Rule"/></coding></type><status value="draft"/><experimental value="true"/><date value="2021-03-05"/><publisher value="U.S. Preventive Services Task Force (USPSTF)"/><contact><telecom><system value="url"/><value value="https://www.uspreventiveservicestaskforce.org/uspstf/"/></telecom></contact><description value="Recommends decision-making on preventive care screening for Prostate Cancer."/><jurisdiction><coding><system value="http://unstats.un.org/unsd/methods/m49/m49.htm"/><code value="001"/></coding></jurisdiction><copyright value="&#xA9; U.S. Preventive Services Task Force (USPSTF) 2020+."/><library value="http://fhir.org/guides/preventive-care/Library/PreventiveCareHooks"/><action><title value="Recommendations on Prostate Cancer Screening"/><description value="Recommends decision-making on preventive care screening for Prostate Cancer."/><documentation><type value="documentation"/><display value="USPSTF recommendation for prostate cancer testing"/><url value="http://www.uspreventiveservicestaskforce.org/Page/Topic/recommendation-summary/prostate-cancer-screening?ds=1&amp;s=prostate%20cancer"/></documentation><trigger><type value="named-event"/><name value="patient-view"/></trigger><condition><kind value="applicability"/><expression><language value="text/cql"/><expression value="Needs Prostate Cancer Screening"/></expression></condition><dynamicValue><path value="action.title"/><expression><language value="text/cql"/><expression value="Needs Prostate Cancer Screening Summary"/></expression></dynamicValue><dynamicValue><path value="action.description"/><expression><language value="text/cql"/><expression value="Needs Prostate Cancer Screening Detail"/></expression></dynamicValue><dynamicValue><path value="action.extension"/><expression><language value="text/cql"/><expression value="Needs Prostate Cancer Screening Indicator"/></expression></dynamicValue></action></PlanDefinition>