<?xml version="1.0" encoding="UTF-8"?><PlanDefinition xmlns="http://hl7.org/fhir"><id value="PreventiveCarePlanning"/><meta><profile value="http://hl7.org/fhir/uv/cpg/StructureDefinition/cpg-pathwaydefinition"/></meta><extension url="http://hl7.org/fhir/uv/cpg/StructureDefinition/cpg-knowledgeCapability"><valueCode value="shareable"/></extension><extension url="http://hl7.org/fhir/uv/cpg/StructureDefinition/cpg-knowledgeCapability"><valueCode value="computable"/></extension><extension url="http://hl7.org/fhir/uv/cpg/StructureDefinition/cpg-knowledgeCapability"><valueCode value="publishable"/></extension><url value="http://fhir.org/guides/preventive-care/PlanDefinition/PreventiveCarePlanning"/><identifier><use value="official"/><value value="PlanDefinition_PreventiveCarePlanning"/></identifier><version value="1.0.0"/><name value="ProstateCancerScreening"/><title value="PlanDefinition - Patient-Directed Care Plan for Prostate Cancer Screening"/><type><coding><system value="http://terminology.hl7.org/CodeSystem/plan-definition-type"/><code value="clinical-protocol"/></coding></type><status value="draft"/><experimental value="true"/><date value="2021-03-08"/><publisher value="U.S. Preventive Services Task Force (USPSTF)"/><contact><telecom><system value="url"/><value value="https://www.uspreventiveservicestaskforce.org/uspstf/"/></telecom></contact><description value="Create a patient-directed preventive care plan for Prostate Cancer screening."/><jurisdiction><coding><system value="http://unstats.un.org/unsd/methods/m49/m49.htm"/><code value="001"/></coding></jurisdiction><copyright value="&#xA9; U.S. Preventive Services Task Force (USPSTF) 2020+."/><library value="http://fhir.org/guides/preventive-care/Library/ProstateCancerScreening"/><action><title value="Next Step PSA test in 12 months"/><description value="Next Step PSA test in 12 months"/><code><coding><system value="http://hl7.org/fhir/uv/cpg/CodeSystem/cpg-common-process"/><code value="guideline-based-care"/></coding></code><definitionCanonical value="http://fhir.org/guides/preventive-care/ActivityDefinition/NextStepAction"/></action><action><title value="Next Step PSA test in 24 months"/><description value="Next Step PSA test in 24 months"/><code><coding><system value="http://hl7.org/fhir/uv/cpg/CodeSystem/cpg-common-process"/><code value="guideline-based-care"/></coding></code><definitionCanonical value="http://fhir.org/guides/preventive-care/ActivityDefinition/NextStepAction"/></action></PlanDefinition>