<?xml version="1.0" encoding="UTF-8"?><ValueSet xmlns="http://hl7.org/fhir"><id value="2.16.840.1.113883.3.464.1003.198.12.1070"/><text><status value="generated"/><div xmlns="http://www.w3.org/1999/xhtml"><p>This value set contains 3 concepts</p><table class="codes"><tr><td style="white-space:nowrap"><b>Code</b></td><td><b>System</b></td><td><b>Display</b></td><td><b>Definition</b></td></tr><tr><td style="white-space:nowrap"><a name="http---hl7.org-fhir-sid-icd-10-cm-Z90.11"> </a>Z90.11</td><td>http://hl7.org/fhir/sid/icd-10-cm</td><td>Acquired absence of right breast and nipple</td><td/></tr><tr><td style="white-space:nowrap"><a name="http---snomed.info-sct-137681000119108"> </a><a href="http://browser.ihtsdotools.org/?perspective=full&amp;conceptId1=137681000119108">137681000119108</a></td><td>http://snomed.info/sct</td><td>History of prophylactic mastectomy of right breast (situation)</td><td/></tr><tr><td style="white-space:nowrap"><a name="http---snomed.info-sct-429242008"> </a><a href="http://browser.ihtsdotools.org/?perspective=full&amp;conceptId1=429242008">429242008</a></td><td>http://snomed.info/sct</td><td>History of right mastectomy (situation)</td><td/></tr></table></div></text><url value="http://cts.nlm.nih.gov/fhir/ValueSet/2.16.840.1.113883.3.464.1003.198.12.1070"/><identifier><system value="urn:ietf:rfc:3986"/><value value="2.16.840.1.113883.3.464.1003.198.12.1070"/></identifier><version value="1.0.0"/><name value="StatusPostRightMastectomy"/><title value="Status Post Right Mastectomy"/><status value="active"/><experimental value="false"/><date value="2021-09-03T16:48:06+00:00"/><publisher value="U.S. Preventive Services Task Force (USPSTF)"/><contact><telecom><system value="url"/><value value="https://www.uspreventiveservicestaskforce.org/uspstf/"/></telecom></contact><jurisdiction><coding><system value="http://unstats.un.org/unsd/methods/m49/m49.htm"/><code value="001"/></coding></jurisdiction><expansion><identifier value="20200507"/><timestamp value="2021-01-14T20:59:46-07:00"/><contains><system value="http://hl7.org/fhir/sid/icd-10-cm"/><version value="2020"/><code value="Z90.11"/><display value="Acquired absence of right breast and nipple"/></contains><contains><system value="http://snomed.info/sct"/><version value="2019-09"/><code value="137681000119108"/><display value="History of prophylactic mastectomy of right breast (situation)"/></contains><contains><system value="http://snomed.info/sct"/><version value="2019-09"/><code value="429242008"/><display value="History of right mastectomy (situation)"/></contains></expansion></ValueSet>