<?xml version="1.0" encoding="UTF-8"?><ValueSet xmlns="http://hl7.org/fhir"><id value="conditionclinical"/><meta><profile value="http://hl7.org/fhir/StructureDefinition/shareablevalueset"/><profile value="http://hl7.org/fhir/uv/cpg/StructureDefinition/cpg-executablevalueset"/></meta><text><status value="generated"/><div xmlns="http://www.w3.org/1999/xhtml"><p>This value set contains 3 concepts</p><p>All codes in this table are from the system <a href="http://terminology.hl7.org/2.1.0/CodeSystem-condition-clinical.html"><code>http://terminology.hl7.org/CodeSystem/condition-clinical</code></a></p><table class="codes"><tr><td style="white-space:nowrap"><b>Code</b></td><td><b>Display</b></td><td><b>Definition</b></td></tr><tr><td style="white-space:nowrap"><a name="http---terminology.hl7.org-CodeSystem-condition-clinical-active"> </a><a href="http://terminology.hl7.org/2.1.0/CodeSystem-condition-clinical.html#condition-clinical-active">active</a></td><td>Active</td><td>The subject is currently experiencing the condition or situation, there is evidence of the condition or situation, or considered to be a significant risk.</td></tr><tr><td style="white-space:nowrap"><a name="http---terminology.hl7.org-CodeSystem-condition-clinical-recurrence"> </a><a href="http://terminology.hl7.org/2.1.0/CodeSystem-condition-clinical.html#condition-clinical-recurrence">recurrence</a></td><td>Recurrence</td><td>The subject is experiencing a reoccurence or repeating of a previously resolved condition or situation, e.g. urinary tract infection, food insecurity.</td></tr><tr><td style="white-space:nowrap"><a name="http---terminology.hl7.org-CodeSystem-condition-clinical-relapse"> </a><a href="http://terminology.hl7.org/2.1.0/CodeSystem-condition-clinical.html#condition-clinical-relapse">relapse</a></td><td>Relapse</td><td>The subject is experiencing a return of a condition or situation after a period of improvement or remission, e.g. relapse of cancer, alcoholism.</td></tr></table></div></text><extension url="http://hl7.org/fhir/uv/cpg/StructureDefinition/cpg-knowledgeCapability"><valueString value="executable"/></extension><extension url="http://hl7.org/fhir/uv/cpg/StructureDefinition/cpg-knowledgeRepresentationLevel"><valueString value="executable"/></extension><url value="http://fhir.org/guides/utah-edu/lcs-cds/ValueSet/conditionclinical"/><version value="1.0.0"/><name value="ConditionClinical"/><title value="Condition Clinical Status"/><status value="draft"/><experimental value="false"/><date value="2020-03-21T00:00:00+00:00"/><publisher value="U.S. Preventive Services Task Force (USPSTF)"/><contact><telecom><system value="url"/><value value="https://www.uspreventiveservicestaskforce.org/uspstf/"/></telecom></contact><description value="Value set for Active Condition Clinical Status."/><jurisdiction><coding><system value="http://unstats.un.org/unsd/methods/m49/m49.htm"/><code value="001"/></coding></jurisdiction><immutable value="true"/><compose><include><system value="http://terminology.hl7.org/CodeSystem/condition-clinical"/><concept><code value="active"/><display value="Active"/></concept><concept><code value="recurrence"/><display value="Recurrence"/></concept><concept><code value="relapse"/><display value="Relapse"/></concept></include></compose><expansion><timestamp value="2021-06-04T14:54:23-06:00"/><contains><system value="http://terminology.hl7.org/CodeSystem/condition-clinical"/><code value="active"/><display value="Active"/></contains><contains><system value="http://terminology.hl7.org/CodeSystem/condition-clinical"/><code value="recurrence"/><display value="Recurrence"/></contains><contains><system value="http://terminology.hl7.org/CodeSystem/condition-clinical"/><code value="relapse"/><display value="Relapse"/></contains></expansion></ValueSet>