<?xml version="1.0" encoding="UTF-8"?><ValueSet xmlns="http://hl7.org/fhir"><id value="us-core-observation-smokingstatus"/><meta><profile value="http://hl7.org/fhir/uv/cpg/StructureDefinition/cpg-executablevalueset"/></meta><text><status value="generated"/><div xmlns="http://www.w3.org/1999/xhtml"><p>This value set contains 8 concepts</p><p>All codes in this table are from the system <a href="http://terminology.hl7.org/2.1.0/CodeSystem-v3-snomed-CT.html"><code>http://snomed.info/sct</code></a></p><table class="codes"><tr><td style="white-space:nowrap"><b>Code</b></td><td><b>Display</b></td><td><b>Definition</b></td></tr><tr><td style="white-space:nowrap"><a name="http---snomed.info-sct-449868002"> </a><a href="http://browser.ihtsdotools.org/?perspective=full&amp;conceptId1=449868002">449868002</a></td><td>Current every day smoker</td><td/></tr><tr><td style="white-space:nowrap"><a name="http---snomed.info-sct-428041000124106"> </a><a href="http://browser.ihtsdotools.org/?perspective=full&amp;conceptId1=428041000124106">428041000124106</a></td><td>Current some day smoker</td><td/></tr><tr><td style="white-space:nowrap"><a name="http---snomed.info-sct-8517006"> </a><a href="http://browser.ihtsdotools.org/?perspective=full&amp;conceptId1=8517006">8517006</a></td><td>Former smoker</td><td/></tr><tr><td style="white-space:nowrap"><a name="http---snomed.info-sct-266919005"> </a><a href="http://browser.ihtsdotools.org/?perspective=full&amp;conceptId1=266919005">266919005</a></td><td>Never smoker</td><td/></tr><tr><td style="white-space:nowrap"><a name="http---snomed.info-sct-77176002"> </a><a href="http://browser.ihtsdotools.org/?perspective=full&amp;conceptId1=77176002">77176002</a></td><td>Smoker, current status unknown</td><td/></tr><tr><td style="white-space:nowrap"><a name="http---snomed.info-sct-266927001"> </a><a href="http://browser.ihtsdotools.org/?perspective=full&amp;conceptId1=266927001">266927001</a></td><td>Unknown if ever smoked</td><td/></tr><tr><td style="white-space:nowrap"><a name="http---snomed.info-sct-428071000124103"> </a><a href="http://browser.ihtsdotools.org/?perspective=full&amp;conceptId1=428071000124103">428071000124103</a></td><td>Current Heavy tobacco smoker</td><td/></tr><tr><td style="white-space:nowrap"><a name="http---snomed.info-sct-428061000124105"> </a><a href="http://browser.ihtsdotools.org/?perspective=full&amp;conceptId1=428061000124105">428061000124105</a></td><td>Current Light tobacco smoker</td><td/></tr></table></div></text><extension url="http://hl7.org/fhir/uv/cpg/StructureDefinition/cpg-knowledgeCapability"><valueString value="executable"/></extension><extension url="http://hl7.org/fhir/uv/cpg/StructureDefinition/cpg-knowledgeRepresentationLevel"><valueString value="executable"/></extension><url value="http://hl7.org/fhir/us/core/ValueSet/us-core-observation-smokingstatus"/><identifier><system value="urn:ietf:rfc:3986"/><value value="urn:oid:2.16.840.1.113883.4.642.2.602"/></identifier><version value="1.0.0"/><name value="USCoreSmokingStatus"/><title value="US Core Smoking Status"/><status value="active"/><date value="2019-05-21T00:00:00+10:00"/><publisher value="U.S. Preventive Services Task Force (USPSTF)"/><contact><telecom><system value="url"/><value value="https://www.uspreventiveservicestaskforce.org/uspstf/"/></telecom></contact><description value="This value set indicates the current smoking status of a patient."/><jurisdiction><coding><system value="http://unstats.un.org/unsd/methods/m49/m49.htm"/><code value="001"/></coding></jurisdiction><copyright value="This value set includes content from SNOMED CT, which is copyright © 2002+ International Health Terminology Standards Development Organisation (IHTSDO), and distributed by agreement between IHTSDO and HL7. Implementer use of SNOMED CT is not covered by this agreement"/><compose><include><system value="http://snomed.info/sct"/><concept><code value="449868002"/><display value="Current every day smoker"/></concept><concept><code value="428041000124106"/><display value="Current some day smoker"/></concept><concept><code value="8517006"/><display value="Former smoker"/></concept><concept><code value="266919005"/><display value="Never smoker"/></concept><concept><code value="77176002"/><display value="Smoker, current status unknown"/></concept><concept><code value="266927001"/><display value="Unknown if ever smoked"/></concept><concept><code value="428071000124103"/><display value="Current Heavy tobacco smoker"/></concept><concept><code value="428061000124105"/><display value="Current Light tobacco smoker"/></concept></include></compose><expansion><timestamp value="2021-06-04T14:54:23-06:00"/><contains><system value="http://snomed.info/sct"/><code value="449868002"/><display value="Current every day smoker"/></contains><contains><system value="http://snomed.info/sct"/><code value="428041000124106"/><display value="Current some day smoker"/></contains><contains><system value="http://snomed.info/sct"/><code value="8517006"/><display value="Former smoker"/></contains><contains><system value="http://snomed.info/sct"/><code value="266919005"/><display value="Never smoker"/></contains><contains><system value="http://snomed.info/sct"/><code value="77176002"/><display value="Smoker, current status unknown"/></contains><contains><system value="http://snomed.info/sct"/><code value="266927001"/><display value="Unknown if ever smoked"/></contains><contains><system value="http://snomed.info/sct"/><code value="428071000124103"/><display value="Current Heavy tobacco smoker"/></contains><contains><system value="http://snomed.info/sct"/><code value="428061000124105"/><display value="Current Light tobacco smoker"/></contains></expansion></ValueSet>