<?xml version="1.0" encoding="UTF-8"?><ValueSet xmlns="http://hl7.org/fhir"><id value="2.16.840.1.113883.3.464.1003.108.12.1020"/><text><status value="generated"/><div xmlns="http://www.w3.org/1999/xhtml"><p>This value set contains 54 concepts</p><table class="codes"><tr><td style="white-space:nowrap"><b>Code</b></td><td><b>System</b></td><td><b>Display</b></td><td><b>Definition</b></td></tr><tr><td style="white-space:nowrap"><a name="http---www.ama-assn.org-go-cpt-44388"> </a>44388</td><td>http://www.ama-assn.org/go/cpt</td><td>Colonoscopy through stoma; diagnostic, including collection of specimen(s) by brushing or washing, when performed (separate procedure)</td><td/></tr><tr><td style="white-space:nowrap"><a name="http---www.ama-assn.org-go-cpt-44389"> </a>44389</td><td>http://www.ama-assn.org/go/cpt</td><td>Colonoscopy through stoma; with biopsy, single or multiple</td><td/></tr><tr><td style="white-space:nowrap"><a name="http---www.ama-assn.org-go-cpt-44390"> </a>44390</td><td>http://www.ama-assn.org/go/cpt</td><td>Colonoscopy through stoma; with removal of foreign body(s)</td><td/></tr><tr><td style="white-space:nowrap"><a name="http---www.ama-assn.org-go-cpt-44391"> </a>44391</td><td>http://www.ama-assn.org/go/cpt</td><td>Colonoscopy through stoma; with control of bleeding, any method</td><td/></tr><tr><td style="white-space:nowrap"><a name="http---www.ama-assn.org-go-cpt-44392"> </a>44392</td><td>http://www.ama-assn.org/go/cpt</td><td>Colonoscopy through stoma; with removal of tumor(s), polyp(s), or other lesion(s) by hot biopsy forceps</td><td/></tr><tr><td style="white-space:nowrap"><a name="http---www.ama-assn.org-go-cpt-44394"> </a>44394</td><td>http://www.ama-assn.org/go/cpt</td><td>Colonoscopy through stoma; with removal of tumor(s), polyp(s), or other lesion(s) by snare technique</td><td/></tr><tr><td style="white-space:nowrap"><a name="http---www.ama-assn.org-go-cpt-44401"> </a>44401</td><td>http://www.ama-assn.org/go/cpt</td><td>Colonoscopy through stoma; with ablation of tumor(s), polyp(s), or other lesion(s) (includes pre-and post-dilation and guide wire passage, when performed)</td><td/></tr><tr><td style="white-space:nowrap"><a name="http---www.ama-assn.org-go-cpt-44402"> </a>44402</td><td>http://www.ama-assn.org/go/cpt</td><td>Colonoscopy through stoma; with endoscopic stent placement (including pre- and post-dilation and guide wire passage, when performed)</td><td/></tr><tr><td style="white-space:nowrap"><a name="http---www.ama-assn.org-go-cpt-44403"> </a>44403</td><td>http://www.ama-assn.org/go/cpt</td><td>Colonoscopy through stoma; with endoscopic mucosal resection</td><td/></tr><tr><td style="white-space:nowrap"><a name="http---www.ama-assn.org-go-cpt-44404"> </a>44404</td><td>http://www.ama-assn.org/go/cpt</td><td>Colonoscopy through stoma; with directed submucosal injection(s), any substance</td><td/></tr><tr><td style="white-space:nowrap"><a name="http---www.ama-assn.org-go-cpt-44405"> </a>44405</td><td>http://www.ama-assn.org/go/cpt</td><td>Colonoscopy through stoma; with transendoscopic balloon dilation</td><td/></tr><tr><td style="white-space:nowrap"><a name="http---www.ama-assn.org-go-cpt-44406"> </a>44406</td><td>http://www.ama-assn.org/go/cpt</td><td>Colonoscopy through stoma; with endoscopic ultrasound examination, limited to the sigmoid, descending, transverse, or ascending colon and cecum and adjacent structures</td><td/></tr><tr><td style="white-space:nowrap"><a name="http---www.ama-assn.org-go-cpt-44407"> </a>44407</td><td>http://www.ama-assn.org/go/cpt</td><td>Colonoscopy through stoma; with transendoscopic ultrasound guided intramural or transmural fine needle aspiration/biopsy(s), includes endoscopic ultrasound examination limited to the sigmoid, descending, transverse, or ascending colon and cecum and adjacent structures</td><td/></tr><tr><td style="white-space:nowrap"><a name="http---www.ama-assn.org-go-cpt-44408"> </a>44408</td><td>http://www.ama-assn.org/go/cpt</td><td>Colonoscopy through stoma; with decompression (for pathologic distention) (eg, volvulus, megacolon), including placement of decompression tube, when performed</td><td/></tr><tr><td style="white-space:nowrap"><a name="http---www.ama-assn.org-go-cpt-45378"> </a>45378</td><td>http://www.ama-assn.org/go/cpt</td><td>Colonoscopy, flexible; diagnostic, including collection of specimen(s) by brushing or washing, when performed (separate procedure)</td><td/></tr><tr><td style="white-space:nowrap"><a name="http---www.ama-assn.org-go-cpt-45379"> </a>45379</td><td>http://www.ama-assn.org/go/cpt</td><td>Colonoscopy, flexible; with removal of foreign body(s)</td><td/></tr><tr><td style="white-space:nowrap"><a name="http---www.ama-assn.org-go-cpt-45380"> </a>45380</td><td>http://www.ama-assn.org/go/cpt</td><td>Colonoscopy, flexible; with biopsy, single or multiple</td><td/></tr><tr><td style="white-space:nowrap"><a name="http---www.ama-assn.org-go-cpt-45381"> </a>45381</td><td>http://www.ama-assn.org/go/cpt</td><td>Colonoscopy, flexible; with directed submucosal injection(s), any substance</td><td/></tr><tr><td style="white-space:nowrap"><a name="http---www.ama-assn.org-go-cpt-45382"> </a>45382</td><td>http://www.ama-assn.org/go/cpt</td><td>Colonoscopy, flexible; with control of bleeding, any method</td><td/></tr><tr><td style="white-space:nowrap"><a name="http---www.ama-assn.org-go-cpt-45384"> </a>45384</td><td>http://www.ama-assn.org/go/cpt</td><td>Colonoscopy, flexible; with removal of tumor(s), polyp(s), or other lesion(s) by hot biopsy forceps</td><td/></tr><tr><td style="white-space:nowrap"><a name="http---www.ama-assn.org-go-cpt-45385"> </a>45385</td><td>http://www.ama-assn.org/go/cpt</td><td>Colonoscopy, flexible; with removal of tumor(s), polyp(s), or other lesion(s) by snare technique</td><td/></tr><tr><td style="white-space:nowrap"><a name="http---www.ama-assn.org-go-cpt-45386"> </a>45386</td><td>http://www.ama-assn.org/go/cpt</td><td>Colonoscopy, flexible; with transendoscopic balloon dilation</td><td/></tr><tr><td style="white-space:nowrap"><a name="http---www.ama-assn.org-go-cpt-45388"> </a>45388</td><td>http://www.ama-assn.org/go/cpt</td><td>Colonoscopy, flexible; with ablation of tumor(s), polyp(s), or other lesion(s) (includes pre- and post-dilation and guide wire passage, when performed)</td><td/></tr><tr><td style="white-space:nowrap"><a name="http---www.ama-assn.org-go-cpt-45389"> </a>45389</td><td>http://www.ama-assn.org/go/cpt</td><td>Colonoscopy, flexible; with endoscopic stent placement (includes pre- and post-dilation and guide wire passage, when performed)</td><td/></tr><tr><td style="white-space:nowrap"><a name="http---www.ama-assn.org-go-cpt-45390"> </a>45390</td><td>http://www.ama-assn.org/go/cpt</td><td>Colonoscopy, flexible; with endoscopic mucosal resection</td><td/></tr><tr><td style="white-space:nowrap"><a name="http---www.ama-assn.org-go-cpt-45391"> </a>45391</td><td>http://www.ama-assn.org/go/cpt</td><td>Colonoscopy, flexible; with endoscopic ultrasound examination limited to the rectum, sigmoid, descending, transverse, or ascending colon and cecum, and adjacent structures</td><td/></tr><tr><td style="white-space:nowrap"><a name="http---www.ama-assn.org-go-cpt-45392"> </a>45392</td><td>http://www.ama-assn.org/go/cpt</td><td>Colonoscopy, flexible; with transendoscopic ultrasound guided intramural or transmural fine needle aspiration/biopsy(s), includes endoscopic ultrasound examination limited to the rectum, sigmoid, descending, transverse, or ascending colon and cecum, and adjacent structures</td><td/></tr><tr><td style="white-space:nowrap"><a name="http---www.ama-assn.org-go-cpt-45393"> </a>45393</td><td>http://www.ama-assn.org/go/cpt</td><td>Colonoscopy, flexible; with decompression (for pathologic distention) (eg, volvulus, megacolon), including placement of decompression tube, when performed</td><td/></tr><tr><td style="white-space:nowrap"><a name="http---www.ama-assn.org-go-cpt-45398"> </a>45398</td><td>http://www.ama-assn.org/go/cpt</td><td>Colonoscopy, flexible; with band ligation(s) (eg, hemorrhoids)</td><td/></tr><tr><td style="white-space:nowrap"><a name="urn-oid-2.16.840.1.113883.6.285-G0105"> </a>G0105</td><td>urn:oid:2.16.840.1.113883.6.285</td><td>Colorectal cancer screening; colonoscopy on individual at high risk</td><td/></tr><tr><td style="white-space:nowrap"><a name="urn-oid-2.16.840.1.113883.6.285-G0121"> </a>G0121</td><td>urn:oid:2.16.840.1.113883.6.285</td><td>Colorectal cancer screening; colonoscopy on individual not meeting criteria for high risk</td><td/></tr><tr><td style="white-space:nowrap"><a name="http---snomed.info-sct-12350003"> </a><a href="http://browser.ihtsdotools.org/?perspective=full&amp;conceptId1=12350003">12350003</a></td><td>http://snomed.info/sct</td><td>Colonoscopy with rigid sigmoidoscope through colotomy (procedure)</td><td/></tr><tr><td style="white-space:nowrap"><a name="http---snomed.info-sct-174158000"> </a><a href="http://browser.ihtsdotools.org/?perspective=full&amp;conceptId1=174158000">174158000</a></td><td>http://snomed.info/sct</td><td>Open colonoscopy (procedure)</td><td/></tr><tr><td style="white-space:nowrap"><a name="http---snomed.info-sct-235150006"> </a><a href="http://browser.ihtsdotools.org/?perspective=full&amp;conceptId1=235150006">235150006</a></td><td>http://snomed.info/sct</td><td>Total colonoscopy (procedure)</td><td/></tr><tr><td style="white-space:nowrap"><a name="http---snomed.info-sct-235151005"> </a><a href="http://browser.ihtsdotools.org/?perspective=full&amp;conceptId1=235151005">235151005</a></td><td>http://snomed.info/sct</td><td>Limited colonoscopy (procedure)</td><td/></tr><tr><td style="white-space:nowrap"><a name="http---snomed.info-sct-25732003"> </a><a href="http://browser.ihtsdotools.org/?perspective=full&amp;conceptId1=25732003">25732003</a></td><td>http://snomed.info/sct</td><td>Fiberoptic colonoscopy with biopsy (procedure)</td><td/></tr><tr><td style="white-space:nowrap"><a name="http---snomed.info-sct-310634005"> </a><a href="http://browser.ihtsdotools.org/?perspective=full&amp;conceptId1=310634005">310634005</a></td><td>http://snomed.info/sct</td><td>Check colonoscopy (procedure)</td><td/></tr><tr><td style="white-space:nowrap"><a name="http---snomed.info-sct-34264006"> </a><a href="http://browser.ihtsdotools.org/?perspective=full&amp;conceptId1=34264006">34264006</a></td><td>http://snomed.info/sct</td><td>Intraoperative colonoscopy (procedure)</td><td/></tr><tr><td style="white-space:nowrap"><a name="http---snomed.info-sct-367535003"> </a><a href="http://browser.ihtsdotools.org/?perspective=full&amp;conceptId1=367535003">367535003</a></td><td>http://snomed.info/sct</td><td>Fiberoptic colonoscopy (procedure)</td><td/></tr><tr><td style="white-space:nowrap"><a name="http---snomed.info-sct-425672002"> </a><a href="http://browser.ihtsdotools.org/?perspective=full&amp;conceptId1=425672002">425672002</a></td><td>http://snomed.info/sct</td><td>Diagnostic endoscopic examination of ileoanal pouch and biopsy of ileoanal pouch using colonoscope (procedure)</td><td/></tr><tr><td style="white-space:nowrap"><a name="http---snomed.info-sct-425937002"> </a><a href="http://browser.ihtsdotools.org/?perspective=full&amp;conceptId1=425937002">425937002</a></td><td>http://snomed.info/sct</td><td>Diagnostic endoscopic examination of enteric pouch using colonoscope (procedure)</td><td/></tr><tr><td style="white-space:nowrap"><a name="http---snomed.info-sct-427459009"> </a><a href="http://browser.ihtsdotools.org/?perspective=full&amp;conceptId1=427459009">427459009</a></td><td>http://snomed.info/sct</td><td>Diagnostic endoscopic examination of colonic pouch and biopsy of colonic pouch using colonoscope (procedure)</td><td/></tr><tr><td style="white-space:nowrap"><a name="http---snomed.info-sct-443998000"> </a><a href="http://browser.ihtsdotools.org/?perspective=full&amp;conceptId1=443998000">443998000</a></td><td>http://snomed.info/sct</td><td>Colonoscopy through colostomy with endoscopic biopsy of colon (procedure)</td><td/></tr><tr><td style="white-space:nowrap"><a name="http---snomed.info-sct-444783004"> </a><a href="http://browser.ihtsdotools.org/?perspective=full&amp;conceptId1=444783004">444783004</a></td><td>http://snomed.info/sct</td><td>Screening colonoscopy (procedure)</td><td/></tr><tr><td style="white-space:nowrap"><a name="http---snomed.info-sct-446521004"> </a><a href="http://browser.ihtsdotools.org/?perspective=full&amp;conceptId1=446521004">446521004</a></td><td>http://snomed.info/sct</td><td>Colonoscopy and excision of mucosa of colon (procedure)</td><td/></tr><tr><td style="white-space:nowrap"><a name="http---snomed.info-sct-446745002"> </a><a href="http://browser.ihtsdotools.org/?perspective=full&amp;conceptId1=446745002">446745002</a></td><td>http://snomed.info/sct</td><td>Colonoscopy and biopsy of colon (procedure)</td><td/></tr><tr><td style="white-space:nowrap"><a name="http---snomed.info-sct-447021001"> </a><a href="http://browser.ihtsdotools.org/?perspective=full&amp;conceptId1=447021001">447021001</a></td><td>http://snomed.info/sct</td><td>Colonoscopy and tattooing (procedure)</td><td/></tr><tr><td style="white-space:nowrap"><a name="http---snomed.info-sct-709421007"> </a><a href="http://browser.ihtsdotools.org/?perspective=full&amp;conceptId1=709421007">709421007</a></td><td>http://snomed.info/sct</td><td>Colonoscopy and dilatation of stricture of colon (procedure)</td><td/></tr><tr><td style="white-space:nowrap"><a name="http---snomed.info-sct-710293001"> </a><a href="http://browser.ihtsdotools.org/?perspective=full&amp;conceptId1=710293001">710293001</a></td><td>http://snomed.info/sct</td><td>Colonoscopy using fluoroscopic guidance (procedure)</td><td/></tr><tr><td style="white-space:nowrap"><a name="http---snomed.info-sct-711307001"> </a><a href="http://browser.ihtsdotools.org/?perspective=full&amp;conceptId1=711307001">711307001</a></td><td>http://snomed.info/sct</td><td>Colonoscopy using X-ray guidance (procedure)</td><td/></tr><tr><td style="white-space:nowrap"><a name="http---snomed.info-sct-713154003"> </a><a href="http://browser.ihtsdotools.org/?perspective=full&amp;conceptId1=713154003">713154003</a></td><td>http://snomed.info/sct</td><td>Endoscopic submucosal dissection of rectum using colonoscope (procedure)</td><td/></tr><tr><td style="white-space:nowrap"><a name="http---snomed.info-sct-73761001"> </a><a href="http://browser.ihtsdotools.org/?perspective=full&amp;conceptId1=73761001">73761001</a></td><td>http://snomed.info/sct</td><td>Colonoscopy (procedure)</td><td/></tr><tr><td style="white-space:nowrap"><a name="http---snomed.info-sct-8180007"> </a><a href="http://browser.ihtsdotools.org/?perspective=full&amp;conceptId1=8180007">8180007</a></td><td>http://snomed.info/sct</td><td>Fiberoptic colonoscopy through colostomy (procedure)</td><td/></tr><tr><td style="white-space:nowrap"><a name="http---snomed.info-sct-851000119109"> </a><a href="http://browser.ihtsdotools.org/?perspective=full&amp;conceptId1=851000119109">851000119109</a></td><td>http://snomed.info/sct</td><td>History of colonoscopy (situation)</td><td/></tr></table></div></text><url value="http://cts.nlm.nih.gov/fhir/ValueSet/2.16.840.1.113883.3.464.1003.108.12.1020"/><identifier><system value="urn:ietf:rfc:3986"/><value value="2.16.840.1.113883.3.464.1003.108.12.1020"/></identifier><version value="1.0.0"/><name value="Colonoscopy"/><title value="Colonoscopy"/><status value="active"/><experimental value="false"/><date value="2021-09-03T16:48:06+00:00"/><publisher value="U.S. Preventive Services Task Force (USPSTF)"/><contact><telecom><system value="url"/><value value="https://www.uspreventiveservicestaskforce.org/uspstf/"/></telecom></contact><jurisdiction><coding><system value="http://unstats.un.org/unsd/methods/m49/m49.htm"/><code value="001"/></coding></jurisdiction><expansion><identifier value="20200507"/><timestamp value="2021-01-14T20:59:46-07:00"/><contains><system value="http://www.ama-assn.org/go/cpt"/><version value="2020"/><code value="44388"/><display value="Colonoscopy through stoma; diagnostic, including collection of specimen(s) by brushing or washing, when performed (separate procedure)"/></contains><contains><system value="http://www.ama-assn.org/go/cpt"/><version value="2020"/><code value="44389"/><display value="Colonoscopy through stoma; with biopsy, single or multiple"/></contains><contains><system value="http://www.ama-assn.org/go/cpt"/><version value="2020"/><code value="44390"/><display value="Colonoscopy through stoma; with removal of foreign body(s)"/></contains><contains><system value="http://www.ama-assn.org/go/cpt"/><version value="2020"/><code value="44391"/><display value="Colonoscopy through stoma; with control of bleeding, any method"/></contains><contains><system value="http://www.ama-assn.org/go/cpt"/><version value="2020"/><code value="44392"/><display value="Colonoscopy through stoma; with removal of tumor(s), polyp(s), or other lesion(s) by hot biopsy forceps"/></contains><contains><system value="http://www.ama-assn.org/go/cpt"/><version value="2020"/><code value="44394"/><display value="Colonoscopy through stoma; with removal of tumor(s), polyp(s), or other lesion(s) by snare technique"/></contains><contains><system value="http://www.ama-assn.org/go/cpt"/><version value="2020"/><code value="44401"/><display value="Colonoscopy through stoma; with ablation of tumor(s), polyp(s), or other lesion(s) (includes pre-and post-dilation and guide wire passage, when performed)"/></contains><contains><system value="http://www.ama-assn.org/go/cpt"/><version value="2020"/><code value="44402"/><display value="Colonoscopy through stoma; with endoscopic stent placement (including pre- and post-dilation and guide wire passage, when performed)"/></contains><contains><system value="http://www.ama-assn.org/go/cpt"/><version value="2020"/><code value="44403"/><display value="Colonoscopy through stoma; with endoscopic mucosal resection"/></contains><contains><system value="http://www.ama-assn.org/go/cpt"/><version value="2020"/><code value="44404"/><display value="Colonoscopy through stoma; with directed submucosal injection(s), any substance"/></contains><contains><system value="http://www.ama-assn.org/go/cpt"/><version value="2020"/><code value="44405"/><display value="Colonoscopy through stoma; with transendoscopic balloon dilation"/></contains><contains><system value="http://www.ama-assn.org/go/cpt"/><version value="2020"/><code value="44406"/><display value="Colonoscopy through stoma; with endoscopic ultrasound examination, limited to the sigmoid, descending, transverse, or ascending colon and cecum and adjacent structures"/></contains><contains><system value="http://www.ama-assn.org/go/cpt"/><version value="2020"/><code value="44407"/><display value="Colonoscopy through stoma; with transendoscopic ultrasound guided intramural or transmural fine needle aspiration/biopsy(s), includes endoscopic ultrasound examination limited to the sigmoid, descending, transverse, or ascending colon and cecum and adjacent structures"/></contains><contains><system value="http://www.ama-assn.org/go/cpt"/><version value="2020"/><code value="44408"/><display value="Colonoscopy through stoma; with decompression (for pathologic distention) (eg, volvulus, megacolon), including placement of decompression tube, when performed"/></contains><contains><system value="http://www.ama-assn.org/go/cpt"/><version value="2020"/><code value="45378"/><display value="Colonoscopy, flexible; diagnostic, including collection of specimen(s) by brushing or washing, when performed (separate procedure)"/></contains><contains><system value="http://www.ama-assn.org/go/cpt"/><version value="2020"/><code value="45379"/><display value="Colonoscopy, flexible; with removal of foreign body(s)"/></contains><contains><system value="http://www.ama-assn.org/go/cpt"/><version value="2020"/><code value="45380"/><display value="Colonoscopy, flexible; with biopsy, single or multiple"/></contains><contains><system value="http://www.ama-assn.org/go/cpt"/><version value="2020"/><code value="45381"/><display value="Colonoscopy, flexible; with directed submucosal injection(s), any substance"/></contains><contains><system value="http://www.ama-assn.org/go/cpt"/><version value="2020"/><code value="45382"/><display value="Colonoscopy, flexible; with control of bleeding, any method"/></contains><contains><system value="http://www.ama-assn.org/go/cpt"/><version value="2020"/><code value="45384"/><display value="Colonoscopy, flexible; with removal of tumor(s), polyp(s), or other lesion(s) by hot biopsy forceps"/></contains><contains><system value="http://www.ama-assn.org/go/cpt"/><version value="2020"/><code value="45385"/><display value="Colonoscopy, flexible; with removal of tumor(s), polyp(s), or other lesion(s) by snare technique"/></contains><contains><system value="http://www.ama-assn.org/go/cpt"/><version value="2020"/><code value="45386"/><display value="Colonoscopy, flexible; with transendoscopic balloon dilation"/></contains><contains><system value="http://www.ama-assn.org/go/cpt"/><version value="2020"/><code value="45388"/><display value="Colonoscopy, flexible; with ablation of tumor(s), polyp(s), or other lesion(s) (includes pre- and post-dilation and guide wire passage, when performed)"/></contains><contains><system value="http://www.ama-assn.org/go/cpt"/><version value="2020"/><code value="45389"/><display value="Colonoscopy, flexible; with endoscopic stent placement (includes pre- and post-dilation and guide wire passage, when performed)"/></contains><contains><system value="http://www.ama-assn.org/go/cpt"/><version value="2020"/><code value="45390"/><display value="Colonoscopy, flexible; with endoscopic mucosal resection"/></contains><contains><system value="http://www.ama-assn.org/go/cpt"/><version value="2020"/><code value="45391"/><display value="Colonoscopy, flexible; with endoscopic ultrasound examination limited to the rectum, sigmoid, descending, transverse, or ascending colon and cecum, and adjacent structures"/></contains><contains><system value="http://www.ama-assn.org/go/cpt"/><version value="2020"/><code value="45392"/><display value="Colonoscopy, flexible; with transendoscopic ultrasound guided intramural or transmural fine needle aspiration/biopsy(s), includes endoscopic ultrasound examination limited to the rectum, sigmoid, descending, transverse, or ascending colon and cecum, and adjacent structures"/></contains><contains><system value="http://www.ama-assn.org/go/cpt"/><version value="2020"/><code value="45393"/><display value="Colonoscopy, flexible; with decompression (for pathologic distention) (eg, volvulus, megacolon), including placement of decompression tube, when performed"/></contains><contains><system value="http://www.ama-assn.org/go/cpt"/><version value="2020"/><code value="45398"/><display value="Colonoscopy, flexible; with band ligation(s) (eg, hemorrhoids)"/></contains><contains><system value="urn:oid:2.16.840.1.113883.6.285"/><version value="2020"/><code value="G0105"/><display value="Colorectal cancer screening; colonoscopy on individual at high risk"/></contains><contains><system value="urn:oid:2.16.840.1.113883.6.285"/><version value="2020"/><code value="G0121"/><display value="Colorectal cancer screening; colonoscopy on individual not meeting criteria for high risk"/></contains><contains><system value="http://snomed.info/sct"/><version value="2019-09"/><code value="12350003"/><display value="Colonoscopy with rigid sigmoidoscope through colotomy (procedure)"/></contains><contains><system value="http://snomed.info/sct"/><version value="2019-09"/><code value="174158000"/><display value="Open colonoscopy (procedure)"/></contains><contains><system value="http://snomed.info/sct"/><version value="2019-09"/><code value="235150006"/><display value="Total colonoscopy (procedure)"/></contains><contains><system value="http://snomed.info/sct"/><version value="2019-09"/><code value="235151005"/><display value="Limited colonoscopy (procedure)"/></contains><contains><system value="http://snomed.info/sct"/><version value="2019-09"/><code value="25732003"/><display value="Fiberoptic colonoscopy with biopsy (procedure)"/></contains><contains><system value="http://snomed.info/sct"/><version value="2019-09"/><code value="310634005"/><display value="Check colonoscopy (procedure)"/></contains><contains><system value="http://snomed.info/sct"/><version value="2019-09"/><code value="34264006"/><display value="Intraoperative colonoscopy (procedure)"/></contains><contains><system value="http://snomed.info/sct"/><version value="2019-09"/><code value="367535003"/><display value="Fiberoptic colonoscopy (procedure)"/></contains><contains><system value="http://snomed.info/sct"/><version value="2019-09"/><code value="425672002"/><display value="Diagnostic endoscopic examination of ileoanal pouch and biopsy of ileoanal pouch using colonoscope (procedure)"/></contains><contains><system value="http://snomed.info/sct"/><version value="2019-09"/><code value="425937002"/><display value="Diagnostic endoscopic examination of enteric pouch using colonoscope (procedure)"/></contains><contains><system value="http://snomed.info/sct"/><version value="2019-09"/><code value="427459009"/><display value="Diagnostic endoscopic examination of colonic pouch and biopsy of colonic pouch using colonoscope (procedure)"/></contains><contains><system value="http://snomed.info/sct"/><version value="2019-09"/><code value="443998000"/><display value="Colonoscopy through colostomy with endoscopic biopsy of colon (procedure)"/></contains><contains><system value="http://snomed.info/sct"/><version value="2019-09"/><code value="444783004"/><display value="Screening colonoscopy (procedure)"/></contains><contains><system value="http://snomed.info/sct"/><version value="2019-09"/><code value="446521004"/><display value="Colonoscopy and excision of mucosa of colon (procedure)"/></contains><contains><system value="http://snomed.info/sct"/><version value="2019-09"/><code value="446745002"/><display value="Colonoscopy and biopsy of colon (procedure)"/></contains><contains><system value="http://snomed.info/sct"/><version value="2019-09"/><code value="447021001"/><display value="Colonoscopy and tattooing (procedure)"/></contains><contains><system value="http://snomed.info/sct"/><version value="2019-09"/><code value="709421007"/><display value="Colonoscopy and dilatation of stricture of colon (procedure)"/></contains><contains><system value="http://snomed.info/sct"/><version value="2019-09"/><code value="710293001"/><display value="Colonoscopy using fluoroscopic guidance (procedure)"/></contains><contains><system value="http://snomed.info/sct"/><version value="2019-09"/><code value="711307001"/><display value="Colonoscopy using X-ray guidance (procedure)"/></contains><contains><system value="http://snomed.info/sct"/><version value="2019-09"/><code value="713154003"/><display value="Endoscopic submucosal dissection of rectum using colonoscope (procedure)"/></contains><contains><system value="http://snomed.info/sct"/><version value="2019-09"/><code value="73761001"/><display value="Colonoscopy (procedure)"/></contains><contains><system value="http://snomed.info/sct"/><version value="2019-09"/><code value="8180007"/><display value="Fiberoptic colonoscopy through colostomy (procedure)"/></contains><contains><system value="http://snomed.info/sct"/><version value="2019-09"/><code value="851000119109"/><display value="History of colonoscopy (situation)"/></contains></expansion></ValueSet>