<?xml version="1.0" encoding="UTF-8"?><ValueSet xmlns="http://hl7.org/fhir"><id value="2.16.840.1.113883.3.464.1003.199.12.1035"/><text><status value="generated"/><div xmlns="http://www.w3.org/1999/xhtml"><p>This value set contains 142 concepts</p><table class="codes"><tr><td style="white-space:nowrap"><b>Code</b></td><td><b>System</b></td><td><b>Display</b></td><td><b>Definition</b></td></tr><tr><td style="white-space:nowrap"><a name="http---hl7.org-fhir-sid-icd-10-cm-K70.0"> </a>K70.0</td><td>http://hl7.org/fhir/sid/icd-10-cm</td><td>Alcoholic fatty liver</td><td/></tr><tr><td style="white-space:nowrap"><a name="http---hl7.org-fhir-sid-icd-10-cm-K70.2"> </a>K70.2</td><td>http://hl7.org/fhir/sid/icd-10-cm</td><td>Alcoholic fibrosis and sclerosis of liver</td><td/></tr><tr><td style="white-space:nowrap"><a name="http---hl7.org-fhir-sid-icd-10-cm-K70.30"> </a>K70.30</td><td>http://hl7.org/fhir/sid/icd-10-cm</td><td>Alcoholic cirrhosis of liver without ascites</td><td/></tr><tr><td style="white-space:nowrap"><a name="http---hl7.org-fhir-sid-icd-10-cm-K70.31"> </a>K70.31</td><td>http://hl7.org/fhir/sid/icd-10-cm</td><td>Alcoholic cirrhosis of liver with ascites</td><td/></tr><tr><td style="white-space:nowrap"><a name="http---hl7.org-fhir-sid-icd-10-cm-K70.40"> </a>K70.40</td><td>http://hl7.org/fhir/sid/icd-10-cm</td><td>Alcoholic hepatic failure without coma</td><td/></tr><tr><td style="white-space:nowrap"><a name="http---hl7.org-fhir-sid-icd-10-cm-K70.41"> </a>K70.41</td><td>http://hl7.org/fhir/sid/icd-10-cm</td><td>Alcoholic hepatic failure with coma</td><td/></tr><tr><td style="white-space:nowrap"><a name="http---hl7.org-fhir-sid-icd-10-cm-K70.9"> </a>K70.9</td><td>http://hl7.org/fhir/sid/icd-10-cm</td><td>Alcoholic liver disease, unspecified</td><td/></tr><tr><td style="white-space:nowrap"><a name="http---hl7.org-fhir-sid-icd-10-cm-K71.0"> </a>K71.0</td><td>http://hl7.org/fhir/sid/icd-10-cm</td><td>Toxic liver disease with cholestasis</td><td/></tr><tr><td style="white-space:nowrap"><a name="http---hl7.org-fhir-sid-icd-10-cm-K71.10"> </a>K71.10</td><td>http://hl7.org/fhir/sid/icd-10-cm</td><td>Toxic liver disease with hepatic necrosis, without coma</td><td/></tr><tr><td style="white-space:nowrap"><a name="http---hl7.org-fhir-sid-icd-10-cm-K71.11"> </a>K71.11</td><td>http://hl7.org/fhir/sid/icd-10-cm</td><td>Toxic liver disease with hepatic necrosis, with coma</td><td/></tr><tr><td style="white-space:nowrap"><a name="http---hl7.org-fhir-sid-icd-10-cm-K71.3"> </a>K71.3</td><td>http://hl7.org/fhir/sid/icd-10-cm</td><td>Toxic liver disease with chronic persistent hepatitis</td><td/></tr><tr><td style="white-space:nowrap"><a name="http---hl7.org-fhir-sid-icd-10-cm-K71.4"> </a>K71.4</td><td>http://hl7.org/fhir/sid/icd-10-cm</td><td>Toxic liver disease with chronic lobular hepatitis</td><td/></tr><tr><td style="white-space:nowrap"><a name="http---hl7.org-fhir-sid-icd-10-cm-K71.50"> </a>K71.50</td><td>http://hl7.org/fhir/sid/icd-10-cm</td><td>Toxic liver disease with chronic active hepatitis without ascites</td><td/></tr><tr><td style="white-space:nowrap"><a name="http---hl7.org-fhir-sid-icd-10-cm-K71.51"> </a>K71.51</td><td>http://hl7.org/fhir/sid/icd-10-cm</td><td>Toxic liver disease with chronic active hepatitis with ascites</td><td/></tr><tr><td style="white-space:nowrap"><a name="http---hl7.org-fhir-sid-icd-10-cm-K71.7"> </a>K71.7</td><td>http://hl7.org/fhir/sid/icd-10-cm</td><td>Toxic liver disease with fibrosis and cirrhosis of liver</td><td/></tr><tr><td style="white-space:nowrap"><a name="http---hl7.org-fhir-sid-icd-10-cm-K72.10"> </a>K72.10</td><td>http://hl7.org/fhir/sid/icd-10-cm</td><td>Chronic hepatic failure without coma</td><td/></tr><tr><td style="white-space:nowrap"><a name="http---hl7.org-fhir-sid-icd-10-cm-K72.11"> </a>K72.11</td><td>http://hl7.org/fhir/sid/icd-10-cm</td><td>Chronic hepatic failure with coma</td><td/></tr><tr><td style="white-space:nowrap"><a name="http---hl7.org-fhir-sid-icd-10-cm-K73.0"> </a>K73.0</td><td>http://hl7.org/fhir/sid/icd-10-cm</td><td>Chronic persistent hepatitis, not elsewhere classified</td><td/></tr><tr><td style="white-space:nowrap"><a name="http---hl7.org-fhir-sid-icd-10-cm-K73.1"> </a>K73.1</td><td>http://hl7.org/fhir/sid/icd-10-cm</td><td>Chronic lobular hepatitis, not elsewhere classified</td><td/></tr><tr><td style="white-space:nowrap"><a name="http---hl7.org-fhir-sid-icd-10-cm-K73.2"> </a>K73.2</td><td>http://hl7.org/fhir/sid/icd-10-cm</td><td>Chronic active hepatitis, not elsewhere classified</td><td/></tr><tr><td style="white-space:nowrap"><a name="http---hl7.org-fhir-sid-icd-10-cm-K73.8"> </a>K73.8</td><td>http://hl7.org/fhir/sid/icd-10-cm</td><td>Other chronic hepatitis, not elsewhere classified</td><td/></tr><tr><td style="white-space:nowrap"><a name="http---hl7.org-fhir-sid-icd-10-cm-K73.9"> </a>K73.9</td><td>http://hl7.org/fhir/sid/icd-10-cm</td><td>Chronic hepatitis, unspecified</td><td/></tr><tr><td style="white-space:nowrap"><a name="http---hl7.org-fhir-sid-icd-10-cm-K74.0"> </a>K74.0</td><td>http://hl7.org/fhir/sid/icd-10-cm</td><td>Hepatic fibrosis</td><td/></tr><tr><td style="white-space:nowrap"><a name="http---hl7.org-fhir-sid-icd-10-cm-K74.1"> </a>K74.1</td><td>http://hl7.org/fhir/sid/icd-10-cm</td><td>Hepatic sclerosis</td><td/></tr><tr><td style="white-space:nowrap"><a name="http---hl7.org-fhir-sid-icd-10-cm-K74.2"> </a>K74.2</td><td>http://hl7.org/fhir/sid/icd-10-cm</td><td>Hepatic fibrosis with hepatic sclerosis</td><td/></tr><tr><td style="white-space:nowrap"><a name="http---hl7.org-fhir-sid-icd-10-cm-K74.3"> </a>K74.3</td><td>http://hl7.org/fhir/sid/icd-10-cm</td><td>Primary biliary cirrhosis</td><td/></tr><tr><td style="white-space:nowrap"><a name="http---hl7.org-fhir-sid-icd-10-cm-K74.4"> </a>K74.4</td><td>http://hl7.org/fhir/sid/icd-10-cm</td><td>Secondary biliary cirrhosis</td><td/></tr><tr><td style="white-space:nowrap"><a name="http---hl7.org-fhir-sid-icd-10-cm-K74.5"> </a>K74.5</td><td>http://hl7.org/fhir/sid/icd-10-cm</td><td>Biliary cirrhosis, unspecified</td><td/></tr><tr><td style="white-space:nowrap"><a name="http---hl7.org-fhir-sid-icd-10-cm-K74.60"> </a>K74.60</td><td>http://hl7.org/fhir/sid/icd-10-cm</td><td>Unspecified cirrhosis of liver</td><td/></tr><tr><td style="white-space:nowrap"><a name="http---hl7.org-fhir-sid-icd-10-cm-K74.69"> </a>K74.69</td><td>http://hl7.org/fhir/sid/icd-10-cm</td><td>Other cirrhosis of liver</td><td/></tr><tr><td style="white-space:nowrap"><a name="http---hl7.org-fhir-sid-icd-10-cm-K76.1"> </a>K76.1</td><td>http://hl7.org/fhir/sid/icd-10-cm</td><td>Chronic passive congestion of liver</td><td/></tr><tr><td style="white-space:nowrap"><a name="http---hl7.org-fhir-sid-icd-10-cm-K76.2"> </a>K76.2</td><td>http://hl7.org/fhir/sid/icd-10-cm</td><td>Central hemorrhagic necrosis of liver</td><td/></tr><tr><td style="white-space:nowrap"><a name="http---hl7.org-fhir-sid-icd-10-cm-K76.3"> </a>K76.3</td><td>http://hl7.org/fhir/sid/icd-10-cm</td><td>Infarction of liver</td><td/></tr><tr><td style="white-space:nowrap"><a name="http---hl7.org-fhir-sid-icd-10-cm-K76.5"> </a>K76.5</td><td>http://hl7.org/fhir/sid/icd-10-cm</td><td>Hepatic veno-occlusive disease</td><td/></tr><tr><td style="white-space:nowrap"><a name="http---hl7.org-fhir-sid-icd-10-cm-K76.6"> </a>K76.6</td><td>http://hl7.org/fhir/sid/icd-10-cm</td><td>Portal hypertension</td><td/></tr><tr><td style="white-space:nowrap"><a name="http---hl7.org-fhir-sid-icd-10-cm-K76.7"> </a>K76.7</td><td>http://hl7.org/fhir/sid/icd-10-cm</td><td>Hepatorenal syndrome</td><td/></tr><tr><td style="white-space:nowrap"><a name="http---terminology.hl7.org-CodeSystem-icd9cm-571.0"> </a>571.0</td><td>http://terminology.hl7.org/CodeSystem/icd9cm</td><td>Alcoholic fatty liver</td><td/></tr><tr><td style="white-space:nowrap"><a name="http---terminology.hl7.org-CodeSystem-icd9cm-571.1"> </a>571.1</td><td>http://terminology.hl7.org/CodeSystem/icd9cm</td><td>Acute alcoholic hepatitis</td><td/></tr><tr><td style="white-space:nowrap"><a name="http---terminology.hl7.org-CodeSystem-icd9cm-571.2"> </a>571.2</td><td>http://terminology.hl7.org/CodeSystem/icd9cm</td><td>Alcoholic cirrhosis of liver</td><td/></tr><tr><td style="white-space:nowrap"><a name="http---terminology.hl7.org-CodeSystem-icd9cm-571.3"> </a>571.3</td><td>http://terminology.hl7.org/CodeSystem/icd9cm</td><td>Alcoholic liver damage, unspecified</td><td/></tr><tr><td style="white-space:nowrap"><a name="http---terminology.hl7.org-CodeSystem-icd9cm-571.40"> </a>571.40</td><td>http://terminology.hl7.org/CodeSystem/icd9cm</td><td>Chronic hepatitis, unspecified</td><td/></tr><tr><td style="white-space:nowrap"><a name="http---terminology.hl7.org-CodeSystem-icd9cm-571.41"> </a>571.41</td><td>http://terminology.hl7.org/CodeSystem/icd9cm</td><td>Chronic persistent hepatitis</td><td/></tr><tr><td style="white-space:nowrap"><a name="http---terminology.hl7.org-CodeSystem-icd9cm-571.42"> </a>571.42</td><td>http://terminology.hl7.org/CodeSystem/icd9cm</td><td>Autoimmune hepatitis</td><td/></tr><tr><td style="white-space:nowrap"><a name="http---terminology.hl7.org-CodeSystem-icd9cm-571.49"> </a>571.49</td><td>http://terminology.hl7.org/CodeSystem/icd9cm</td><td>Other chronic hepatitis</td><td/></tr><tr><td style="white-space:nowrap"><a name="http---terminology.hl7.org-CodeSystem-icd9cm-571.5"> </a>571.5</td><td>http://terminology.hl7.org/CodeSystem/icd9cm</td><td>Cirrhosis of liver without mention of alcohol</td><td/></tr><tr><td style="white-space:nowrap"><a name="http---terminology.hl7.org-CodeSystem-icd9cm-571.6"> </a>571.6</td><td>http://terminology.hl7.org/CodeSystem/icd9cm</td><td>Biliary cirrhosis</td><td/></tr><tr><td style="white-space:nowrap"><a name="http---terminology.hl7.org-CodeSystem-icd9cm-571.8"> </a>571.8</td><td>http://terminology.hl7.org/CodeSystem/icd9cm</td><td>Other chronic nonalcoholic liver disease</td><td/></tr><tr><td style="white-space:nowrap"><a name="http---terminology.hl7.org-CodeSystem-icd9cm-571.9"> </a>571.9</td><td>http://terminology.hl7.org/CodeSystem/icd9cm</td><td>Unspecified chronic liver disease without mention of alcohol</td><td/></tr><tr><td style="white-space:nowrap"><a name="http---terminology.hl7.org-CodeSystem-icd9cm-572.0"> </a>572.0</td><td>http://terminology.hl7.org/CodeSystem/icd9cm</td><td>Abscess of liver</td><td/></tr><tr><td style="white-space:nowrap"><a name="http---terminology.hl7.org-CodeSystem-icd9cm-572.1"> </a>572.1</td><td>http://terminology.hl7.org/CodeSystem/icd9cm</td><td>Portal pyemia</td><td/></tr><tr><td style="white-space:nowrap"><a name="http---terminology.hl7.org-CodeSystem-icd9cm-572.2"> </a>572.2</td><td>http://terminology.hl7.org/CodeSystem/icd9cm</td><td>Hepatic encephalopathy</td><td/></tr><tr><td style="white-space:nowrap"><a name="http---terminology.hl7.org-CodeSystem-icd9cm-572.3"> </a>572.3</td><td>http://terminology.hl7.org/CodeSystem/icd9cm</td><td>Portal hypertension</td><td/></tr><tr><td style="white-space:nowrap"><a name="http---terminology.hl7.org-CodeSystem-icd9cm-572.4"> </a>572.4</td><td>http://terminology.hl7.org/CodeSystem/icd9cm</td><td>Hepatorenal syndrome</td><td/></tr><tr><td style="white-space:nowrap"><a name="http---terminology.hl7.org-CodeSystem-icd9cm-572.8"> </a>572.8</td><td>http://terminology.hl7.org/CodeSystem/icd9cm</td><td>Other sequelae of chronic liver disease</td><td/></tr><tr><td style="white-space:nowrap"><a name="http---terminology.hl7.org-CodeSystem-icd9cm-573.0"> </a>573.0</td><td>http://terminology.hl7.org/CodeSystem/icd9cm</td><td>Chronic passive congestion of liver</td><td/></tr><tr><td style="white-space:nowrap"><a name="http---terminology.hl7.org-CodeSystem-icd9cm-573.1"> </a>573.1</td><td>http://terminology.hl7.org/CodeSystem/icd9cm</td><td>Hepatitis in viral diseases classified elsewhere</td><td/></tr><tr><td style="white-space:nowrap"><a name="http---terminology.hl7.org-CodeSystem-icd9cm-573.2"> </a>573.2</td><td>http://terminology.hl7.org/CodeSystem/icd9cm</td><td>Hepatitis in other infectious diseases classified elsewhere</td><td/></tr><tr><td style="white-space:nowrap"><a name="http---terminology.hl7.org-CodeSystem-icd9cm-573.3"> </a>573.3</td><td>http://terminology.hl7.org/CodeSystem/icd9cm</td><td>Hepatitis, unspecified</td><td/></tr><tr><td style="white-space:nowrap"><a name="http---terminology.hl7.org-CodeSystem-icd9cm-573.4"> </a>573.4</td><td>http://terminology.hl7.org/CodeSystem/icd9cm</td><td>Hepatic infarction</td><td/></tr><tr><td style="white-space:nowrap"><a name="http---terminology.hl7.org-CodeSystem-icd9cm-573.5"> </a>573.5</td><td>http://terminology.hl7.org/CodeSystem/icd9cm</td><td>Hepatopulmonary syndrome</td><td/></tr><tr><td style="white-space:nowrap"><a name="http---terminology.hl7.org-CodeSystem-icd9cm-573.8"> </a>573.8</td><td>http://terminology.hl7.org/CodeSystem/icd9cm</td><td>Other specified disorders of liver</td><td/></tr><tr><td style="white-space:nowrap"><a name="http---terminology.hl7.org-CodeSystem-icd9cm-573.9"> </a>573.9</td><td>http://terminology.hl7.org/CodeSystem/icd9cm</td><td>Unspecified disorder of liver</td><td/></tr><tr><td style="white-space:nowrap"><a name="http---snomed.info-sct-111370006"> </a><a href="http://browser.ihtsdotools.org/?perspective=full&amp;conceptId1=111370006">111370006</a></td><td>http://snomed.info/sct</td><td>Cirrhosis of liver not due to alcohol (disorder)</td><td/></tr><tr><td style="white-space:nowrap"><a name="http---snomed.info-sct-197304003"> </a><a href="http://browser.ihtsdotools.org/?perspective=full&amp;conceptId1=197304003">197304003</a></td><td>http://snomed.info/sct</td><td>Cardituberculous cirrhosis (disorder)</td><td/></tr><tr><td style="white-space:nowrap"><a name="http---snomed.info-sct-235870003"> </a><a href="http://browser.ihtsdotools.org/?perspective=full&amp;conceptId1=235870003">235870003</a></td><td>http://snomed.info/sct</td><td>Chronic non-A non-B hepatitis (disorder)</td><td/></tr><tr><td style="white-space:nowrap"><a name="http---snomed.info-sct-10295004"> </a><a href="http://browser.ihtsdotools.org/?perspective=full&amp;conceptId1=10295004">10295004</a></td><td>http://snomed.info/sct</td><td>Chronic viral hepatitis (disorder)</td><td/></tr><tr><td style="white-space:nowrap"><a name="http---snomed.info-sct-109819003"> </a><a href="http://browser.ihtsdotools.org/?perspective=full&amp;conceptId1=109819003">109819003</a></td><td>http://snomed.info/sct</td><td>Obstructive biliary cirrhosis (disorder)</td><td/></tr><tr><td style="white-space:nowrap"><a name="http---snomed.info-sct-1116000"> </a><a href="http://browser.ihtsdotools.org/?perspective=full&amp;conceptId1=1116000">1116000</a></td><td>http://snomed.info/sct</td><td>Chronic aggressive type B viral hepatitis (disorder)</td><td/></tr><tr><td style="white-space:nowrap"><a name="http---snomed.info-sct-123604002"> </a><a href="http://browser.ihtsdotools.org/?perspective=full&amp;conceptId1=123604002">123604002</a></td><td>http://snomed.info/sct</td><td>Toxic cirrhosis (disorder)</td><td/></tr><tr><td style="white-space:nowrap"><a name="http---snomed.info-sct-123606000"> </a><a href="http://browser.ihtsdotools.org/?perspective=full&amp;conceptId1=123606000">123606000</a></td><td>http://snomed.info/sct</td><td>Cholangiolitic cirrhosis (disorder)</td><td/></tr><tr><td style="white-space:nowrap"><a name="http---snomed.info-sct-123607009"> </a><a href="http://browser.ihtsdotools.org/?perspective=full&amp;conceptId1=123607009">123607009</a></td><td>http://snomed.info/sct</td><td>Septal fibrosis of liver (disorder)</td><td/></tr><tr><td style="white-space:nowrap"><a name="http---snomed.info-sct-12368000"> </a><a href="http://browser.ihtsdotools.org/?perspective=full&amp;conceptId1=12368000">12368000</a></td><td>http://snomed.info/sct</td><td>Secondary biliary cirrhosis (disorder)</td><td/></tr><tr><td style="white-space:nowrap"><a name="http---snomed.info-sct-123716002"> </a><a href="http://browser.ihtsdotools.org/?perspective=full&amp;conceptId1=123716002">123716002</a></td><td>http://snomed.info/sct</td><td>Latent cirrhosis (disorder)</td><td/></tr><tr><td style="white-space:nowrap"><a name="http---snomed.info-sct-123717006"> </a><a href="http://browser.ihtsdotools.org/?perspective=full&amp;conceptId1=123717006">123717006</a></td><td>http://snomed.info/sct</td><td>Advanced cirrhosis (disorder)</td><td/></tr><tr><td style="white-space:nowrap"><a name="http---snomed.info-sct-128302006"> </a><a href="http://browser.ihtsdotools.org/?perspective=full&amp;conceptId1=128302006">128302006</a></td><td>http://snomed.info/sct</td><td>Chronic hepatitis C (disorder)</td><td/></tr><tr><td style="white-space:nowrap"><a name="http---snomed.info-sct-15999000"> </a><a href="http://browser.ihtsdotools.org/?perspective=full&amp;conceptId1=15999000">15999000</a></td><td>http://snomed.info/sct</td><td>Mixed micro AND macronodular cirrhosis (disorder)</td><td/></tr><tr><td style="white-space:nowrap"><a name="http---snomed.info-sct-1761006"> </a><a href="http://browser.ihtsdotools.org/?perspective=full&amp;conceptId1=1761006">1761006</a></td><td>http://snomed.info/sct</td><td>Biliary cirrhosis (disorder)</td><td/></tr><tr><td style="white-space:nowrap"><a name="http---snomed.info-sct-186639003"> </a><a href="http://browser.ihtsdotools.org/?perspective=full&amp;conceptId1=186639003">186639003</a></td><td>http://snomed.info/sct</td><td>Chronic viral hepatitis B without delta-agent (disorder)</td><td/></tr><tr><td style="white-space:nowrap"><a name="http---snomed.info-sct-186698009"> </a><a href="http://browser.ihtsdotools.org/?perspective=full&amp;conceptId1=186698009">186698009</a></td><td>http://snomed.info/sct</td><td>Cytomegalovirus hepatitis (disorder)</td><td/></tr><tr><td style="white-space:nowrap"><a name="http---snomed.info-sct-197279005"> </a><a href="http://browser.ihtsdotools.org/?perspective=full&amp;conceptId1=197279005">197279005</a></td><td>http://snomed.info/sct</td><td>Cirrhosis and chronic liver disease (disorder)</td><td/></tr><tr><td style="white-space:nowrap"><a name="http---snomed.info-sct-197284004"> </a><a href="http://browser.ihtsdotools.org/?perspective=full&amp;conceptId1=197284004">197284004</a></td><td>http://snomed.info/sct</td><td>Chronic active hepatitis (disorder)</td><td/></tr><tr><td style="white-space:nowrap"><a name="http---snomed.info-sct-197293003"> </a><a href="http://browser.ihtsdotools.org/?perspective=full&amp;conceptId1=197293003">197293003</a></td><td>http://snomed.info/sct</td><td>Diffuse nodular cirrhosis (disorder)</td><td/></tr><tr><td style="white-space:nowrap"><a name="http---snomed.info-sct-197296006"> </a><a href="http://browser.ihtsdotools.org/?perspective=full&amp;conceptId1=197296006">197296006</a></td><td>http://snomed.info/sct</td><td>Capsular portal cirrhosis (disorder)</td><td/></tr><tr><td style="white-space:nowrap"><a name="http---snomed.info-sct-197441003"> </a><a href="http://browser.ihtsdotools.org/?perspective=full&amp;conceptId1=197441003">197441003</a></td><td>http://snomed.info/sct</td><td>Primary sclerosing cholangitis (disorder)</td><td/></tr><tr><td style="white-space:nowrap"><a name="http---snomed.info-sct-197442005"> </a><a href="http://browser.ihtsdotools.org/?perspective=full&amp;conceptId1=197442005">197442005</a></td><td>http://snomed.info/sct</td><td>Secondary sclerosing cholangitis (disorder)</td><td/></tr><tr><td style="white-space:nowrap"><a name="http---snomed.info-sct-19943007"> </a><a href="http://browser.ihtsdotools.org/?perspective=full&amp;conceptId1=19943007">19943007</a></td><td>http://snomed.info/sct</td><td>Cirrhosis of liver (disorder)</td><td/></tr><tr><td style="white-space:nowrap"><a name="http---snomed.info-sct-21861000"> </a><a href="http://browser.ihtsdotools.org/?perspective=full&amp;conceptId1=21861000">21861000</a></td><td>http://snomed.info/sct</td><td>Micronodular cirrhosis (disorder)</td><td/></tr><tr><td style="white-space:nowrap"><a name="http---snomed.info-sct-235869004"> </a><a href="http://browser.ihtsdotools.org/?perspective=full&amp;conceptId1=235869004">235869004</a></td><td>http://snomed.info/sct</td><td>Chronic viral hepatitis B with hepatitis D (disorder)</td><td/></tr><tr><td style="white-space:nowrap"><a name="http---snomed.info-sct-235880004"> </a><a href="http://browser.ihtsdotools.org/?perspective=full&amp;conceptId1=235880004">235880004</a></td><td>http://snomed.info/sct</td><td>Alcoholic fibrosis and sclerosis of liver (disorder)</td><td/></tr><tr><td style="white-space:nowrap"><a name="http---snomed.info-sct-235889003"> </a><a href="http://browser.ihtsdotools.org/?perspective=full&amp;conceptId1=235889003">235889003</a></td><td>http://snomed.info/sct</td><td>Drug-induced chronic hepatitis (disorder)</td><td/></tr><tr><td style="white-space:nowrap"><a name="http---snomed.info-sct-235895002"> </a><a href="http://browser.ihtsdotools.org/?perspective=full&amp;conceptId1=235895002">235895002</a></td><td>http://snomed.info/sct</td><td>Laennec&#39;s cirrhosis, non-alcoholic (disorder)</td><td/></tr><tr><td style="white-space:nowrap"><a name="http---snomed.info-sct-235896001"> </a><a href="http://browser.ihtsdotools.org/?perspective=full&amp;conceptId1=235896001">235896001</a></td><td>http://snomed.info/sct</td><td>Infectious cirrhosis (disorder)</td><td/></tr><tr><td style="white-space:nowrap"><a name="http---snomed.info-sct-235897005"> </a><a href="http://browser.ihtsdotools.org/?perspective=full&amp;conceptId1=235897005">235897005</a></td><td>http://snomed.info/sct</td><td>Hypoxia-associated cirrhosis (disorder)</td><td/></tr><tr><td style="white-space:nowrap"><a name="http---snomed.info-sct-235898000"> </a><a href="http://browser.ihtsdotools.org/?perspective=full&amp;conceptId1=235898000">235898000</a></td><td>http://snomed.info/sct</td><td>Pericellular fibrosis of congenital syphilis (disorder)</td><td/></tr><tr><td style="white-space:nowrap"><a name="http---snomed.info-sct-235899008"> </a><a href="http://browser.ihtsdotools.org/?perspective=full&amp;conceptId1=235899008">235899008</a></td><td>http://snomed.info/sct</td><td>Hepatic sclerosis (disorder)</td><td/></tr><tr><td style="white-space:nowrap"><a name="http---snomed.info-sct-235900003"> </a><a href="http://browser.ihtsdotools.org/?perspective=full&amp;conceptId1=235900003">235900003</a></td><td>http://snomed.info/sct</td><td>Portal and splenic vein sclerosis (disorder)</td><td/></tr><tr><td style="white-space:nowrap"><a name="http---snomed.info-sct-235901004"> </a><a href="http://browser.ihtsdotools.org/?perspective=full&amp;conceptId1=235901004">235901004</a></td><td>http://snomed.info/sct</td><td>Hepatic fibrosis with hepatic sclerosis (disorder)</td><td/></tr><tr><td style="white-space:nowrap"><a name="http---snomed.info-sct-235902006"> </a><a href="http://browser.ihtsdotools.org/?perspective=full&amp;conceptId1=235902006">235902006</a></td><td>http://snomed.info/sct</td><td>Intrahepatic phlebosclerosis and fibrosis (disorder)</td><td/></tr><tr><td style="white-space:nowrap"><a name="http---snomed.info-sct-235917005"> </a><a href="http://browser.ihtsdotools.org/?perspective=full&amp;conceptId1=235917005">235917005</a></td><td>http://snomed.info/sct</td><td>Sclerosing cholangitis (disorder)</td><td/></tr><tr><td style="white-space:nowrap"><a name="http---snomed.info-sct-266468003"> </a><a href="http://browser.ihtsdotools.org/?perspective=full&amp;conceptId1=266468003">266468003</a></td><td>http://snomed.info/sct</td><td>Cirrhosis - non-alcoholic (disorder)</td><td/></tr><tr><td style="white-space:nowrap"><a name="http---snomed.info-sct-271440004"> </a><a href="http://browser.ihtsdotools.org/?perspective=full&amp;conceptId1=271440004">271440004</a></td><td>http://snomed.info/sct</td><td>Cirrhosis secondary to cholestasis (disorder)</td><td/></tr><tr><td style="white-space:nowrap"><a name="http---snomed.info-sct-27156006"> </a><a href="http://browser.ihtsdotools.org/?perspective=full&amp;conceptId1=27156006">27156006</a></td><td>http://snomed.info/sct</td><td>Posthepatitic cirrhosis (disorder)</td><td/></tr><tr><td style="white-space:nowrap"><a name="http---snomed.info-sct-281388009"> </a><a href="http://browser.ihtsdotools.org/?perspective=full&amp;conceptId1=281388009">281388009</a></td><td>http://snomed.info/sct</td><td>Human immunodeficiency virus-related sclerosing cholangitis (disorder)</td><td/></tr><tr><td style="white-space:nowrap"><a name="http---snomed.info-sct-30188007"> </a><a href="http://browser.ihtsdotools.org/?perspective=full&amp;conceptId1=30188007">30188007</a></td><td>http://snomed.info/sct</td><td>Alpha-1-antitrypsin deficiency (disorder)</td><td/></tr><tr><td style="white-space:nowrap"><a name="http---snomed.info-sct-31712002"> </a><a href="http://browser.ihtsdotools.org/?perspective=full&amp;conceptId1=31712002">31712002</a></td><td>http://snomed.info/sct</td><td>Primary biliary cholangitis (disorder)</td><td/></tr><tr><td style="white-space:nowrap"><a name="http---snomed.info-sct-328383001"> </a><a href="http://browser.ihtsdotools.org/?perspective=full&amp;conceptId1=328383001">328383001</a></td><td>http://snomed.info/sct</td><td>Chronic liver disease (disorder)</td><td/></tr><tr><td style="white-space:nowrap"><a name="http---snomed.info-sct-33144001"> </a><a href="http://browser.ihtsdotools.org/?perspective=full&amp;conceptId1=33144001">33144001</a></td><td>http://snomed.info/sct</td><td>Parasitic cirrhosis (disorder)</td><td/></tr><tr><td style="white-space:nowrap"><a name="http---snomed.info-sct-371139006"> </a><a href="http://browser.ihtsdotools.org/?perspective=full&amp;conceptId1=371139006">371139006</a></td><td>http://snomed.info/sct</td><td>Early cirrhosis (disorder)</td><td/></tr><tr><td style="white-space:nowrap"><a name="http---snomed.info-sct-37688005"> </a><a href="http://browser.ihtsdotools.org/?perspective=full&amp;conceptId1=37688005">37688005</a></td><td>http://snomed.info/sct</td><td>Clonorchiasis with biliary cirrhosis (disorder)</td><td/></tr><tr><td style="white-space:nowrap"><a name="http---snomed.info-sct-38662009"> </a><a href="http://browser.ihtsdotools.org/?perspective=full&amp;conceptId1=38662009">38662009</a></td><td>http://snomed.info/sct</td><td>Chronic persistent type B viral hepatitis (disorder)</td><td/></tr><tr><td style="white-space:nowrap"><a name="http---snomed.info-sct-41889008"> </a><a href="http://browser.ihtsdotools.org/?perspective=full&amp;conceptId1=41889008">41889008</a></td><td>http://snomed.info/sct</td><td>Chronic persistent hepatitis (disorder)</td><td/></tr><tr><td style="white-space:nowrap"><a name="http---snomed.info-sct-420054005"> </a><a href="http://browser.ihtsdotools.org/?perspective=full&amp;conceptId1=420054005">420054005</a></td><td>http://snomed.info/sct</td><td>Alcoholic cirrhosis (disorder)</td><td/></tr><tr><td style="white-space:nowrap"><a name="http---snomed.info-sct-424340000"> </a><a href="http://browser.ihtsdotools.org/?perspective=full&amp;conceptId1=424340000">424340000</a></td><td>http://snomed.info/sct</td><td>Hepatic coma due to chronic hepatitis B (disorder)</td><td/></tr><tr><td style="white-space:nowrap"><a name="http---snomed.info-sct-425413006"> </a><a href="http://browser.ihtsdotools.org/?perspective=full&amp;conceptId1=425413006">425413006</a></td><td>http://snomed.info/sct</td><td>Drug-induced cirrhosis of liver (disorder)</td><td/></tr><tr><td style="white-space:nowrap"><a name="http---snomed.info-sct-43904005"> </a><a href="http://browser.ihtsdotools.org/?perspective=full&amp;conceptId1=43904005">43904005</a></td><td>http://snomed.info/sct</td><td>Macronodular cirrhosis (disorder)</td><td/></tr><tr><td style="white-space:nowrap"><a name="http---snomed.info-sct-450880008"> </a><a href="http://browser.ihtsdotools.org/?perspective=full&amp;conceptId1=450880008">450880008</a></td><td>http://snomed.info/sct</td><td>Chronic hepatitis E (disorder)</td><td/></tr><tr><td style="white-space:nowrap"><a name="http---snomed.info-sct-50167007"> </a><a href="http://browser.ihtsdotools.org/?perspective=full&amp;conceptId1=50167007">50167007</a></td><td>http://snomed.info/sct</td><td>Chronic active type B viral hepatitis (disorder)</td><td/></tr><tr><td style="white-space:nowrap"><a name="http---snomed.info-sct-536002"> </a><a href="http://browser.ihtsdotools.org/?perspective=full&amp;conceptId1=536002">536002</a></td><td>http://snomed.info/sct</td><td>Glissonian cirrhosis (disorder)</td><td/></tr><tr><td style="white-space:nowrap"><a name="http---snomed.info-sct-57339008"> </a><a href="http://browser.ihtsdotools.org/?perspective=full&amp;conceptId1=57339008">57339008</a></td><td>http://snomed.info/sct</td><td>Chronic lobular hepatitis (disorder)</td><td/></tr><tr><td style="white-space:nowrap"><a name="http---snomed.info-sct-60037002"> </a><a href="http://browser.ihtsdotools.org/?perspective=full&amp;conceptId1=60037002">60037002</a></td><td>http://snomed.info/sct</td><td>Chronic persistent viral hepatitis (disorder)</td><td/></tr><tr><td style="white-space:nowrap"><a name="http---snomed.info-sct-61977001"> </a><a href="http://browser.ihtsdotools.org/?perspective=full&amp;conceptId1=61977001">61977001</a></td><td>http://snomed.info/sct</td><td>Chronic type B viral hepatitis (disorder)</td><td/></tr><tr><td style="white-space:nowrap"><a name="http---snomed.info-sct-62484002"> </a><a href="http://browser.ihtsdotools.org/?perspective=full&amp;conceptId1=62484002">62484002</a></td><td>http://snomed.info/sct</td><td>Hepatic fibrosis (disorder)</td><td/></tr><tr><td style="white-space:nowrap"><a name="http---snomed.info-sct-66870002"> </a><a href="http://browser.ihtsdotools.org/?perspective=full&amp;conceptId1=66870002">66870002</a></td><td>http://snomed.info/sct</td><td>Chronic active viral hepatitis (disorder)</td><td/></tr><tr><td style="white-space:nowrap"><a name="http---snomed.info-sct-735733008"> </a><a href="http://browser.ihtsdotools.org/?perspective=full&amp;conceptId1=735733008">735733008</a></td><td>http://snomed.info/sct</td><td>Cirrhosis of liver co-occurrent and due to primary sclerosing cholangitis (disorder)</td><td/></tr><tr><td style="white-space:nowrap"><a name="http---snomed.info-sct-737202006"> </a><a href="http://browser.ihtsdotools.org/?perspective=full&amp;conceptId1=737202006">737202006</a></td><td>http://snomed.info/sct</td><td>Fibropolycystic disease of liver (disorder)</td><td/></tr><tr><td style="white-space:nowrap"><a name="http---snomed.info-sct-76301009"> </a><a href="http://browser.ihtsdotools.org/?perspective=full&amp;conceptId1=76301009">76301009</a></td><td>http://snomed.info/sct</td><td>Florid cirrhosis (disorder)</td><td/></tr><tr><td style="white-space:nowrap"><a name="http---snomed.info-sct-767809001"> </a><a href="http://browser.ihtsdotools.org/?perspective=full&amp;conceptId1=767809001">767809001</a></td><td>http://snomed.info/sct</td><td>Chronic hepatitis C caused by hepatitis C virus genotype 6 (disorder)</td><td/></tr><tr><td style="white-space:nowrap"><a name="http---snomed.info-sct-767810006"> </a><a href="http://browser.ihtsdotools.org/?perspective=full&amp;conceptId1=767810006">767810006</a></td><td>http://snomed.info/sct</td><td>Chronic hepatitis C caused by hepatitis C virus genotype 5 (disorder)</td><td/></tr><tr><td style="white-space:nowrap"><a name="http---snomed.info-sct-76783007"> </a><a href="http://browser.ihtsdotools.org/?perspective=full&amp;conceptId1=76783007">76783007</a></td><td>http://snomed.info/sct</td><td>Chronic hepatitis (disorder)</td><td/></tr><tr><td style="white-space:nowrap"><a name="http---snomed.info-sct-768006009"> </a><a href="http://browser.ihtsdotools.org/?perspective=full&amp;conceptId1=768006009">768006009</a></td><td>http://snomed.info/sct</td><td>Chronic hepatitis C caused by Hepatitis C virus genotype 3 (disorder)</td><td/></tr><tr><td style="white-space:nowrap"><a name="http---snomed.info-sct-768125005"> </a><a href="http://browser.ihtsdotools.org/?perspective=full&amp;conceptId1=768125005">768125005</a></td><td>http://snomed.info/sct</td><td>Chronic hepatitis C caused by Hepatitis C virus genotype 2 (disorder)</td><td/></tr><tr><td style="white-space:nowrap"><a name="http---snomed.info-sct-768126006"> </a><a href="http://browser.ihtsdotools.org/?perspective=full&amp;conceptId1=768126006">768126006</a></td><td>http://snomed.info/sct</td><td>Chronic hepatitis C caused by Hepatitis C virus genotype 4 (disorder)</td><td/></tr><tr><td style="white-space:nowrap"><a name="http---snomed.info-sct-768127002"> </a><a href="http://browser.ihtsdotools.org/?perspective=full&amp;conceptId1=768127002">768127002</a></td><td>http://snomed.info/sct</td><td>Chronic hepatitis C caused by Hepatitis C virus genotype 1 (disorder)</td><td/></tr><tr><td style="white-space:nowrap"><a name="http---snomed.info-sct-768288001"> </a><a href="http://browser.ihtsdotools.org/?perspective=full&amp;conceptId1=768288001">768288001</a></td><td>http://snomed.info/sct</td><td>Chronic hepatitis C caused by Hepatitis C virus genotype 1b (disorder)</td><td/></tr><tr><td style="white-space:nowrap"><a name="http---snomed.info-sct-768289009"> </a><a href="http://browser.ihtsdotools.org/?perspective=full&amp;conceptId1=768289009">768289009</a></td><td>http://snomed.info/sct</td><td>Chronic hepatitis C caused by Hepatitis C virus genotype 1a (disorder)</td><td/></tr><tr><td style="white-space:nowrap"><a name="http---snomed.info-sct-78208005"> </a><a href="http://browser.ihtsdotools.org/?perspective=full&amp;conceptId1=78208005">78208005</a></td><td>http://snomed.info/sct</td><td>Pigment cirrhosis (disorder)</td><td/></tr><tr><td style="white-space:nowrap"><a name="http---snomed.info-sct-79607001"> </a><a href="http://browser.ihtsdotools.org/?perspective=full&amp;conceptId1=79607001">79607001</a></td><td>http://snomed.info/sct</td><td>Congenital hepatic fibrosis (disorder)</td><td/></tr><tr><td style="white-space:nowrap"><a name="http---snomed.info-sct-79720007"> </a><a href="http://browser.ihtsdotools.org/?perspective=full&amp;conceptId1=79720007">79720007</a></td><td>http://snomed.info/sct</td><td>Chronic nonalcoholic liver disease (disorder)</td><td/></tr><tr><td style="white-space:nowrap"><a name="http---snomed.info-sct-81675001"> </a><a href="http://browser.ihtsdotools.org/?perspective=full&amp;conceptId1=81675001">81675001</a></td><td>http://snomed.info/sct</td><td>Chronic yellow atrophy of liver (disorder)</td><td/></tr><tr><td style="white-space:nowrap"><a name="http---snomed.info-sct-86454000"> </a><a href="http://browser.ihtsdotools.org/?perspective=full&amp;conceptId1=86454000">86454000</a></td><td>http://snomed.info/sct</td><td>Postnecrotic cirrhosis (disorder)</td><td/></tr><tr><td style="white-space:nowrap"><a name="http---snomed.info-sct-88518009"> </a><a href="http://browser.ihtsdotools.org/?perspective=full&amp;conceptId1=88518009">88518009</a></td><td>http://snomed.info/sct</td><td>Wilson&#39;s disease (disorder)</td><td/></tr><tr><td style="white-space:nowrap"><a name="http---snomed.info-sct-89789003"> </a><a href="http://browser.ihtsdotools.org/?perspective=full&amp;conceptId1=89789003">89789003</a></td><td>http://snomed.info/sct</td><td>Chronic aggressive viral hepatitis (disorder)</td><td/></tr></table></div></text><url value="http://cts.nlm.nih.gov/fhir/ValueSet/2.16.840.1.113883.3.464.1003.199.12.1035"/><identifier><system value="urn:ietf:rfc:3986"/><value value="2.16.840.1.113883.3.464.1003.199.12.1035"/></identifier><version value="1.0.0"/><name value="ChronicLiverDisease"/><title value="Chronic Liver Disease"/><status value="active"/><experimental value="false"/><date value="2021-09-03T16:48:06+00:00"/><publisher value="U.S. Preventive Services Task Force (USPSTF)"/><contact><telecom><system value="url"/><value value="https://www.uspreventiveservicestaskforce.org/uspstf/"/></telecom></contact><jurisdiction><coding><system value="http://unstats.un.org/unsd/methods/m49/m49.htm"/><code value="001"/></coding></jurisdiction><expansion><identifier value="20200507"/><timestamp value="2021-01-14T20:59:47-07:00"/><contains><system value="http://hl7.org/fhir/sid/icd-10-cm"/><version value="2020"/><code value="K70.0"/><display value="Alcoholic fatty liver"/></contains><contains><system value="http://hl7.org/fhir/sid/icd-10-cm"/><version value="2020"/><code value="K70.2"/><display value="Alcoholic fibrosis and sclerosis of liver"/></contains><contains><system value="http://hl7.org/fhir/sid/icd-10-cm"/><version value="2020"/><code value="K70.30"/><display value="Alcoholic cirrhosis of liver without ascites"/></contains><contains><system value="http://hl7.org/fhir/sid/icd-10-cm"/><version value="2020"/><code value="K70.31"/><display value="Alcoholic cirrhosis of liver with ascites"/></contains><contains><system value="http://hl7.org/fhir/sid/icd-10-cm"/><version value="2020"/><code value="K70.40"/><display value="Alcoholic hepatic failure without coma"/></contains><contains><system value="http://hl7.org/fhir/sid/icd-10-cm"/><version value="2020"/><code value="K70.41"/><display value="Alcoholic hepatic failure with coma"/></contains><contains><system value="http://hl7.org/fhir/sid/icd-10-cm"/><version value="2020"/><code value="K70.9"/><display value="Alcoholic liver disease, unspecified"/></contains><contains><system value="http://hl7.org/fhir/sid/icd-10-cm"/><version value="2020"/><code value="K71.0"/><display value="Toxic liver disease with cholestasis"/></contains><contains><system value="http://hl7.org/fhir/sid/icd-10-cm"/><version value="2020"/><code value="K71.10"/><display value="Toxic liver disease with hepatic necrosis, without coma"/></contains><contains><system value="http://hl7.org/fhir/sid/icd-10-cm"/><version value="2020"/><code value="K71.11"/><display value="Toxic liver disease with hepatic necrosis, with coma"/></contains><contains><system value="http://hl7.org/fhir/sid/icd-10-cm"/><version value="2020"/><code value="K71.3"/><display value="Toxic liver disease with chronic persistent hepatitis"/></contains><contains><system value="http://hl7.org/fhir/sid/icd-10-cm"/><version value="2020"/><code value="K71.4"/><display value="Toxic liver disease with chronic lobular hepatitis"/></contains><contains><system value="http://hl7.org/fhir/sid/icd-10-cm"/><version value="2020"/><code value="K71.50"/><display value="Toxic liver disease with chronic active hepatitis without ascites"/></contains><contains><system value="http://hl7.org/fhir/sid/icd-10-cm"/><version value="2020"/><code value="K71.51"/><display value="Toxic liver disease with chronic active hepatitis with ascites"/></contains><contains><system value="http://hl7.org/fhir/sid/icd-10-cm"/><version value="2020"/><code value="K71.7"/><display value="Toxic liver disease with fibrosis and cirrhosis of liver"/></contains><contains><system value="http://hl7.org/fhir/sid/icd-10-cm"/><version value="2020"/><code value="K72.10"/><display value="Chronic hepatic failure without coma"/></contains><contains><system value="http://hl7.org/fhir/sid/icd-10-cm"/><version value="2020"/><code value="K72.11"/><display value="Chronic hepatic failure with coma"/></contains><contains><system value="http://hl7.org/fhir/sid/icd-10-cm"/><version value="2020"/><code value="K73.0"/><display value="Chronic persistent hepatitis, not elsewhere classified"/></contains><contains><system value="http://hl7.org/fhir/sid/icd-10-cm"/><version value="2020"/><code value="K73.1"/><display value="Chronic lobular hepatitis, not elsewhere classified"/></contains><contains><system value="http://hl7.org/fhir/sid/icd-10-cm"/><version value="2020"/><code value="K73.2"/><display value="Chronic active hepatitis, not elsewhere classified"/></contains><contains><system value="http://hl7.org/fhir/sid/icd-10-cm"/><version value="2020"/><code value="K73.8"/><display value="Other chronic hepatitis, not elsewhere classified"/></contains><contains><system value="http://hl7.org/fhir/sid/icd-10-cm"/><version value="2020"/><code value="K73.9"/><display value="Chronic hepatitis, unspecified"/></contains><contains><system value="http://hl7.org/fhir/sid/icd-10-cm"/><version value="2020"/><code value="K74.0"/><display value="Hepatic fibrosis"/></contains><contains><system value="http://hl7.org/fhir/sid/icd-10-cm"/><version value="2020"/><code value="K74.1"/><display value="Hepatic sclerosis"/></contains><contains><system value="http://hl7.org/fhir/sid/icd-10-cm"/><version value="2020"/><code value="K74.2"/><display value="Hepatic fibrosis with hepatic sclerosis"/></contains><contains><system value="http://hl7.org/fhir/sid/icd-10-cm"/><version value="2020"/><code value="K74.3"/><display value="Primary biliary cirrhosis"/></contains><contains><system value="http://hl7.org/fhir/sid/icd-10-cm"/><version value="2020"/><code value="K74.4"/><display value="Secondary biliary cirrhosis"/></contains><contains><system value="http://hl7.org/fhir/sid/icd-10-cm"/><version value="2020"/><code value="K74.5"/><display value="Biliary cirrhosis, unspecified"/></contains><contains><system value="http://hl7.org/fhir/sid/icd-10-cm"/><version value="2020"/><code value="K74.60"/><display value="Unspecified cirrhosis of liver"/></contains><contains><system value="http://hl7.org/fhir/sid/icd-10-cm"/><version value="2020"/><code value="K74.69"/><display value="Other cirrhosis of liver"/></contains><contains><system value="http://hl7.org/fhir/sid/icd-10-cm"/><version value="2020"/><code value="K76.1"/><display value="Chronic passive congestion of liver"/></contains><contains><system value="http://hl7.org/fhir/sid/icd-10-cm"/><version value="2020"/><code value="K76.2"/><display value="Central hemorrhagic necrosis of liver"/></contains><contains><system value="http://hl7.org/fhir/sid/icd-10-cm"/><version value="2020"/><code value="K76.3"/><display value="Infarction of liver"/></contains><contains><system value="http://hl7.org/fhir/sid/icd-10-cm"/><version value="2020"/><code value="K76.5"/><display value="Hepatic veno-occlusive disease"/></contains><contains><system value="http://hl7.org/fhir/sid/icd-10-cm"/><version value="2020"/><code value="K76.6"/><display value="Portal hypertension"/></contains><contains><system value="http://hl7.org/fhir/sid/icd-10-cm"/><version value="2020"/><code value="K76.7"/><display value="Hepatorenal syndrome"/></contains><contains><system value="http://terminology.hl7.org/CodeSystem/icd9cm"/><version value="2013"/><code value="571.0"/><display value="Alcoholic fatty liver"/></contains><contains><system value="http://terminology.hl7.org/CodeSystem/icd9cm"/><version value="2013"/><code value="571.1"/><display value="Acute alcoholic hepatitis"/></contains><contains><system value="http://terminology.hl7.org/CodeSystem/icd9cm"/><version value="2013"/><code value="571.2"/><display value="Alcoholic cirrhosis of liver"/></contains><contains><system value="http://terminology.hl7.org/CodeSystem/icd9cm"/><version value="2013"/><code value="571.3"/><display value="Alcoholic liver damage, unspecified"/></contains><contains><system value="http://terminology.hl7.org/CodeSystem/icd9cm"/><version value="2013"/><code value="571.40"/><display value="Chronic hepatitis, unspecified"/></contains><contains><system value="http://terminology.hl7.org/CodeSystem/icd9cm"/><version value="2013"/><code value="571.41"/><display value="Chronic persistent hepatitis"/></contains><contains><system value="http://terminology.hl7.org/CodeSystem/icd9cm"/><version value="2013"/><code value="571.42"/><display value="Autoimmune hepatitis"/></contains><contains><system value="http://terminology.hl7.org/CodeSystem/icd9cm"/><version value="2013"/><code value="571.49"/><display value="Other chronic hepatitis"/></contains><contains><system value="http://terminology.hl7.org/CodeSystem/icd9cm"/><version value="2013"/><code value="571.5"/><display value="Cirrhosis of liver without mention of alcohol"/></contains><contains><system value="http://terminology.hl7.org/CodeSystem/icd9cm"/><version value="2013"/><code value="571.6"/><display value="Biliary cirrhosis"/></contains><contains><system value="http://terminology.hl7.org/CodeSystem/icd9cm"/><version value="2013"/><code value="571.8"/><display value="Other chronic nonalcoholic liver disease"/></contains><contains><system value="http://terminology.hl7.org/CodeSystem/icd9cm"/><version value="2013"/><code value="571.9"/><display value="Unspecified chronic liver disease without mention of alcohol"/></contains><contains><system value="http://terminology.hl7.org/CodeSystem/icd9cm"/><version value="2013"/><code value="572.0"/><display value="Abscess of liver"/></contains><contains><system value="http://terminology.hl7.org/CodeSystem/icd9cm"/><version value="2013"/><code value="572.1"/><display value="Portal pyemia"/></contains><contains><system value="http://terminology.hl7.org/CodeSystem/icd9cm"/><version value="2013"/><code value="572.2"/><display value="Hepatic encephalopathy"/></contains><contains><system value="http://terminology.hl7.org/CodeSystem/icd9cm"/><version value="2013"/><code value="572.3"/><display value="Portal hypertension"/></contains><contains><system value="http://terminology.hl7.org/CodeSystem/icd9cm"/><version value="2013"/><code value="572.4"/><display value="Hepatorenal syndrome"/></contains><contains><system value="http://terminology.hl7.org/CodeSystem/icd9cm"/><version value="2013"/><code value="572.8"/><display value="Other sequelae of chronic liver disease"/></contains><contains><system value="http://terminology.hl7.org/CodeSystem/icd9cm"/><version value="2013"/><code value="573.0"/><display value="Chronic passive congestion of liver"/></contains><contains><system value="http://terminology.hl7.org/CodeSystem/icd9cm"/><version value="2013"/><code value="573.1"/><display value="Hepatitis in viral diseases classified elsewhere"/></contains><contains><system value="http://terminology.hl7.org/CodeSystem/icd9cm"/><version value="2013"/><code value="573.2"/><display value="Hepatitis in other infectious diseases classified elsewhere"/></contains><contains><system value="http://terminology.hl7.org/CodeSystem/icd9cm"/><version value="2013"/><code value="573.3"/><display value="Hepatitis, unspecified"/></contains><contains><system value="http://terminology.hl7.org/CodeSystem/icd9cm"/><version value="2013"/><code value="573.4"/><display value="Hepatic infarction"/></contains><contains><system value="http://terminology.hl7.org/CodeSystem/icd9cm"/><version value="2013"/><code value="573.5"/><display value="Hepatopulmonary syndrome"/></contains><contains><system value="http://terminology.hl7.org/CodeSystem/icd9cm"/><version value="2013"/><code value="573.8"/><display value="Other specified disorders of liver"/></contains><contains><system value="http://terminology.hl7.org/CodeSystem/icd9cm"/><version value="2013"/><code value="573.9"/><display value="Unspecified disorder of liver"/></contains><contains><system value="http://snomed.info/sct"/><version value="2015-03"/><code value="111370006"/><display value="Cirrhosis of liver not due to alcohol (disorder)"/></contains><contains><system value="http://snomed.info/sct"/><version value="2015-03"/><code value="197304003"/><display value="Cardituberculous cirrhosis (disorder)"/></contains><contains><system value="http://snomed.info/sct"/><version value="2018-09"/><code value="235870003"/><display value="Chronic non-A non-B hepatitis (disorder)"/></contains><contains><system value="http://snomed.info/sct"/><version value="2019-09"/><code value="10295004"/><display value="Chronic viral hepatitis (disorder)"/></contains><contains><system value="http://snomed.info/sct"/><version value="2019-09"/><code value="109819003"/><display value="Obstructive biliary cirrhosis (disorder)"/></contains><contains><system value="http://snomed.info/sct"/><version value="2019-09"/><code value="1116000"/><display value="Chronic aggressive type B viral hepatitis (disorder)"/></contains><contains><system value="http://snomed.info/sct"/><version value="2019-09"/><code value="123604002"/><display value="Toxic cirrhosis (disorder)"/></contains><contains><system value="http://snomed.info/sct"/><version value="2019-09"/><code value="123606000"/><display value="Cholangiolitic cirrhosis (disorder)"/></contains><contains><system value="http://snomed.info/sct"/><version value="2019-09"/><code value="123607009"/><display value="Septal fibrosis of liver (disorder)"/></contains><contains><system value="http://snomed.info/sct"/><version value="2019-09"/><code value="12368000"/><display value="Secondary biliary cirrhosis (disorder)"/></contains><contains><system value="http://snomed.info/sct"/><version value="2019-09"/><code value="123716002"/><display value="Latent cirrhosis (disorder)"/></contains><contains><system value="http://snomed.info/sct"/><version value="2019-09"/><code value="123717006"/><display value="Advanced cirrhosis (disorder)"/></contains><contains><system value="http://snomed.info/sct"/><version value="2019-09"/><code value="128302006"/><display value="Chronic hepatitis C (disorder)"/></contains><contains><system value="http://snomed.info/sct"/><version value="2019-09"/><code value="15999000"/><display value="Mixed micro AND macronodular cirrhosis (disorder)"/></contains><contains><system value="http://snomed.info/sct"/><version value="2019-09"/><code value="1761006"/><display value="Biliary cirrhosis (disorder)"/></contains><contains><system value="http://snomed.info/sct"/><version value="2019-09"/><code value="186639003"/><display value="Chronic viral hepatitis B without delta-agent (disorder)"/></contains><contains><system value="http://snomed.info/sct"/><version value="2019-09"/><code value="186698009"/><display value="Cytomegalovirus hepatitis (disorder)"/></contains><contains><system value="http://snomed.info/sct"/><version value="2019-09"/><code value="197279005"/><display value="Cirrhosis and chronic liver disease (disorder)"/></contains><contains><system value="http://snomed.info/sct"/><version value="2019-09"/><code value="197284004"/><display value="Chronic active hepatitis (disorder)"/></contains><contains><system value="http://snomed.info/sct"/><version value="2019-09"/><code value="197293003"/><display value="Diffuse nodular cirrhosis (disorder)"/></contains><contains><system value="http://snomed.info/sct"/><version value="2019-09"/><code value="197296006"/><display value="Capsular portal cirrhosis (disorder)"/></contains><contains><system value="http://snomed.info/sct"/><version value="2019-09"/><code value="197441003"/><display value="Primary sclerosing cholangitis (disorder)"/></contains><contains><system value="http://snomed.info/sct"/><version value="2019-09"/><code value="197442005"/><display value="Secondary sclerosing cholangitis (disorder)"/></contains><contains><system value="http://snomed.info/sct"/><version value="2019-09"/><code value="19943007"/><display value="Cirrhosis of liver (disorder)"/></contains><contains><system value="http://snomed.info/sct"/><version value="2019-09"/><code value="21861000"/><display value="Micronodular cirrhosis (disorder)"/></contains><contains><system value="http://snomed.info/sct"/><version value="2019-09"/><code value="235869004"/><display value="Chronic viral hepatitis B with hepatitis D (disorder)"/></contains><contains><system value="http://snomed.info/sct"/><version value="2019-09"/><code value="235880004"/><display value="Alcoholic fibrosis and sclerosis of liver (disorder)"/></contains><contains><system value="http://snomed.info/sct"/><version value="2019-09"/><code value="235889003"/><display value="Drug-induced chronic hepatitis (disorder)"/></contains><contains><system value="http://snomed.info/sct"/><version value="2019-09"/><code value="235895002"/><display value="Laennec&#39;s cirrhosis, non-alcoholic (disorder)"/></contains><contains><system value="http://snomed.info/sct"/><version value="2019-09"/><code value="235896001"/><display value="Infectious cirrhosis (disorder)"/></contains><contains><system value="http://snomed.info/sct"/><version value="2019-09"/><code value="235897005"/><display value="Hypoxia-associated cirrhosis (disorder)"/></contains><contains><system value="http://snomed.info/sct"/><version value="2019-09"/><code value="235898000"/><display value="Pericellular fibrosis of congenital syphilis (disorder)"/></contains><contains><system value="http://snomed.info/sct"/><version value="2019-09"/><code value="235899008"/><display value="Hepatic sclerosis (disorder)"/></contains><contains><system value="http://snomed.info/sct"/><version value="2019-09"/><code value="235900003"/><display value="Portal and splenic vein sclerosis (disorder)"/></contains><contains><system value="http://snomed.info/sct"/><version value="2019-09"/><code value="235901004"/><display value="Hepatic fibrosis with hepatic sclerosis (disorder)"/></contains><contains><system value="http://snomed.info/sct"/><version value="2019-09"/><code value="235902006"/><display value="Intrahepatic phlebosclerosis and fibrosis (disorder)"/></contains><contains><system value="http://snomed.info/sct"/><version value="2019-09"/><code value="235917005"/><display value="Sclerosing cholangitis (disorder)"/></contains><contains><system value="http://snomed.info/sct"/><version value="2019-09"/><code value="266468003"/><display value="Cirrhosis - non-alcoholic (disorder)"/></contains><contains><system value="http://snomed.info/sct"/><version value="2019-09"/><code value="271440004"/><display value="Cirrhosis secondary to cholestasis (disorder)"/></contains><contains><system value="http://snomed.info/sct"/><version value="2019-09"/><code value="27156006"/><display value="Posthepatitic cirrhosis (disorder)"/></contains><contains><system value="http://snomed.info/sct"/><version value="2019-09"/><code value="281388009"/><display value="Human immunodeficiency virus-related sclerosing cholangitis (disorder)"/></contains><contains><system value="http://snomed.info/sct"/><version value="2019-09"/><code value="30188007"/><display value="Alpha-1-antitrypsin deficiency (disorder)"/></contains><contains><system value="http://snomed.info/sct"/><version value="2019-09"/><code value="31712002"/><display value="Primary biliary cholangitis (disorder)"/></contains><contains><system value="http://snomed.info/sct"/><version value="2019-09"/><code value="328383001"/><display value="Chronic liver disease (disorder)"/></contains><contains><system value="http://snomed.info/sct"/><version value="2019-09"/><code value="33144001"/><display value="Parasitic cirrhosis (disorder)"/></contains><contains><system value="http://snomed.info/sct"/><version value="2019-09"/><code value="371139006"/><display value="Early cirrhosis (disorder)"/></contains><contains><system value="http://snomed.info/sct"/><version value="2019-09"/><code value="37688005"/><display value="Clonorchiasis with biliary cirrhosis (disorder)"/></contains><contains><system value="http://snomed.info/sct"/><version value="2019-09"/><code value="38662009"/><display value="Chronic persistent type B viral hepatitis (disorder)"/></contains><contains><system value="http://snomed.info/sct"/><version value="2019-09"/><code value="41889008"/><display value="Chronic persistent hepatitis (disorder)"/></contains><contains><system value="http://snomed.info/sct"/><version value="2019-09"/><code value="420054005"/><display value="Alcoholic cirrhosis (disorder)"/></contains><contains><system value="http://snomed.info/sct"/><version value="2019-09"/><code value="424340000"/><display value="Hepatic coma due to chronic hepatitis B (disorder)"/></contains><contains><system value="http://snomed.info/sct"/><version value="2019-09"/><code value="425413006"/><display value="Drug-induced cirrhosis of liver (disorder)"/></contains><contains><system value="http://snomed.info/sct"/><version value="2019-09"/><code value="43904005"/><display value="Macronodular cirrhosis (disorder)"/></contains><contains><system value="http://snomed.info/sct"/><version value="2019-09"/><code value="450880008"/><display value="Chronic hepatitis E (disorder)"/></contains><contains><system value="http://snomed.info/sct"/><version value="2019-09"/><code value="50167007"/><display value="Chronic active type B viral hepatitis (disorder)"/></contains><contains><system value="http://snomed.info/sct"/><version value="2019-09"/><code value="536002"/><display value="Glissonian cirrhosis (disorder)"/></contains><contains><system value="http://snomed.info/sct"/><version value="2019-09"/><code value="57339008"/><display value="Chronic lobular hepatitis (disorder)"/></contains><contains><system value="http://snomed.info/sct"/><version value="2019-09"/><code value="60037002"/><display value="Chronic persistent viral hepatitis (disorder)"/></contains><contains><system value="http://snomed.info/sct"/><version value="2019-09"/><code value="61977001"/><display value="Chronic type B viral hepatitis (disorder)"/></contains><contains><system value="http://snomed.info/sct"/><version value="2019-09"/><code value="62484002"/><display value="Hepatic fibrosis (disorder)"/></contains><contains><system value="http://snomed.info/sct"/><version value="2019-09"/><code value="66870002"/><display value="Chronic active viral hepatitis (disorder)"/></contains><contains><system value="http://snomed.info/sct"/><version value="2019-09"/><code value="735733008"/><display value="Cirrhosis of liver co-occurrent and due to primary sclerosing cholangitis (disorder)"/></contains><contains><system value="http://snomed.info/sct"/><version value="2019-09"/><code value="737202006"/><display value="Fibropolycystic disease of liver (disorder)"/></contains><contains><system value="http://snomed.info/sct"/><version value="2019-09"/><code value="76301009"/><display value="Florid cirrhosis (disorder)"/></contains><contains><system value="http://snomed.info/sct"/><version value="2019-09"/><code value="767809001"/><display value="Chronic hepatitis C caused by hepatitis C virus genotype 6 (disorder)"/></contains><contains><system value="http://snomed.info/sct"/><version value="2019-09"/><code value="767810006"/><display value="Chronic hepatitis C caused by hepatitis C virus genotype 5 (disorder)"/></contains><contains><system value="http://snomed.info/sct"/><version value="2019-09"/><code value="76783007"/><display value="Chronic hepatitis (disorder)"/></contains><contains><system value="http://snomed.info/sct"/><version value="2019-09"/><code value="768006009"/><display value="Chronic hepatitis C caused by Hepatitis C virus genotype 3 (disorder)"/></contains><contains><system value="http://snomed.info/sct"/><version value="2019-09"/><code value="768125005"/><display value="Chronic hepatitis C caused by Hepatitis C virus genotype 2 (disorder)"/></contains><contains><system value="http://snomed.info/sct"/><version value="2019-09"/><code value="768126006"/><display value="Chronic hepatitis C caused by Hepatitis C virus genotype 4 (disorder)"/></contains><contains><system value="http://snomed.info/sct"/><version value="2019-09"/><code value="768127002"/><display value="Chronic hepatitis C caused by Hepatitis C virus genotype 1 (disorder)"/></contains><contains><system value="http://snomed.info/sct"/><version value="2019-09"/><code value="768288001"/><display value="Chronic hepatitis C caused by Hepatitis C virus genotype 1b (disorder)"/></contains><contains><system value="http://snomed.info/sct"/><version value="2019-09"/><code value="768289009"/><display value="Chronic hepatitis C caused by Hepatitis C virus genotype 1a (disorder)"/></contains><contains><system value="http://snomed.info/sct"/><version value="2019-09"/><code value="78208005"/><display value="Pigment cirrhosis (disorder)"/></contains><contains><system value="http://snomed.info/sct"/><version value="2019-09"/><code value="79607001"/><display value="Congenital hepatic fibrosis (disorder)"/></contains><contains><system value="http://snomed.info/sct"/><version value="2019-09"/><code value="79720007"/><display value="Chronic nonalcoholic liver disease (disorder)"/></contains><contains><system value="http://snomed.info/sct"/><version value="2019-09"/><code value="81675001"/><display value="Chronic yellow atrophy of liver (disorder)"/></contains><contains><system value="http://snomed.info/sct"/><version value="2019-09"/><code value="86454000"/><display value="Postnecrotic cirrhosis (disorder)"/></contains><contains><system value="http://snomed.info/sct"/><version value="2019-09"/><code value="88518009"/><display value="Wilson&#39;s disease (disorder)"/></contains><contains><system value="http://snomed.info/sct"/><version value="2019-09"/><code value="89789003"/><display value="Chronic aggressive viral hepatitis (disorder)"/></contains></expansion></ValueSet>