<?xml version="1.0" encoding="UTF-8"?><ValueSet xmlns="http://hl7.org/fhir"><id value="2.16.840.1.113883.3.464.1003.198.12.1010"/><text><status value="generated"/><div xmlns="http://www.w3.org/1999/xhtml"><p>This value set contains 22 concepts</p><table class="codes"><tr><td style="white-space:nowrap"><b>Code</b></td><td><b>System</b></td><td><b>Display</b></td><td><b>Definition</b></td></tr><tr><td style="white-space:nowrap"><a name="http---www.ama-assn.org-go-cpt-45339"> </a>45339</td><td>http://www.ama-assn.org/go/cpt</td><td>Sigmoidoscopy, flexible; with ablation of tumor(s), polyp(s), or other lesion(s) not amenable to removal by hot biopsy forceps, bipolar cautery or snare technique</td><td/></tr><tr><td style="white-space:nowrap"><a name="http---www.ama-assn.org-go-cpt-45345"> </a>45345</td><td>http://www.ama-assn.org/go/cpt</td><td>Sigmoidoscopy, flexible; with transendoscopic stent placement (includes predilation)</td><td/></tr><tr><td style="white-space:nowrap"><a name="http---www.ama-assn.org-go-cpt-45330"> </a>45330</td><td>http://www.ama-assn.org/go/cpt</td><td>Sigmoidoscopy, flexible; diagnostic, including collection of specimen(s) by brushing or washing, when performed (separate procedure)</td><td/></tr><tr><td style="white-space:nowrap"><a name="http---www.ama-assn.org-go-cpt-45331"> </a>45331</td><td>http://www.ama-assn.org/go/cpt</td><td>Sigmoidoscopy, flexible; with biopsy, single or multiple</td><td/></tr><tr><td style="white-space:nowrap"><a name="http---www.ama-assn.org-go-cpt-45332"> </a>45332</td><td>http://www.ama-assn.org/go/cpt</td><td>Sigmoidoscopy, flexible; with removal of foreign body(s)</td><td/></tr><tr><td style="white-space:nowrap"><a name="http---www.ama-assn.org-go-cpt-45333"> </a>45333</td><td>http://www.ama-assn.org/go/cpt</td><td>Sigmoidoscopy, flexible; with removal of tumor(s), polyp(s), or other lesion(s) by hot biopsy forceps</td><td/></tr><tr><td style="white-space:nowrap"><a name="http---www.ama-assn.org-go-cpt-45334"> </a>45334</td><td>http://www.ama-assn.org/go/cpt</td><td>Sigmoidoscopy, flexible; with control of bleeding, any method</td><td/></tr><tr><td style="white-space:nowrap"><a name="http---www.ama-assn.org-go-cpt-45335"> </a>45335</td><td>http://www.ama-assn.org/go/cpt</td><td>Sigmoidoscopy, flexible; with directed submucosal injection(s), any substance</td><td/></tr><tr><td style="white-space:nowrap"><a name="http---www.ama-assn.org-go-cpt-45337"> </a>45337</td><td>http://www.ama-assn.org/go/cpt</td><td>Sigmoidoscopy, flexible; with decompression (for pathologic distention) (eg, volvulus, megacolon), including placement of decompression tube, when performed</td><td/></tr><tr><td style="white-space:nowrap"><a name="http---www.ama-assn.org-go-cpt-45338"> </a>45338</td><td>http://www.ama-assn.org/go/cpt</td><td>Sigmoidoscopy, flexible; with removal of tumor(s), polyp(s), or other lesion(s) by snare technique</td><td/></tr><tr><td style="white-space:nowrap"><a name="http---www.ama-assn.org-go-cpt-45340"> </a>45340</td><td>http://www.ama-assn.org/go/cpt</td><td>Sigmoidoscopy, flexible; with transendoscopic balloon dilation</td><td/></tr><tr><td style="white-space:nowrap"><a name="http---www.ama-assn.org-go-cpt-45341"> </a>45341</td><td>http://www.ama-assn.org/go/cpt</td><td>Sigmoidoscopy, flexible; with endoscopic ultrasound examination</td><td/></tr><tr><td style="white-space:nowrap"><a name="http---www.ama-assn.org-go-cpt-45342"> </a>45342</td><td>http://www.ama-assn.org/go/cpt</td><td>Sigmoidoscopy, flexible; with transendoscopic ultrasound guided intramural or transmural fine needle aspiration/biopsy(s)</td><td/></tr><tr><td style="white-space:nowrap"><a name="http---www.ama-assn.org-go-cpt-45346"> </a>45346</td><td>http://www.ama-assn.org/go/cpt</td><td>Sigmoidoscopy, flexible; with ablation of tumor(s), polyp(s), or other lesion(s) (includes pre- and post-dilation and guide wire passage, when performed)</td><td/></tr><tr><td style="white-space:nowrap"><a name="http---www.ama-assn.org-go-cpt-45347"> </a>45347</td><td>http://www.ama-assn.org/go/cpt</td><td>Sigmoidoscopy, flexible; with placement of endoscopic stent (includes pre- and post-dilation and guide wire passage, when performed)</td><td/></tr><tr><td style="white-space:nowrap"><a name="http---www.ama-assn.org-go-cpt-45349"> </a>45349</td><td>http://www.ama-assn.org/go/cpt</td><td>Sigmoidoscopy, flexible; with endoscopic mucosal resection</td><td/></tr><tr><td style="white-space:nowrap"><a name="http---www.ama-assn.org-go-cpt-45350"> </a>45350</td><td>http://www.ama-assn.org/go/cpt</td><td>Sigmoidoscopy, flexible; with band ligation(s) (eg, hemorrhoids)</td><td/></tr><tr><td style="white-space:nowrap"><a name="urn-oid-2.16.840.1.113883.6.285-G0104"> </a>G0104</td><td>urn:oid:2.16.840.1.113883.6.285</td><td>Colorectal cancer screening; flexible sigmoidoscopy</td><td/></tr><tr><td style="white-space:nowrap"><a name="http---snomed.info-sct-396226005"> </a><a href="http://browser.ihtsdotools.org/?perspective=full&amp;conceptId1=396226005">396226005</a></td><td>http://snomed.info/sct</td><td>Flexible fiberoptic sigmoidoscopy with biopsy (procedure)</td><td/></tr><tr><td style="white-space:nowrap"><a name="http---snomed.info-sct-425634007"> </a><a href="http://browser.ihtsdotools.org/?perspective=full&amp;conceptId1=425634007">425634007</a></td><td>http://snomed.info/sct</td><td>Diagnostic endoscopic examination of lower bowel and sampling for bacterial overgrowth using fiberoptic sigmoidoscope (procedure)</td><td/></tr><tr><td style="white-space:nowrap"><a name="http---snomed.info-sct-44441009"> </a><a href="http://browser.ihtsdotools.org/?perspective=full&amp;conceptId1=44441009">44441009</a></td><td>http://snomed.info/sct</td><td>Flexible fiberoptic sigmoidoscopy (procedure)</td><td/></tr><tr><td style="white-space:nowrap"><a name="http---snomed.info-sct-841000119107"> </a><a href="http://browser.ihtsdotools.org/?perspective=full&amp;conceptId1=841000119107">841000119107</a></td><td>http://snomed.info/sct</td><td>History of flexible sigmoidoscopy (situation)</td><td/></tr></table></div></text><url value="http://cts.nlm.nih.gov/fhir/ValueSet/2.16.840.1.113883.3.464.1003.198.12.1010"/><identifier><system value="urn:ietf:rfc:3986"/><value value="2.16.840.1.113883.3.464.1003.198.12.1010"/></identifier><version value="1.0.0"/><name value="FlexibleSigmoidoscopy"/><title value="Flexible Sigmoidoscopy"/><status value="active"/><experimental value="false"/><date value="2021-09-03T16:48:06+00:00"/><publisher value="U.S. Preventive Services Task Force (USPSTF)"/><contact><telecom><system value="url"/><value value="https://www.uspreventiveservicestaskforce.org/uspstf/"/></telecom></contact><jurisdiction><coding><system value="http://unstats.un.org/unsd/methods/m49/m49.htm"/><code value="001"/></coding></jurisdiction><expansion><identifier value="20200507"/><timestamp value="2021-01-14T20:59:46-07:00"/><contains><system value="http://www.ama-assn.org/go/cpt"/><version value="2014"/><code value="45339"/><display value="Sigmoidoscopy, flexible; with ablation of tumor(s), polyp(s), or other lesion(s) not amenable to removal by hot biopsy forceps, bipolar cautery or snare technique"/></contains><contains><system value="http://www.ama-assn.org/go/cpt"/><version value="2014"/><code value="45345"/><display value="Sigmoidoscopy, flexible; with transendoscopic stent placement (includes predilation)"/></contains><contains><system value="http://www.ama-assn.org/go/cpt"/><version value="2020"/><code value="45330"/><display value="Sigmoidoscopy, flexible; diagnostic, including collection of specimen(s) by brushing or washing, when performed (separate procedure)"/></contains><contains><system value="http://www.ama-assn.org/go/cpt"/><version value="2020"/><code value="45331"/><display value="Sigmoidoscopy, flexible; with biopsy, single or multiple"/></contains><contains><system value="http://www.ama-assn.org/go/cpt"/><version value="2020"/><code value="45332"/><display value="Sigmoidoscopy, flexible; with removal of foreign body(s)"/></contains><contains><system value="http://www.ama-assn.org/go/cpt"/><version value="2020"/><code value="45333"/><display value="Sigmoidoscopy, flexible; with removal of tumor(s), polyp(s), or other lesion(s) by hot biopsy forceps"/></contains><contains><system value="http://www.ama-assn.org/go/cpt"/><version value="2020"/><code value="45334"/><display value="Sigmoidoscopy, flexible; with control of bleeding, any method"/></contains><contains><system value="http://www.ama-assn.org/go/cpt"/><version value="2020"/><code value="45335"/><display value="Sigmoidoscopy, flexible; with directed submucosal injection(s), any substance"/></contains><contains><system value="http://www.ama-assn.org/go/cpt"/><version value="2020"/><code value="45337"/><display value="Sigmoidoscopy, flexible; with decompression (for pathologic distention) (eg, volvulus, megacolon), including placement of decompression tube, when performed"/></contains><contains><system value="http://www.ama-assn.org/go/cpt"/><version value="2020"/><code value="45338"/><display value="Sigmoidoscopy, flexible; with removal of tumor(s), polyp(s), or other lesion(s) by snare technique"/></contains><contains><system value="http://www.ama-assn.org/go/cpt"/><version value="2020"/><code value="45340"/><display value="Sigmoidoscopy, flexible; with transendoscopic balloon dilation"/></contains><contains><system value="http://www.ama-assn.org/go/cpt"/><version value="2020"/><code value="45341"/><display value="Sigmoidoscopy, flexible; with endoscopic ultrasound examination"/></contains><contains><system value="http://www.ama-assn.org/go/cpt"/><version value="2020"/><code value="45342"/><display value="Sigmoidoscopy, flexible; with transendoscopic ultrasound guided intramural or transmural fine needle aspiration/biopsy(s)"/></contains><contains><system value="http://www.ama-assn.org/go/cpt"/><version value="2020"/><code value="45346"/><display value="Sigmoidoscopy, flexible; with ablation of tumor(s), polyp(s), or other lesion(s) (includes pre- and post-dilation and guide wire passage, when performed)"/></contains><contains><system value="http://www.ama-assn.org/go/cpt"/><version value="2020"/><code value="45347"/><display value="Sigmoidoscopy, flexible; with placement of endoscopic stent (includes pre- and post-dilation and guide wire passage, when performed)"/></contains><contains><system value="http://www.ama-assn.org/go/cpt"/><version value="2020"/><code value="45349"/><display value="Sigmoidoscopy, flexible; with endoscopic mucosal resection"/></contains><contains><system value="http://www.ama-assn.org/go/cpt"/><version value="2020"/><code value="45350"/><display value="Sigmoidoscopy, flexible; with band ligation(s) (eg, hemorrhoids)"/></contains><contains><system value="urn:oid:2.16.840.1.113883.6.285"/><version value="2020"/><code value="G0104"/><display value="Colorectal cancer screening; flexible sigmoidoscopy"/></contains><contains><system value="http://snomed.info/sct"/><version value="2019-09"/><code value="396226005"/><display value="Flexible fiberoptic sigmoidoscopy with biopsy (procedure)"/></contains><contains><system value="http://snomed.info/sct"/><version value="2019-09"/><code value="425634007"/><display value="Diagnostic endoscopic examination of lower bowel and sampling for bacterial overgrowth using fiberoptic sigmoidoscope (procedure)"/></contains><contains><system value="http://snomed.info/sct"/><version value="2019-09"/><code value="44441009"/><display value="Flexible fiberoptic sigmoidoscopy (procedure)"/></contains><contains><system value="http://snomed.info/sct"/><version value="2019-09"/><code value="841000119107"/><display value="History of flexible sigmoidoscopy (situation)"/></contains></expansion></ValueSet>