<?xml version="1.0" encoding="UTF-8"?><ValueSet xmlns="http://hl7.org/fhir"><id value="2.16.840.1.113883.3.464.1003.106.12.1005"/><text><status value="generated"/><div xmlns="http://www.w3.org/1999/xhtml"><p>This value set contains 41 concepts</p><p>All codes in this table are from the system <a href="http://terminology.hl7.org/2.1.0/CodeSystem-v3-snomed-CT.html"><code>http://snomed.info/sct</code></a></p><table class="codes"><tr><td style="white-space:nowrap"><b>Code</b></td><td><b>Display</b></td><td><b>Definition</b></td></tr><tr><td style="white-space:nowrap"><a name="http---snomed.info-sct-171047005"> </a><a href="http://browser.ihtsdotools.org/?perspective=full&amp;conceptId1=171047005">171047005</a></td><td>Drugs of addiction education (procedure)</td><td/></tr><tr><td style="white-space:nowrap"><a name="http---snomed.info-sct-20093000"> </a><a href="http://browser.ihtsdotools.org/?perspective=full&amp;conceptId1=20093000">20093000</a></td><td>Alcohol rehabilitation and detoxification (regime/therapy)</td><td/></tr><tr><td style="white-space:nowrap"><a name="http---snomed.info-sct-23915005"> </a><a href="http://browser.ihtsdotools.org/?perspective=full&amp;conceptId1=23915005">23915005</a></td><td>Combined alcohol and drug rehabilitation and detoxification (regime/therapy)</td><td/></tr><tr><td style="white-space:nowrap"><a name="http---snomed.info-sct-24165007"> </a><a href="http://browser.ihtsdotools.org/?perspective=full&amp;conceptId1=24165007">24165007</a></td><td>Alcoholism counseling (procedure)</td><td/></tr><tr><td style="white-space:nowrap"><a name="http---snomed.info-sct-266707007"> </a><a href="http://browser.ihtsdotools.org/?perspective=full&amp;conceptId1=266707007">266707007</a></td><td>Drug addiction therapy (regime/therapy)</td><td/></tr><tr><td style="white-space:nowrap"><a name="http---snomed.info-sct-310653000"> </a><a href="http://browser.ihtsdotools.org/?perspective=full&amp;conceptId1=310653000">310653000</a></td><td>Drug addiction therapy - methadone (regime/therapy)</td><td/></tr><tr><td style="white-space:nowrap"><a name="http---snomed.info-sct-313071005"> </a><a href="http://browser.ihtsdotools.org/?perspective=full&amp;conceptId1=313071005">313071005</a></td><td>Counseling for substance abuse (procedure)</td><td/></tr><tr><td style="white-space:nowrap"><a name="http---snomed.info-sct-370881007"> </a><a href="http://browser.ihtsdotools.org/?perspective=full&amp;conceptId1=370881007">370881007</a></td><td>Abuse prevention assessment (procedure)</td><td/></tr><tr><td style="white-space:nowrap"><a name="http---snomed.info-sct-370884004"> </a><a href="http://browser.ihtsdotools.org/?perspective=full&amp;conceptId1=370884004">370884004</a></td><td>Abuse prevention management (procedure)</td><td/></tr><tr><td style="white-space:nowrap"><a name="http---snomed.info-sct-385989002"> </a><a href="http://browser.ihtsdotools.org/?perspective=full&amp;conceptId1=385989002">385989002</a></td><td>Substance use therapy (regime/therapy)</td><td/></tr><tr><td style="white-space:nowrap"><a name="http---snomed.info-sct-386448003"> </a><a href="http://browser.ihtsdotools.org/?perspective=full&amp;conceptId1=386448003">386448003</a></td><td>Substance use prevention (procedure)</td><td/></tr><tr><td style="white-space:nowrap"><a name="http---snomed.info-sct-386449006"> </a><a href="http://browser.ihtsdotools.org/?perspective=full&amp;conceptId1=386449006">386449006</a></td><td>Substance use treatment: alcohol withdrawal (regime/therapy)</td><td/></tr><tr><td style="white-space:nowrap"><a name="http---snomed.info-sct-386450006"> </a><a href="http://browser.ihtsdotools.org/?perspective=full&amp;conceptId1=386450006">386450006</a></td><td>Substance use treatment: drug withdrawal (regime/therapy)</td><td/></tr><tr><td style="white-space:nowrap"><a name="http---snomed.info-sct-386451005"> </a><a href="http://browser.ihtsdotools.org/?perspective=full&amp;conceptId1=386451005">386451005</a></td><td>Substance use treatment: overdose (regime/therapy)</td><td/></tr><tr><td style="white-space:nowrap"><a name="http---snomed.info-sct-408933008"> </a><a href="http://browser.ihtsdotools.org/?perspective=full&amp;conceptId1=408933008">408933008</a></td><td>Substance abuse prevention (procedure)</td><td/></tr><tr><td style="white-space:nowrap"><a name="http---snomed.info-sct-408934002"> </a><a href="http://browser.ihtsdotools.org/?perspective=full&amp;conceptId1=408934002">408934002</a></td><td>Substance abuse prevention assessment (procedure)</td><td/></tr><tr><td style="white-space:nowrap"><a name="http---snomed.info-sct-408935001"> </a><a href="http://browser.ihtsdotools.org/?perspective=full&amp;conceptId1=408935001">408935001</a></td><td>Substance abuse prevention education (procedure)</td><td/></tr><tr><td style="white-space:nowrap"><a name="http---snomed.info-sct-408936000"> </a><a href="http://browser.ihtsdotools.org/?perspective=full&amp;conceptId1=408936000">408936000</a></td><td>Substance abuse prevention management (procedure)</td><td/></tr><tr><td style="white-space:nowrap"><a name="http---snomed.info-sct-408941008"> </a><a href="http://browser.ihtsdotools.org/?perspective=full&amp;conceptId1=408941008">408941008</a></td><td>Drug abuse prevention (procedure)</td><td/></tr><tr><td style="white-space:nowrap"><a name="http---snomed.info-sct-408942001"> </a><a href="http://browser.ihtsdotools.org/?perspective=full&amp;conceptId1=408942001">408942001</a></td><td>Drug abuse prevention assessment (procedure)</td><td/></tr><tr><td style="white-space:nowrap"><a name="http---snomed.info-sct-408943006"> </a><a href="http://browser.ihtsdotools.org/?perspective=full&amp;conceptId1=408943006">408943006</a></td><td>Drug abuse prevention education (procedure)</td><td/></tr><tr><td style="white-space:nowrap"><a name="http---snomed.info-sct-408944000"> </a><a href="http://browser.ihtsdotools.org/?perspective=full&amp;conceptId1=408944000">408944000</a></td><td>Drug abuse prevention management (procedure)</td><td/></tr><tr><td style="white-space:nowrap"><a name="http---snomed.info-sct-408945004"> </a><a href="http://browser.ihtsdotools.org/?perspective=full&amp;conceptId1=408945004">408945004</a></td><td>Alcohol abuse prevention (procedure)</td><td/></tr><tr><td style="white-space:nowrap"><a name="http---snomed.info-sct-408947007"> </a><a href="http://browser.ihtsdotools.org/?perspective=full&amp;conceptId1=408947007">408947007</a></td><td>Alcohol abuse prevention education (procedure)</td><td/></tr><tr><td style="white-space:nowrap"><a name="http---snomed.info-sct-408948002"> </a><a href="http://browser.ihtsdotools.org/?perspective=full&amp;conceptId1=408948002">408948002</a></td><td>Alcohol abuse prevention management (procedure)</td><td/></tr><tr><td style="white-space:nowrap"><a name="http---snomed.info-sct-410419007"> </a><a href="http://browser.ihtsdotools.org/?perspective=full&amp;conceptId1=410419007">410419007</a></td><td>Substance use surveillance (regime/therapy)</td><td/></tr><tr><td style="white-space:nowrap"><a name="http---snomed.info-sct-413473000"> </a><a href="http://browser.ihtsdotools.org/?perspective=full&amp;conceptId1=413473000">413473000</a></td><td>Counseling about alcohol consumption (procedure)</td><td/></tr><tr><td style="white-space:nowrap"><a name="http---snomed.info-sct-423416000"> </a><a href="http://browser.ihtsdotools.org/?perspective=full&amp;conceptId1=423416000">423416000</a></td><td>Substance use cessation case management (procedure)</td><td/></tr><tr><td style="white-space:nowrap"><a name="http---snomed.info-sct-424148004"> </a><a href="http://browser.ihtsdotools.org/?perspective=full&amp;conceptId1=424148004">424148004</a></td><td>Substance use cessation surveillance (regime/therapy)</td><td/></tr><tr><td style="white-space:nowrap"><a name="http---snomed.info-sct-424407005"> </a><a href="http://browser.ihtsdotools.org/?perspective=full&amp;conceptId1=424407005">424407005</a></td><td>Substance use cessation education, guidance, and counseling (procedure)</td><td/></tr><tr><td style="white-space:nowrap"><a name="http---snomed.info-sct-424589009"> </a><a href="http://browser.ihtsdotools.org/?perspective=full&amp;conceptId1=424589009">424589009</a></td><td>Substance use treatment: cessation (regime/therapy)</td><td/></tr><tr><td style="white-space:nowrap"><a name="http---snomed.info-sct-426928008"> </a><a href="http://browser.ihtsdotools.org/?perspective=full&amp;conceptId1=426928008">426928008</a></td><td>Prevention of opioid abuse (procedure)</td><td/></tr><tr><td style="white-space:nowrap"><a name="http---snomed.info-sct-429291000124102"> </a><a href="http://browser.ihtsdotools.org/?perspective=full&amp;conceptId1=429291000124102">429291000124102</a></td><td>Alcohol brief intervention (procedure)</td><td/></tr><tr><td style="white-space:nowrap"><a name="http---snomed.info-sct-56876005"> </a><a href="http://browser.ihtsdotools.org/?perspective=full&amp;conceptId1=56876005">56876005</a></td><td>Drug rehabilitation and detoxification (regime/therapy)</td><td/></tr><tr><td style="white-space:nowrap"><a name="http---snomed.info-sct-60112009"> </a><a href="http://browser.ihtsdotools.org/?perspective=full&amp;conceptId1=60112009">60112009</a></td><td>Drug addiction counseling (procedure)</td><td/></tr><tr><td style="white-space:nowrap"><a name="http---snomed.info-sct-707166002"> </a><a href="http://browser.ihtsdotools.org/?perspective=full&amp;conceptId1=707166002">707166002</a></td><td>Alcohol reduction program (regime/therapy)</td><td/></tr><tr><td style="white-space:nowrap"><a name="http---snomed.info-sct-720174008"> </a><a href="http://browser.ihtsdotools.org/?perspective=full&amp;conceptId1=720174008">720174008</a></td><td>Drug harm reduction program (regime/therapy)</td><td/></tr><tr><td style="white-space:nowrap"><a name="http---snomed.info-sct-720175009"> </a><a href="http://browser.ihtsdotools.org/?perspective=full&amp;conceptId1=720175009">720175009</a></td><td>Alcohol harm reduction program (regime/therapy)</td><td/></tr><tr><td style="white-space:nowrap"><a name="http---snomed.info-sct-720176005"> </a><a href="http://browser.ihtsdotools.org/?perspective=full&amp;conceptId1=720176005">720176005</a></td><td>Alcohol relapse prevention program (regime/therapy)</td><td/></tr><tr><td style="white-space:nowrap"><a name="http---snomed.info-sct-720177001"> </a><a href="http://browser.ihtsdotools.org/?perspective=full&amp;conceptId1=720177001">720177001</a></td><td>Drug relapse prevention program (regime/therapy)</td><td/></tr><tr><td style="white-space:nowrap"><a name="http---snomed.info-sct-737363002"> </a><a href="http://browser.ihtsdotools.org/?perspective=full&amp;conceptId1=737363002">737363002</a></td><td>Alcohol abuse surveillance (regime/therapy)</td><td/></tr></table></div></text><url value="http://cts.nlm.nih.gov/fhir/ValueSet/2.16.840.1.113883.3.464.1003.106.12.1005"/><identifier><system value="urn:ietf:rfc:3986"/><value value="2.16.840.1.113883.3.464.1003.106.12.1005"/></identifier><version value="1.0.0"/><name value="AlcoholandDrugDependenceTreatment"/><title value="Alcohol and Drug Dependence Treatment"/><status value="active"/><experimental value="false"/><date value="2021-09-03T16:48:06+00:00"/><publisher value="U.S. Preventive Services Task Force (USPSTF)"/><contact><telecom><system value="url"/><value value="https://www.uspreventiveservicestaskforce.org/uspstf/"/></telecom></contact><jurisdiction><coding><system value="http://unstats.un.org/unsd/methods/m49/m49.htm"/><code value="001"/></coding></jurisdiction><expansion><identifier value="20200507"/><timestamp value="2021-01-14T20:59:46-07:00"/><contains><system value="http://snomed.info/sct"/><version value="2019-09"/><code value="171047005"/><display value="Drugs of addiction education (procedure)"/></contains><contains><system value="http://snomed.info/sct"/><version value="2019-09"/><code value="20093000"/><display value="Alcohol rehabilitation and detoxification (regime/therapy)"/></contains><contains><system value="http://snomed.info/sct"/><version value="2019-09"/><code value="23915005"/><display value="Combined alcohol and drug rehabilitation and detoxification (regime/therapy)"/></contains><contains><system value="http://snomed.info/sct"/><version value="2019-09"/><code value="24165007"/><display value="Alcoholism counseling (procedure)"/></contains><contains><system value="http://snomed.info/sct"/><version value="2019-09"/><code value="266707007"/><display value="Drug addiction therapy (regime/therapy)"/></contains><contains><system value="http://snomed.info/sct"/><version value="2019-09"/><code value="310653000"/><display value="Drug addiction therapy - methadone (regime/therapy)"/></contains><contains><system value="http://snomed.info/sct"/><version value="2019-09"/><code value="313071005"/><display value="Counseling for substance abuse (procedure)"/></contains><contains><system value="http://snomed.info/sct"/><version value="2019-09"/><code value="370881007"/><display value="Abuse prevention assessment (procedure)"/></contains><contains><system value="http://snomed.info/sct"/><version value="2019-09"/><code value="370884004"/><display value="Abuse prevention management (procedure)"/></contains><contains><system value="http://snomed.info/sct"/><version value="2019-09"/><code value="385989002"/><display value="Substance use therapy (regime/therapy)"/></contains><contains><system value="http://snomed.info/sct"/><version value="2019-09"/><code value="386448003"/><display value="Substance use prevention (procedure)"/></contains><contains><system value="http://snomed.info/sct"/><version value="2019-09"/><code value="386449006"/><display value="Substance use treatment: alcohol withdrawal (regime/therapy)"/></contains><contains><system value="http://snomed.info/sct"/><version value="2019-09"/><code value="386450006"/><display value="Substance use treatment: drug withdrawal (regime/therapy)"/></contains><contains><system value="http://snomed.info/sct"/><version value="2019-09"/><code value="386451005"/><display value="Substance use treatment: overdose (regime/therapy)"/></contains><contains><system value="http://snomed.info/sct"/><version value="2019-09"/><code value="408933008"/><display value="Substance abuse prevention (procedure)"/></contains><contains><system value="http://snomed.info/sct"/><version value="2019-09"/><code value="408934002"/><display value="Substance abuse prevention assessment (procedure)"/></contains><contains><system value="http://snomed.info/sct"/><version value="2019-09"/><code value="408935001"/><display value="Substance abuse prevention education (procedure)"/></contains><contains><system value="http://snomed.info/sct"/><version value="2019-09"/><code value="408936000"/><display value="Substance abuse prevention management (procedure)"/></contains><contains><system value="http://snomed.info/sct"/><version value="2019-09"/><code value="408941008"/><display value="Drug abuse prevention (procedure)"/></contains><contains><system value="http://snomed.info/sct"/><version value="2019-09"/><code value="408942001"/><display value="Drug abuse prevention assessment (procedure)"/></contains><contains><system value="http://snomed.info/sct"/><version value="2019-09"/><code value="408943006"/><display value="Drug abuse prevention education (procedure)"/></contains><contains><system value="http://snomed.info/sct"/><version value="2019-09"/><code value="408944000"/><display value="Drug abuse prevention management (procedure)"/></contains><contains><system value="http://snomed.info/sct"/><version value="2019-09"/><code value="408945004"/><display value="Alcohol abuse prevention (procedure)"/></contains><contains><system value="http://snomed.info/sct"/><version value="2019-09"/><code value="408947007"/><display value="Alcohol abuse prevention education (procedure)"/></contains><contains><system value="http://snomed.info/sct"/><version value="2019-09"/><code value="408948002"/><display value="Alcohol abuse prevention management (procedure)"/></contains><contains><system value="http://snomed.info/sct"/><version value="2019-09"/><code value="410419007"/><display value="Substance use surveillance (regime/therapy)"/></contains><contains><system value="http://snomed.info/sct"/><version value="2019-09"/><code value="413473000"/><display value="Counseling about alcohol consumption (procedure)"/></contains><contains><system value="http://snomed.info/sct"/><version value="2019-09"/><code value="423416000"/><display value="Substance use cessation case management (procedure)"/></contains><contains><system value="http://snomed.info/sct"/><version value="2019-09"/><code value="424148004"/><display value="Substance use cessation surveillance (regime/therapy)"/></contains><contains><system value="http://snomed.info/sct"/><version value="2019-09"/><code value="424407005"/><display value="Substance use cessation education, guidance, and counseling (procedure)"/></contains><contains><system value="http://snomed.info/sct"/><version value="2019-09"/><code value="424589009"/><display value="Substance use treatment: cessation (regime/therapy)"/></contains><contains><system value="http://snomed.info/sct"/><version value="2019-09"/><code value="426928008"/><display value="Prevention of opioid abuse (procedure)"/></contains><contains><system value="http://snomed.info/sct"/><version value="2019-09"/><code value="429291000124102"/><display value="Alcohol brief intervention (procedure)"/></contains><contains><system value="http://snomed.info/sct"/><version value="2019-09"/><code value="56876005"/><display value="Drug rehabilitation and detoxification (regime/therapy)"/></contains><contains><system value="http://snomed.info/sct"/><version value="2019-09"/><code value="60112009"/><display value="Drug addiction counseling (procedure)"/></contains><contains><system value="http://snomed.info/sct"/><version value="2019-09"/><code value="707166002"/><display value="Alcohol reduction program (regime/therapy)"/></contains><contains><system value="http://snomed.info/sct"/><version value="2019-09"/><code value="720174008"/><display value="Drug harm reduction program (regime/therapy)"/></contains><contains><system value="http://snomed.info/sct"/><version value="2019-09"/><code value="720175009"/><display value="Alcohol harm reduction program (regime/therapy)"/></contains><contains><system value="http://snomed.info/sct"/><version value="2019-09"/><code value="720176005"/><display value="Alcohol relapse prevention program (regime/therapy)"/></contains><contains><system value="http://snomed.info/sct"/><version value="2019-09"/><code value="720177001"/><display value="Drug relapse prevention program (regime/therapy)"/></contains><contains><system value="http://snomed.info/sct"/><version value="2019-09"/><code value="737363002"/><display value="Alcohol abuse surveillance (regime/therapy)"/></contains></expansion></ValueSet>