<?xml version="1.0" encoding="UTF-8"?><ValueSet xmlns="http://hl7.org/fhir"><id value="2.16.840.1.113883.3.464.1003.108.12.1038"/><text><status value="generated"/><div xmlns="http://www.w3.org/1999/xhtml"><p>This value set contains 6 concepts</p><p>All codes in this table are from the system <a href="http://terminology.hl7.org/2.1.0/CodeSystem-v3-loinc.html"><code>http://loinc.org</code></a></p><table class="codes"><tr><td style="white-space:nowrap"><b>Code</b></td><td><b>Display</b></td><td><b>Definition</b></td></tr><tr><td style="white-space:nowrap"><a name="http---loinc.org-60515-4"> </a><a href="http://details.loinc.org/LOINC/60515-4.html">60515-4</a></td><td>CT Colon and Rectum W air contrast PR</td><td/></tr><tr><td style="white-space:nowrap"><a name="http---loinc.org-72531-7"> </a><a href="http://details.loinc.org/LOINC/72531-7.html">72531-7</a></td><td>CT Colon and Rectum W contrast IV and W air contrast PR</td><td/></tr><tr><td style="white-space:nowrap"><a name="http---loinc.org-79069-1"> </a><a href="http://details.loinc.org/LOINC/79069-1.html">79069-1</a></td><td>CT Colon and Rectum for screening WO contrast IV and W air contrast PR</td><td/></tr><tr><td style="white-space:nowrap"><a name="http---loinc.org-79071-7"> </a><a href="http://details.loinc.org/LOINC/79071-7.html">79071-7</a></td><td>CT Colon and Rectum WO contrast IV and W air contrast PR</td><td/></tr><tr><td style="white-space:nowrap"><a name="http---loinc.org-79101-2"> </a><a href="http://details.loinc.org/LOINC/79101-2.html">79101-2</a></td><td>CT Colon and Rectum for screening W air contrast PR</td><td/></tr><tr><td style="white-space:nowrap"><a name="http---loinc.org-82688-3"> </a><a href="http://details.loinc.org/LOINC/82688-3.html">82688-3</a></td><td>CT Colon and Rectum WO and W contrast IV and W air contrast PR</td><td/></tr></table></div></text><url value="http://cts.nlm.nih.gov/fhir/ValueSet/2.16.840.1.113883.3.464.1003.108.12.1038"/><identifier><system value="urn:ietf:rfc:3986"/><value value="2.16.840.1.113883.3.464.1003.108.12.1038"/></identifier><version value="1.0.0"/><name value="CTColonography"/><title value="CT Colonography"/><status value="active"/><experimental value="false"/><date value="2021-09-03T16:48:06+00:00"/><publisher value="U.S. Preventive Services Task Force (USPSTF)"/><contact><telecom><system value="url"/><value value="https://www.uspreventiveservicestaskforce.org/uspstf/"/></telecom></contact><jurisdiction><coding><system value="http://unstats.un.org/unsd/methods/m49/m49.htm"/><code value="001"/></coding></jurisdiction><expansion><identifier value="20200507"/><timestamp value="2021-01-14T20:59:46-07:00"/><contains><system value="http://loinc.org"/><version value="2.67"/><code value="60515-4"/><display value="CT Colon and Rectum W air contrast PR"/></contains><contains><system value="http://loinc.org"/><version value="2.67"/><code value="72531-7"/><display value="CT Colon and Rectum W contrast IV and W air contrast PR"/></contains><contains><system value="http://loinc.org"/><version value="2.67"/><code value="79069-1"/><display value="CT Colon and Rectum for screening WO contrast IV and W air contrast PR"/></contains><contains><system value="http://loinc.org"/><version value="2.67"/><code value="79071-7"/><display value="CT Colon and Rectum WO contrast IV and W air contrast PR"/></contains><contains><system value="http://loinc.org"/><version value="2.67"/><code value="79101-2"/><display value="CT Colon and Rectum for screening W air contrast PR"/></contains><contains><system value="http://loinc.org"/><version value="2.67"/><code value="82688-3"/><display value="CT Colon and Rectum WO and W contrast IV and W air contrast PR"/></contains></expansion></ValueSet>