<?xml version="1.0" encoding="UTF-8"?><ValueSet xmlns="http://hl7.org/fhir"><id value="2.16.840.1.113883.3.464.1003.199.12.1036"/><text><status value="generated"/><div xmlns="http://www.w3.org/1999/xhtml"><p>This value set contains 24 concepts</p><table class="codes"><tr><td style="white-space:nowrap"><b>Code</b></td><td><b>System</b></td><td><b>Display</b></td><td><b>Definition</b></td></tr><tr><td style="white-space:nowrap"><a name="http---hl7.org-fhir-sid-icd-10-cm-F50.00"> </a>F50.00</td><td>http://hl7.org/fhir/sid/icd-10-cm</td><td>Anorexia nervosa, unspecified</td><td/></tr><tr><td style="white-space:nowrap"><a name="http---hl7.org-fhir-sid-icd-10-cm-F50.01"> </a>F50.01</td><td>http://hl7.org/fhir/sid/icd-10-cm</td><td>Anorexia nervosa, restricting type</td><td/></tr><tr><td style="white-space:nowrap"><a name="http---hl7.org-fhir-sid-icd-10-cm-F50.02"> </a>F50.02</td><td>http://hl7.org/fhir/sid/icd-10-cm</td><td>Anorexia nervosa, binge eating/purging type</td><td/></tr><tr><td style="white-space:nowrap"><a name="http---hl7.org-fhir-sid-icd-10-cm-F50.2"> </a>F50.2</td><td>http://hl7.org/fhir/sid/icd-10-cm</td><td>Bulimia nervosa</td><td/></tr><tr><td style="white-space:nowrap"><a name="http---hl7.org-fhir-sid-icd-10-cm-F50.82"> </a>F50.82</td><td>http://hl7.org/fhir/sid/icd-10-cm</td><td>Avoidant/restrictive food intake disorder</td><td/></tr><tr><td style="white-space:nowrap"><a name="http---hl7.org-fhir-sid-icd-10-cm-F50.9"> </a>F50.9</td><td>http://hl7.org/fhir/sid/icd-10-cm</td><td>Eating disorder, unspecified</td><td/></tr><tr><td style="white-space:nowrap"><a name="http---hl7.org-fhir-sid-icd-10-cm-R63.0"> </a>R63.0</td><td>http://hl7.org/fhir/sid/icd-10-cm</td><td>Anorexia</td><td/></tr><tr><td style="white-space:nowrap"><a name="http---terminology.hl7.org-CodeSystem-icd9cm-307.1"> </a>307.1</td><td>http://terminology.hl7.org/CodeSystem/icd9cm</td><td>Anorexia nervosa</td><td/></tr><tr><td style="white-space:nowrap"><a name="http---terminology.hl7.org-CodeSystem-icd9cm-307.50"> </a>307.50</td><td>http://terminology.hl7.org/CodeSystem/icd9cm</td><td>Eating disorder, unspecified</td><td/></tr><tr><td style="white-space:nowrap"><a name="http---terminology.hl7.org-CodeSystem-icd9cm-307.51"> </a>307.51</td><td>http://terminology.hl7.org/CodeSystem/icd9cm</td><td>Bulimia nervosa</td><td/></tr><tr><td style="white-space:nowrap"><a name="http---terminology.hl7.org-CodeSystem-icd9cm-307.54"> </a>307.54</td><td>http://terminology.hl7.org/CodeSystem/icd9cm</td><td>Psychogenic vomiting</td><td/></tr><tr><td style="white-space:nowrap"><a name="http---terminology.hl7.org-CodeSystem-icd9cm-307.59"> </a>307.59</td><td>http://terminology.hl7.org/CodeSystem/icd9cm</td><td>Other disorders of eating</td><td/></tr><tr><td style="white-space:nowrap"><a name="http---terminology.hl7.org-CodeSystem-icd9cm-783.0"> </a>783.0</td><td>http://terminology.hl7.org/CodeSystem/icd9cm</td><td>Anorexia</td><td/></tr><tr><td style="white-space:nowrap"><a name="http---snomed.info-sct-231522009"> </a><a href="http://browser.ihtsdotools.org/?perspective=full&amp;conceptId1=231522009">231522009</a></td><td>http://snomed.info/sct</td><td>Atypical anorexia nervosa (disorder)</td><td/></tr><tr><td style="white-space:nowrap"><a name="http---snomed.info-sct-231523004"> </a><a href="http://browser.ihtsdotools.org/?perspective=full&amp;conceptId1=231523004">231523004</a></td><td>http://snomed.info/sct</td><td>Atypical bulimia nervosa (disorder)</td><td/></tr><tr><td style="white-space:nowrap"><a name="http---snomed.info-sct-32721004"> </a><a href="http://browser.ihtsdotools.org/?perspective=full&amp;conceptId1=32721004">32721004</a></td><td>http://snomed.info/sct</td><td>Bulimia nervosa, purging type (disorder)</td><td/></tr><tr><td style="white-space:nowrap"><a name="http---snomed.info-sct-427469003"> </a><a href="http://browser.ihtsdotools.org/?perspective=full&amp;conceptId1=427469003">427469003</a></td><td>http://snomed.info/sct</td><td>Eating disorder in remission (disorder)</td><td/></tr><tr><td style="white-space:nowrap"><a name="http---snomed.info-sct-439960005"> </a><a href="http://browser.ihtsdotools.org/?perspective=full&amp;conceptId1=439960005">439960005</a></td><td>http://snomed.info/sct</td><td>Binge eating disorder (disorder)</td><td/></tr><tr><td style="white-space:nowrap"><a name="http---snomed.info-sct-56882008"> </a><a href="http://browser.ihtsdotools.org/?perspective=full&amp;conceptId1=56882008">56882008</a></td><td>http://snomed.info/sct</td><td>Anorexia nervosa (disorder)</td><td/></tr><tr><td style="white-space:nowrap"><a name="http---snomed.info-sct-59645001"> </a><a href="http://browser.ihtsdotools.org/?perspective=full&amp;conceptId1=59645001">59645001</a></td><td>http://snomed.info/sct</td><td>Bulimia nervosa, nonpurging type (disorder)</td><td/></tr><tr><td style="white-space:nowrap"><a name="http---snomed.info-sct-63393005"> </a><a href="http://browser.ihtsdotools.org/?perspective=full&amp;conceptId1=63393005">63393005</a></td><td>http://snomed.info/sct</td><td>Anorexia nervosa, binge-eating purging type (disorder)</td><td/></tr><tr><td style="white-space:nowrap"><a name="http---snomed.info-sct-72366004"> </a><a href="http://browser.ihtsdotools.org/?perspective=full&amp;conceptId1=72366004">72366004</a></td><td>http://snomed.info/sct</td><td>Eating disorder (disorder)</td><td/></tr><tr><td style="white-space:nowrap"><a name="http---snomed.info-sct-77675002"> </a><a href="http://browser.ihtsdotools.org/?perspective=full&amp;conceptId1=77675002">77675002</a></td><td>http://snomed.info/sct</td><td>Anorexia nervosa, restricting type (disorder)</td><td/></tr><tr><td style="white-space:nowrap"><a name="http---snomed.info-sct-78004001"> </a><a href="http://browser.ihtsdotools.org/?perspective=full&amp;conceptId1=78004001">78004001</a></td><td>http://snomed.info/sct</td><td>Bulimia nervosa (disorder)</td><td/></tr></table></div></text><url value="http://cts.nlm.nih.gov/fhir/ValueSet/2.16.840.1.113883.3.464.1003.199.12.1036"/><identifier><system value="urn:ietf:rfc:3986"/><value value="2.16.840.1.113883.3.464.1003.199.12.1036"/></identifier><version value="1.0.0"/><name value="ChronicMalnutrition"/><title value="Chronic Malnutrition"/><status value="active"/><experimental value="false"/><date value="2021-09-03T16:48:06+00:00"/><publisher value="U.S. Preventive Services Task Force (USPSTF)"/><contact><telecom><system value="url"/><value value="https://www.uspreventiveservicestaskforce.org/uspstf/"/></telecom></contact><jurisdiction><coding><system value="http://unstats.un.org/unsd/methods/m49/m49.htm"/><code value="001"/></coding></jurisdiction><expansion><identifier value="20200507"/><timestamp value="2021-01-14T20:59:47-07:00"/><contains><system value="http://hl7.org/fhir/sid/icd-10-cm"/><version value="2020"/><code value="F50.00"/><display value="Anorexia nervosa, unspecified"/></contains><contains><system value="http://hl7.org/fhir/sid/icd-10-cm"/><version value="2020"/><code value="F50.01"/><display value="Anorexia nervosa, restricting type"/></contains><contains><system value="http://hl7.org/fhir/sid/icd-10-cm"/><version value="2020"/><code value="F50.02"/><display value="Anorexia nervosa, binge eating/purging type"/></contains><contains><system value="http://hl7.org/fhir/sid/icd-10-cm"/><version value="2020"/><code value="F50.2"/><display value="Bulimia nervosa"/></contains><contains><system value="http://hl7.org/fhir/sid/icd-10-cm"/><version value="2020"/><code value="F50.82"/><display value="Avoidant/restrictive food intake disorder"/></contains><contains><system value="http://hl7.org/fhir/sid/icd-10-cm"/><version value="2020"/><code value="F50.9"/><display value="Eating disorder, unspecified"/></contains><contains><system value="http://hl7.org/fhir/sid/icd-10-cm"/><version value="2020"/><code value="R63.0"/><display value="Anorexia"/></contains><contains><system value="http://terminology.hl7.org/CodeSystem/icd9cm"/><version value="2013"/><code value="307.1"/><display value="Anorexia nervosa"/></contains><contains><system value="http://terminology.hl7.org/CodeSystem/icd9cm"/><version value="2013"/><code value="307.50"/><display value="Eating disorder, unspecified"/></contains><contains><system value="http://terminology.hl7.org/CodeSystem/icd9cm"/><version value="2013"/><code value="307.51"/><display value="Bulimia nervosa"/></contains><contains><system value="http://terminology.hl7.org/CodeSystem/icd9cm"/><version value="2013"/><code value="307.54"/><display value="Psychogenic vomiting"/></contains><contains><system value="http://terminology.hl7.org/CodeSystem/icd9cm"/><version value="2013"/><code value="307.59"/><display value="Other disorders of eating"/></contains><contains><system value="http://terminology.hl7.org/CodeSystem/icd9cm"/><version value="2013"/><code value="783.0"/><display value="Anorexia"/></contains><contains><system value="http://snomed.info/sct"/><version value="2019-09"/><code value="231522009"/><display value="Atypical anorexia nervosa (disorder)"/></contains><contains><system value="http://snomed.info/sct"/><version value="2019-09"/><code value="231523004"/><display value="Atypical bulimia nervosa (disorder)"/></contains><contains><system value="http://snomed.info/sct"/><version value="2019-09"/><code value="32721004"/><display value="Bulimia nervosa, purging type (disorder)"/></contains><contains><system value="http://snomed.info/sct"/><version value="2019-09"/><code value="427469003"/><display value="Eating disorder in remission (disorder)"/></contains><contains><system value="http://snomed.info/sct"/><version value="2019-09"/><code value="439960005"/><display value="Binge eating disorder (disorder)"/></contains><contains><system value="http://snomed.info/sct"/><version value="2019-09"/><code value="56882008"/><display value="Anorexia nervosa (disorder)"/></contains><contains><system value="http://snomed.info/sct"/><version value="2019-09"/><code value="59645001"/><display value="Bulimia nervosa, nonpurging type (disorder)"/></contains><contains><system value="http://snomed.info/sct"/><version value="2019-09"/><code value="63393005"/><display value="Anorexia nervosa, binge-eating purging type (disorder)"/></contains><contains><system value="http://snomed.info/sct"/><version value="2019-09"/><code value="72366004"/><display value="Eating disorder (disorder)"/></contains><contains><system value="http://snomed.info/sct"/><version value="2019-09"/><code value="77675002"/><display value="Anorexia nervosa, restricting type (disorder)"/></contains><contains><system value="http://snomed.info/sct"/><version value="2019-09"/><code value="78004001"/><display value="Bulimia nervosa (disorder)"/></contains></expansion></ValueSet>