<?xml version="1.0" encoding="UTF-8"?>

<ActivityDefinition xmlns="http://hl7.org/fhir">
  <id value="NextStepAction"/>
  <meta>
    <profile value="http://hl7.org/fhir/uv/cpg/StructureDefinition/cpg-computableactivity"/>
  </meta>
  <text>
    <status value="extensions"/><div xmlns="http://www.w3.org/1999/xhtml"><p><b>Generated Narrative</b></p><p><b>knowledgeCapability</b>: shareable</p><p><b>knowledgeCapability</b>: computable</p><p><b>knowledgeCapability</b>: publishable</p><p><b>knowledgeRepresentationLevel</b>: structured</p><p><b>url</b>: <code>http://fhir.org/guides/preventive-care/ActivityDefinition/NextStepAction</code></p><p><b>version</b>: 1.0.0</p><p><b>name</b>: NextStepAction</p><p><b>title</b>: Activity Next Step Action</p><p><b>status</b>: draft</p><p><b>experimental</b>: true</p><p><b>date</b>: Feb 11, 2021, 8:43:58 PM</p><p><b>publisher</b>: U.S. Preventive Services Task Force (USPSTF)</p><p><b>contact</b>: <a href="https://www.uspreventiveservicestaskforce.org/uspstf/">https://www.uspreventiveservicestaskforce.org/uspstf/</a></p><p><b>description</b>: Activity Definition for next step action in a patient's care plan.</p><p><b>jurisdiction</b>: <span title="Codes: {http://unstats.un.org/unsd/methods/m49/m49.htm 001}">World</span></p><p><b>library</b>: <a href="http://fhir.org/guides/preventive-care/Library/ProstateCancerScreening">http://fhir.org/guides/preventive-care/Library/ProstateCancerScreening</a></p><p><b>kind</b>: CommunicationRequest</p><p><b>profile</b>: <a href="http://hl7.org/fhir/uv/cpg/StructureDefinition/cpg-communicationrequest">http://hl7.org/fhir/uv/cpg/StructureDefinition/cpg-communicationrequest</a></p><p><b>code</b>: <span title="Codes: {http://hl7.org/fhir/uv/cpg/CodeSystem/cpg-activity-type send-message}">Send a message</span></p><p><b>doNotPerform</b>: false</p><blockquote><p><b>dynamicValue</b></p><p><b>path</b>: status</p></blockquote><blockquote><p><b>dynamicValue</b></p><p><b>path</b>: payload.content</p></blockquote></div>
  </text>
  <extension url="http://hl7.org/fhir/uv/cpg/StructureDefinition/cpg-knowledgeCapability">
    <valueCode value="shareable"/>
  </extension>
  <extension url="http://hl7.org/fhir/uv/cpg/StructureDefinition/cpg-knowledgeCapability">
    <valueCode value="computable"/>
  </extension>
  <extension url="http://hl7.org/fhir/uv/cpg/StructureDefinition/cpg-knowledgeCapability">
    <valueCode value="publishable"/>
  </extension>
  <extension url="http://hl7.org/fhir/uv/cpg/StructureDefinition/cpg-knowledgeRepresentationLevel">
    <valueCode value="structured"/>
  </extension>
  <url value="http://fhir.org/guides/preventive-care/ActivityDefinition/NextStepAction"/>
  <version value="1.0.0"/>
  <name value="NextStepAction"/>
  <title value="Activity Next Step Action"/>
  <status value="draft"/>
  <experimental value="true"/>
  <date value="2021-02-11T20:43:58+00:00"/>
  <publisher value="U.S. Preventive Services Task Force (USPSTF)"/>
  <contact>
    <telecom>
      <system value="url"/>
      <value value="https://www.uspreventiveservicestaskforce.org/uspstf/"/>
    </telecom>
  </contact>
  <description value="Activity Definition for next step action in a patient&#39;s care plan."/>
  <jurisdiction>
    <coding>
      <system value="http://unstats.un.org/unsd/methods/m49/m49.htm"/>
      <code value="001"/>
    </coding>
  </jurisdiction>
  <library value="http://fhir.org/guides/preventive-care/Library/ProstateCancerScreening"/>
  <kind value="CommunicationRequest"/>
  <profile value="http://hl7.org/fhir/uv/cpg/StructureDefinition/cpg-communicationrequest"/>
  <code>
    <coding>
      <system value="http://hl7.org/fhir/uv/cpg/CodeSystem/cpg-activity-type"/>
      <code value="send-message"/>
      <display value="Send a message"/>
    </coding>
  </code>
  <doNotPerform value="false"/>
  <dynamicValue>
    <path value="status"/>
    <expression>
      <language value="text/cql"/>
      <expression value="&#39;draft&#39;"/>
    </expression>
  </dynamicValue>
  <dynamicValue>
    <path value="payload.content"/>
    <expression>
      <language value="text/cql"/>
      <expression value="Next Step 4"/>
    </expression>
  </dynamicValue>
</ActivityDefinition>