[
  {
    "id": "2.16.840.1.113883.3.526.2.215",
    "type": "ValueSet",
    "url": "http://cts.nlm.nih.gov/fhir/ValueSet/2.16.840.1.113883.3.526.2.215",
    "version": "1.0.0",
    "name": "ProstateSpecificAntigenTest"
  },
  {
    "id": "fhir.preventive-care-ig",
    "type": "ImplementationGuide",
    "url": "http://fhir.org/guides/preventive-care/ImplementationGuide/fhir.preventive-care-ig",
    "version": "1.0.0",
    "name": "PreventiveCareGuidelines"
  },
  {
    "id": "CDSConnectCommons",
    "type": "Library",
    "url": "http://fhir.org/guides/preventive-care/Library/CDSConnectCommons",
    "version": "1.0.0",
    "name": "CDSConnectCommons"
  },
  {
    "id": "FHIRHelpers-4.0.1",
    "type": "Library",
    "url": "http://fhir.org/guides/preventive-care/Library/FHIRHelpers-4.0.1",
    "version": "1.0.0",
    "name": "FHIRHelpers"
  },
  {
    "id": "PreventiveCareConcepts",
    "type": "Library",
    "url": "http://fhir.org/guides/preventive-care/Library/PreventiveCareConcepts",
    "version": "1.0.0",
    "name": "PreventiveCareConcepts"
  },
  {
    "id": "PreventiveCareData",
    "type": "Library",
    "url": "http://fhir.org/guides/preventive-care/Library/PreventiveCareData",
    "version": "1.0.0",
    "name": "PreventiveCareData"
  },
  {
    "id": "PreventiveCareHooks",
    "type": "Library",
    "url": "http://fhir.org/guides/preventive-care/Library/PreventiveCareHooks",
    "version": "1.0.0",
    "name": "PreventiveCareHooks"
  },
  {
    "id": "ProstateCancerScreening",
    "type": "Library",
    "url": "http://fhir.org/guides/preventive-care/Library/ProstateCancerScreening",
    "version": "1.0.0",
    "name": "ProstateCancerScreening"
  },
  {
    "id": "PreventiveCarePlanning",
    "type": "PlanDefinition",
    "url": "http://fhir.org/guides/preventive-care/PlanDefinition/PreventiveCareScreening",
    "version": "1.0.0",
    "name": "ProstateCancerScreening"
  },
  {
    "id": "PreventiveCareScreening",
    "type": "PlanDefinition",
    "url": "http://fhir.org/guides/preventive-care/PlanDefinition/PreventiveCareScreening",
    "version": "1.0.0",
    "name": "ProstateCancerScreening"
  }
]