{
   "library" : {
      "annotation" : [ {
         "translatorOptions" : "EnableLocators,DisableListDemotion,DisableListPromotion",
         "type" : "CqlToElmInfo"
      } ],
      "identifier" : {
         "id" : "ProstateCancerScreening",
         "system" : "http://fhir.org/guides/preventive-care",
         "version" : "1.0.0"
      },
      "schemaIdentifier" : {
         "id" : "urn:hl7-org:elm",
         "version" : "r1"
      },
      "usings" : {
         "def" : [ {
            "localIdentifier" : "System",
            "uri" : "urn:hl7-org:elm-types:r1"
         }, {
            "locator" : "9:1-9:26",
            "localIdentifier" : "FHIR",
            "uri" : "http://hl7.org/fhir",
            "version" : "4.0.1"
         } ]
      },
      "includes" : {
         "def" : [ {
            "locator" : "14:1-14:54",
            "localIdentifier" : "FHIRHelpers",
            "path" : "http://fhir.org/guides/preventive-care/FHIRHelpers",
            "version" : "4.0.1"
         }, {
            "locator" : "16:1-16:52",
            "localIdentifier" : "C3F",
            "path" : "http://fhir.org/guides/preventive-care/CDSConnectCommons",
            "version" : "1.0.0"
         }, {
            "locator" : "18:1-18:57",
            "localIdentifier" : "PCC",
            "path" : "http://fhir.org/guides/preventive-care/PreventiveCareConcepts",
            "version" : "1.0.0"
         }, {
            "locator" : "20:1-20:54",
            "localIdentifier" : "Data",
            "path" : "http://fhir.org/guides/preventive-care/PreventiveCareData",
            "version" : "1.0.0"
         } ]
      },
      "contexts" : {
         "def" : [ {
            "locator" : "24:1-24:15",
            "name" : "Patient"
         } ]
      },
      "statements" : {
         "def" : [ {
            "locator" : "24:1-24:15",
            "name" : "Patient",
            "context" : "Patient",
            "expression" : {
               "type" : "SingletonFrom",
               "operand" : {
                  "locator" : "24:1-24:15",
                  "dataType" : "{http://hl7.org/fhir}Patient",
                  "templateId" : "http://hl7.org/fhir/StructureDefinition/Patient",
                  "type" : "Retrieve"
               }
            }
         }, {
            "locator" : "31:1-33:40",
            "name" : "Prostate cancer conditions",
            "context" : "Patient",
            "accessLevel" : "Public",
            "expression" : {
               "locator" : "32:3-33:40",
               "type" : "Query",
               "source" : [ {
                  "locator" : "32:3-32:32",
                  "alias" : "C",
                  "expression" : {
                     "locator" : "32:3-32:30",
                     "name" : "All active conditions",
                     "libraryName" : "Data",
                     "type" : "ExpressionRef"
                  }
               } ],
               "relationship" : [ ],
               "where" : {
                  "locator" : "33:5-33:40",
                  "type" : "Equivalent",
                  "operand" : [ {
                     "name" : "ToConcept",
                     "libraryName" : "FHIRHelpers",
                     "type" : "FunctionRef",
                     "operand" : [ {
                        "locator" : "33:11-33:16",
                        "path" : "code",
                        "scope" : "C",
                        "type" : "Property"
                     } ]
                  }, {
                     "type" : "ToConcept",
                     "operand" : {
                        "locator" : "33:20-33:40",
                        "name" : "Prostate cancer",
                        "libraryName" : "PCC",
                        "type" : "CodeRef"
                     }
                  } ]
               }
            }
         }, {
            "locator" : "28:1-29:40",
            "name" : "Has prostate cancer Hx",
            "context" : "Patient",
            "accessLevel" : "Public",
            "expression" : {
               "locator" : "29:3-29:40",
               "type" : "Exists",
               "operand" : {
                  "locator" : "29:9-29:40",
                  "name" : "Prostate cancer conditions",
                  "type" : "ExpressionRef"
               }
            }
         }, {
            "locator" : "35:1-37:62",
            "name" : "Has family history of prostate cancer",
            "context" : "Patient",
            "accessLevel" : "Public",
            "expression" : {
               "locator" : "37:3-37:62",
               "type" : "Exists",
               "operand" : {
                  "locator" : "37:9-37:62",
                  "dataType" : "{http://hl7.org/fhir}Condition",
                  "templateId" : "http://hl7.org/fhir/StructureDefinition/Condition",
                  "codeProperty" : "code",
                  "codeComparator" : "~",
                  "type" : "Retrieve",
                  "codes" : {
                     "type" : "ToList",
                     "operand" : {
                        "locator" : "37:22-37:60",
                        "name" : "Family history of prostate cancer",
                        "libraryName" : "PCC",
                        "type" : "CodeRef"
                     }
                  }
               }
            }
         }, {
            "locator" : "39:1-40:67",
            "name" : "PSA Observations",
            "context" : "Patient",
            "accessLevel" : "Public",
            "expression" : {
               "locator" : "40:3-40:67",
               "name" : "Verified",
               "libraryName" : "C3F",
               "type" : "FunctionRef",
               "operand" : [ {
                  "locator" : "40:16-40:66",
                  "dataType" : "{http://hl7.org/fhir}Observation",
                  "templateId" : "http://hl7.org/fhir/StructureDefinition/Observation",
                  "codeProperty" : "code",
                  "codeComparator" : "in",
                  "type" : "Retrieve",
                  "codes" : {
                     "locator" : "40:30-40:65",
                     "name" : "Prostate Specific Antigen Test",
                     "libraryName" : "PCC",
                     "type" : "ValueSetRef"
                  }
               } ]
            }
         }, {
            "locator" : "42:1-43:36",
            "name" : "Last PSA",
            "context" : "Patient",
            "accessLevel" : "Public",
            "expression" : {
               "locator" : "43:3-43:36",
               "name" : "MostRecent",
               "libraryName" : "C3F",
               "type" : "FunctionRef",
               "operand" : [ {
                  "locator" : "43:18-43:35",
                  "name" : "PSA Observations",
                  "type" : "ExpressionRef"
               } ]
            }
         }, {
            "locator" : "45:1-46:37",
            "name" : "Last PSA value",
            "context" : "Patient",
            "accessLevel" : "Public",
            "expression" : {
               "locator" : "46:3-46:37",
               "path" : "value",
               "type" : "Property",
               "source" : {
                  "locator" : "46:3-46:31",
                  "name" : "QuantityValue",
                  "libraryName" : "C3F",
                  "type" : "FunctionRef",
                  "operand" : [ {
                     "locator" : "46:21-46:30",
                     "name" : "Last PSA",
                     "type" : "ExpressionRef"
                  } ]
               }
            }
         }, {
            "locator" : "48:1-49:26",
            "name" : "Last PSA date",
            "context" : "Patient",
            "accessLevel" : "Public",
            "expression" : {
               "locator" : "49:3-49:26",
               "name" : "FindDate",
               "libraryName" : "C3F",
               "type" : "FunctionRef",
               "operand" : [ {
                  "locator" : "49:16-49:25",
                  "name" : "Last PSA",
                  "type" : "ExpressionRef"
               } ]
            }
         }, {
            "locator" : "51:1-52:28",
            "name" : "Has PSA test",
            "context" : "Patient",
            "accessLevel" : "Public",
            "expression" : {
               "locator" : "52:3-52:28",
               "type" : "Exists",
               "operand" : {
                  "locator" : "52:9-52:28",
                  "name" : "PSA Observations",
                  "type" : "ExpressionRef"
               }
            }
         }, {
            "locator" : "54:1-55:32",
            "name" : "No PSA test results",
            "context" : "Patient",
            "accessLevel" : "Public",
            "expression" : {
               "locator" : "55:3-55:32",
               "type" : "Not",
               "operand" : {
                  "locator" : "55:7-55:32",
                  "type" : "Exists",
                  "operand" : {
                     "locator" : "55:13-55:32",
                     "name" : "PSA Observations",
                     "type" : "ExpressionRef"
                  }
               }
            }
         }, {
            "locator" : "57:1-58:61",
            "name" : "Has PSA within one year",
            "context" : "Patient",
            "accessLevel" : "Public",
            "expression" : {
               "locator" : "58:3-58:61",
               "type" : "Exists",
               "operand" : {
                  "locator" : "58:9-58:61",
                  "name" : "ObservationLookBack",
                  "libraryName" : "C3F",
                  "type" : "FunctionRef",
                  "operand" : [ {
                     "locator" : "58:34-58:51",
                     "name" : "PSA Observations",
                     "type" : "ExpressionRef"
                  }, {
                     "locator" : "58:54-58:59",
                     "value" : 1,
                     "unit" : "year",
                     "type" : "Quantity"
                  } ]
               }
            }
         }, {
            "locator" : "60:1-61:61",
            "name" : "Has PSA within two years",
            "context" : "Patient",
            "accessLevel" : "Public",
            "expression" : {
               "locator" : "61:3-61:61",
               "type" : "Exists",
               "operand" : {
                  "locator" : "61:9-61:61",
                  "name" : "ObservationLookBack",
                  "libraryName" : "C3F",
                  "type" : "FunctionRef",
                  "operand" : [ {
                     "locator" : "61:34-61:51",
                     "name" : "PSA Observations",
                     "type" : "ExpressionRef"
                  }, {
                     "locator" : "61:54-61:59",
                     "value" : 2,
                     "unit" : "year",
                     "type" : "Quantity"
                  } ]
               }
            }
         }, {
            "locator" : "63:1-65:43",
            "name" : "Has high PSA value",
            "context" : "Patient",
            "accessLevel" : "Public",
            "expression" : {
               "locator" : "64:3-65:43",
               "type" : "Exists",
               "operand" : {
                  "locator" : "64:9-65:43",
                  "type" : "Query",
                  "source" : [ {
                     "locator" : "64:10-64:29",
                     "alias" : "C",
                     "expression" : {
                        "locator" : "64:10-64:27",
                        "name" : "PSA Observations",
                        "type" : "ExpressionRef"
                     }
                  } ],
                  "relationship" : [ ],
                  "where" : {
                     "locator" : "65:5-65:42",
                     "type" : "Greater",
                     "operand" : [ {
                        "locator" : "65:11-65:36",
                        "path" : "value",
                        "type" : "Property",
                        "source" : {
                           "locator" : "65:11-65:30",
                           "name" : "QuantityValue",
                           "libraryName" : "C3F",
                           "type" : "FunctionRef",
                           "operand" : [ {
                              "locator" : "65:29",
                              "name" : "C",
                              "type" : "AliasRef"
                           } ]
                        }
                     }, {
                        "locator" : "65:40-65:42",
                        "valueType" : "{urn:hl7-org:elm-types:r1}Decimal",
                        "value" : "4.0",
                        "type" : "Literal"
                     } ]
                  }
               }
            }
         }, {
            "locator" : "67:1-68:24",
            "name" : "Last PSA value is high",
            "context" : "Patient",
            "accessLevel" : "Public",
            "expression" : {
               "locator" : "68:3-68:24",
               "type" : "Greater",
               "operand" : [ {
                  "locator" : "68:3-68:18",
                  "name" : "Last PSA value",
                  "type" : "ExpressionRef"
               }, {
                  "locator" : "68:22-68:24",
                  "valueType" : "{urn:hl7-org:elm-types:r1}Decimal",
                  "value" : "4.0",
                  "type" : "Literal"
               } ]
            }
         }, {
            "locator" : "76:1-77:90",
            "name" : "Next Step 1",
            "context" : "Patient",
            "accessLevel" : "Public",
            "expression" : {
               "locator" : "77:3-77:90",
               "type" : "Concatenate",
               "operand" : [ {
                  "locator" : "77:3-77:40",
                  "type" : "Concatenate",
                  "operand" : [ {
                     "locator" : "77:3-77:14",
                     "valueType" : "{urn:hl7-org:elm-types:r1}String",
                     "value" : "Talk with ",
                     "type" : "Literal"
                  }, {
                     "locator" : "77:18-77:40",
                     "name" : "Patient PCP name",
                     "libraryName" : "Data",
                     "type" : "ExpressionRef"
                  } ]
               }, {
                  "locator" : "77:44-77:90",
                  "valueType" : "{urn:hl7-org:elm-types:r1}String",
                  "value" : " about whether you need another PSA test now.",
                  "type" : "Literal"
               } ]
            }
         }, {
            "locator" : "79:1-80:118",
            "name" : "Next Step 4",
            "context" : "Patient",
            "accessLevel" : "Public",
            "expression" : {
               "locator" : "80:3-80:118",
               "type" : "Concatenate",
               "operand" : [ {
                  "locator" : "80:3-80:80",
                  "valueType" : "{urn:hl7-org:elm-types:r1}String",
                  "value" : "Learn about PSA testing and think about whether you want another test after ",
                  "type" : "Literal"
               }, {
                  "locator" : "80:84-80:118",
                  "type" : "ToString",
                  "operand" : {
                     "locator" : "80:93-80:117",
                     "type" : "Add",
                     "operand" : [ {
                        "locator" : "80:93-80:107",
                        "name" : "Last PSA date",
                        "type" : "ExpressionRef"
                     }, {
                        "locator" : "80:111-80:117",
                        "value" : 2,
                        "unit" : "years",
                        "type" : "Quantity"
                     } ]
                  }
               } ]
            }
         }, {
            "locator" : "84:1-90:8",
            "name" : "PC Status",
            "context" : "Patient",
            "accessLevel" : "Public",
            "expression" : {
               "locator" : "85:3-90:8",
               "type" : "If",
               "condition" : {
                  "asType" : "{urn:hl7-org:elm-types:r1}Boolean",
                  "type" : "As",
                  "operand" : {
                     "locator" : "85:6-85:29",
                     "name" : "Has prostate cancer Hx",
                     "type" : "ExpressionRef"
                  }
               },
               "then" : {
                  "locator" : "86:10-86:85",
                  "type" : "Concatenate",
                  "operand" : [ {
                     "locator" : "86:10-86:32",
                     "name" : "Patient PCP name",
                     "libraryName" : "Data",
                     "type" : "ExpressionRef"
                  }, {
                     "locator" : "86:36-86:85",
                     "valueType" : "{urn:hl7-org:elm-types:r1}String",
                     "value" : " says that you have a history of prostate cancer",
                     "type" : "Literal"
                  } ]
               },
               "else" : {
                  "locator" : "87:8-90:8",
                  "type" : "If",
                  "condition" : {
                     "asType" : "{urn:hl7-org:elm-types:r1}Boolean",
                     "type" : "As",
                     "operand" : {
                        "locator" : "87:11-87:30",
                        "name" : "Has high PSA value",
                        "type" : "ExpressionRef"
                     }
                  },
                  "then" : {
                     "locator" : "88:10-88:89",
                     "valueType" : "{urn:hl7-org:elm-types:r1}String",
                     "value" : "you said that you have a history of high PSA value (PSA value higher than 4.0)",
                     "type" : "Literal"
                  },
                  "else" : {
                     "asType" : "{urn:hl7-org:elm-types:r1}String",
                     "type" : "As",
                     "operand" : {
                        "locator" : "90:5-90:8",
                        "type" : "Null"
                     }
                  }
               }
            }
         }, {
            "locator" : "92:1-97:85",
            "name" : "MI PSA Date 1",
            "context" : "Patient",
            "accessLevel" : "Public",
            "expression" : {
               "locator" : "93:3-97:85",
               "type" : "If",
               "condition" : {
                  "asType" : "{urn:hl7-org:elm-types:r1}Boolean",
                  "type" : "As",
                  "operand" : {
                     "locator" : "93:6-93:30",
                     "name" : "Has PSA within one year",
                     "type" : "ExpressionRef"
                  }
               },
               "then" : {
                  "locator" : "94:10-94:164",
                  "type" : "Concatenate",
                  "operand" : [ {
                     "locator" : "94:10-94:115",
                     "type" : "Concatenate",
                     "operand" : [ {
                        "locator" : "94:10-94:87",
                        "type" : "Concatenate",
                        "operand" : [ {
                           "locator" : "94:10-94:32",
                           "name" : "Patient PCP name",
                           "libraryName" : "Data",
                           "type" : "ExpressionRef"
                        }, {
                           "locator" : "94:36-94:87",
                           "valueType" : "{urn:hl7-org:elm-types:r1}String",
                           "value" : "'s record states that you last had a PSA test on ",
                           "type" : "Literal"
                        } ]
                     }, {
                        "locator" : "94:91-94:115",
                        "type" : "ToString",
                        "operand" : {
                           "locator" : "94:100-94:114",
                           "name" : "Last PSA date",
                           "type" : "ExpressionRef"
                        }
                     } ]
                  }, {
                     "locator" : "94:119-94:164",
                     "valueType" : "{urn:hl7-org:elm-types:r1}String",
                     "value" : ".  You may be up-to-date with your PSA test.",
                     "type" : "Literal"
                  } ]
               },
               "else" : {
                  "locator" : "95:8-97:85",
                  "type" : "If",
                  "condition" : {
                     "asType" : "{urn:hl7-org:elm-types:r1}Boolean",
                     "type" : "As",
                     "operand" : {
                        "locator" : "95:11-95:24",
                        "name" : "Has PSA test",
                        "type" : "ExpressionRef"
                     }
                  },
                  "then" : {
                     "locator" : "96:10-96:159",
                     "type" : "Concatenate",
                     "operand" : [ {
                        "locator" : "96:10-96:115",
                        "type" : "Concatenate",
                        "operand" : [ {
                           "locator" : "96:10-96:87",
                           "type" : "Concatenate",
                           "operand" : [ {
                              "locator" : "96:10-96:32",
                              "name" : "Patient PCP name",
                              "libraryName" : "Data",
                              "type" : "ExpressionRef"
                           }, {
                              "locator" : "96:36-96:87",
                              "valueType" : "{urn:hl7-org:elm-types:r1}String",
                              "value" : "'s record states that you last had a PSA test on ",
                              "type" : "Literal"
                           } ]
                        }, {
                           "locator" : "96:91-96:115",
                           "type" : "ToString",
                           "operand" : {
                              "locator" : "96:100-96:114",
                              "name" : "Last PSA date",
                              "type" : "ExpressionRef"
                           }
                        } ]
                     }, {
                        "locator" : "96:119-96:159",
                        "valueType" : "{urn:hl7-org:elm-types:r1}String",
                        "value" : ".  You may be due for another PSA test.",
                        "type" : "Literal"
                     } ]
                  },
                  "else" : {
                     "locator" : "97:8-97:85",
                     "type" : "Concatenate",
                     "operand" : [ {
                        "locator" : "97:8-97:30",
                        "name" : "Patient PCP name",
                        "libraryName" : "Data",
                        "type" : "ExpressionRef"
                     }, {
                        "locator" : "97:34-97:85",
                        "valueType" : "{urn:hl7-org:elm-types:r1}String",
                        "value" : " does not have a record of when your last PSA was.",
                        "type" : "Literal"
                     } ]
                  }
               }
            }
         }, {
            "locator" : "99:1-100:171",
            "name" : "PSA value 1",
            "context" : "Patient",
            "accessLevel" : "Public",
            "expression" : {
               "locator" : "100:3-100:171",
               "type" : "Concatenate",
               "operand" : [ {
                  "locator" : "100:3-100:57",
                  "type" : "Concatenate",
                  "operand" : [ {
                     "locator" : "100:3-100:28",
                     "valueType" : "{urn:hl7-org:elm-types:r1}String",
                     "value" : "Your last PSA value was ",
                     "type" : "Literal"
                  }, {
                     "locator" : "100:32-100:57",
                     "type" : "ToString",
                     "operand" : {
                        "locator" : "100:41-100:56",
                        "name" : "Last PSA value",
                        "type" : "ExpressionRef"
                     }
                  } ]
               }, {
                  "locator" : "100:61-100:171",
                  "valueType" : "{urn:hl7-org:elm-types:r1}String",
                  "value" : ". Generally, a PSA below 4 is considered good. Higher values may be, OK if they are not increasing over time.",
                  "type" : "Literal"
               } ]
            }
         }, {
            "locator" : "105:1-115:142",
            "name" : "PSA risk statement 1",
            "context" : "Patient",
            "accessLevel" : "Public",
            "expression" : {
               "locator" : "106:3-115:142",
               "type" : "If",
               "condition" : {
                  "asType" : "{urn:hl7-org:elm-types:r1}Boolean",
                  "type" : "As",
                  "operand" : {
                     "locator" : "106:6-106:80",
                     "type" : "And",
                     "operand" : [ {
                        "locator" : "106:6-106:36",
                        "name" : "Race is African American",
                        "libraryName" : "Data",
                        "type" : "ExpressionRef"
                     }, {
                        "locator" : "106:42-106:80",
                        "name" : "Has family history of prostate cancer",
                        "type" : "ExpressionRef"
                     } ]
                  }
               },
               "then" : {
                  "locator" : "107:10-107:134",
                  "valueType" : "{urn:hl7-org:elm-types:r1}String",
                  "value" : "You are African American and have a family history of prostate cancer.  This places you at higher risk for prostate cancer.",
                  "type" : "Literal"
               },
               "else" : {
                  "locator" : "108:8-115:142",
                  "type" : "If",
                  "condition" : {
                     "asType" : "{urn:hl7-org:elm-types:r1}Boolean",
                     "type" : "As",
                     "operand" : {
                        "locator" : "108:11-108:89",
                        "type" : "And",
                        "operand" : [ {
                           "locator" : "108:11-108:45",
                           "type" : "Not",
                           "operand" : {
                              "locator" : "108:15-108:45",
                              "name" : "Race is African American",
                              "libraryName" : "Data",
                              "type" : "ExpressionRef"
                           }
                        }, {
                           "locator" : "108:51-108:89",
                           "name" : "Has family history of prostate cancer",
                           "type" : "ExpressionRef"
                        } ]
                     }
                  },
                  "then" : {
                     "locator" : "109:10-109:109",
                     "valueType" : "{urn:hl7-org:elm-types:r1}String",
                     "value" : "You have a family history of prostate cancer.  This places you at higher risk for prostate cancer.",
                     "type" : "Literal"
                  },
                  "else" : {
                     "locator" : "110:8-115:142",
                     "type" : "If",
                     "condition" : {
                        "asType" : "{urn:hl7-org:elm-types:r1}Boolean",
                        "type" : "As",
                        "operand" : {
                           "locator" : "110:11-110:89",
                           "type" : "And",
                           "operand" : [ {
                              "locator" : "110:11-110:41",
                              "name" : "Race is African American",
                              "libraryName" : "Data",
                              "type" : "ExpressionRef"
                           }, {
                              "locator" : "110:47-110:89",
                              "type" : "Not",
                              "operand" : {
                                 "locator" : "110:51-110:89",
                                 "name" : "Has family history of prostate cancer",
                                 "type" : "ExpressionRef"
                              }
                           } ]
                        }
                     },
                     "then" : {
                        "locator" : "111:10-111:89",
                        "valueType" : "{urn:hl7-org:elm-types:r1}String",
                        "value" : "You are African American.  This places you at higher risk for prostate cancer.",
                        "type" : "Literal"
                     },
                     "else" : {
                        "locator" : "112:8-115:142",
                        "type" : "If",
                        "condition" : {
                           "asType" : "{urn:hl7-org:elm-types:r1}Boolean",
                           "type" : "As",
                           "operand" : {
                              "locator" : "112:11-112:41",
                              "name" : "Race is African American",
                              "libraryName" : "Data",
                              "type" : "ExpressionRef"
                           }
                        },
                        "then" : {
                           "locator" : "113:10-113:232",
                           "valueType" : "{urn:hl7-org:elm-types:r1}String",
                           "value" : "You are African American.  This places you at higher risk for prostate cancer.  You said you are unsure if you have a family history of prostate cancer.  If you do, this also places you at higher risk for prostate cancer.",
                           "type" : "Literal"
                        },
                        "else" : {
                           "locator" : "115:5-115:142",
                           "valueType" : "{urn:hl7-org:elm-types:r1}String",
                           "value" : "You said you are unsure if you have a family history of prostate cancer.  If you do, this places you at higher risk for prostate cancer.",
                           "type" : "Literal"
                        }
                     }
                  }
               }
            }
         }, {
            "locator" : "118:1-128:50",
            "name" : "PSA risk statement 2",
            "context" : "Patient",
            "accessLevel" : "Public",
            "expression" : {
               "locator" : "119:3-128:50",
               "type" : "If",
               "condition" : {
                  "asType" : "{urn:hl7-org:elm-types:r1}Boolean",
                  "type" : "As",
                  "operand" : {
                     "locator" : "119:6-119:80",
                     "type" : "And",
                     "operand" : [ {
                        "locator" : "119:6-119:36",
                        "name" : "Race is African American",
                        "libraryName" : "Data",
                        "type" : "ExpressionRef"
                     }, {
                        "locator" : "119:42-119:80",
                        "name" : "Has family history of prostate cancer",
                        "type" : "ExpressionRef"
                     } ]
                  }
               },
               "then" : {
                  "locator" : "120:10-120:76",
                  "valueType" : "{urn:hl7-org:elm-types:r1}String",
                  "value" : "are African American and have a family history of prostate cancer",
                  "type" : "Literal"
               },
               "else" : {
                  "locator" : "121:8-128:50",
                  "type" : "If",
                  "condition" : {
                     "asType" : "{urn:hl7-org:elm-types:r1}Boolean",
                     "type" : "As",
                     "operand" : {
                        "locator" : "121:11-121:89",
                        "type" : "And",
                        "operand" : [ {
                           "locator" : "121:11-121:45",
                           "type" : "Not",
                           "operand" : {
                              "locator" : "121:15-121:45",
                              "name" : "Race is African American",
                              "libraryName" : "Data",
                              "type" : "ExpressionRef"
                           }
                        }, {
                           "locator" : "121:51-121:89",
                           "name" : "Has family history of prostate cancer",
                           "type" : "ExpressionRef"
                        } ]
                     }
                  },
                  "then" : {
                     "locator" : "122:10-122:51",
                     "valueType" : "{urn:hl7-org:elm-types:r1}String",
                     "value" : "have a family history of prostate cancer",
                     "type" : "Literal"
                  },
                  "else" : {
                     "locator" : "123:8-128:50",
                     "type" : "If",
                     "condition" : {
                        "asType" : "{urn:hl7-org:elm-types:r1}Boolean",
                        "type" : "As",
                        "operand" : {
                           "locator" : "123:11-123:89",
                           "type" : "And",
                           "operand" : [ {
                              "locator" : "123:11-123:41",
                              "name" : "Race is African American",
                              "libraryName" : "Data",
                              "type" : "ExpressionRef"
                           }, {
                              "locator" : "123:47-123:89",
                              "type" : "Not",
                              "operand" : {
                                 "locator" : "123:51-123:89",
                                 "name" : "Has family history of prostate cancer",
                                 "type" : "ExpressionRef"
                              }
                           } ]
                        }
                     },
                     "then" : {
                        "locator" : "124:10-124:31",
                        "valueType" : "{urn:hl7-org:elm-types:r1}String",
                        "value" : "are African American",
                        "type" : "Literal"
                     },
                     "else" : {
                        "locator" : "125:8-128:50",
                        "type" : "If",
                        "condition" : {
                           "asType" : "{urn:hl7-org:elm-types:r1}Boolean",
                           "type" : "As",
                           "operand" : {
                              "locator" : "125:11-125:41",
                              "name" : "Race is African American",
                              "libraryName" : "Data",
                              "type" : "ExpressionRef"
                           }
                        },
                        "then" : {
                           "locator" : "126:10-126:80",
                           "valueType" : "{urn:hl7-org:elm-types:r1}String",
                           "value" : "are African American and may have a family history of prostate cancer",
                           "type" : "Literal"
                        },
                        "else" : {
                           "locator" : "128:5-128:50",
                           "valueType" : "{urn:hl7-org:elm-types:r1}String",
                           "value" : "may have a family history of prostate cancer",
                           "type" : "Literal"
                        }
                     }
                  }
               }
            }
         }, {
            "locator" : "132:1-133:101",
            "name" : "Need PSA statement",
            "context" : "Patient",
            "accessLevel" : "Public",
            "expression" : {
               "locator" : "133:3-133:101",
               "type" : "Concatenate",
               "operand" : [ {
                  "locator" : "133:3-133:73",
                  "type" : "Concatenate",
                  "operand" : [ {
                     "locator" : "133:3-133:25",
                     "name" : "Patient PCP name",
                     "libraryName" : "Data",
                     "type" : "ExpressionRef"
                  }, {
                     "locator" : "133:29-133:73",
                     "valueType" : "{urn:hl7-org:elm-types:r1}String",
                     "value" : "'s record says you last had a PSA test on ",
                     "type" : "Literal"
                  } ]
               }, {
                  "locator" : "133:77-133:101",
                  "type" : "ToString",
                  "operand" : {
                     "locator" : "133:86-133:100",
                     "name" : "Last PSA date",
                     "type" : "ExpressionRef"
                  }
               } ]
            }
         } ]
      }
   }
}