<?xml version="1.0" encoding="UTF-8"?>
<library xmlns="urn:hl7-org:elm:r1" xmlns:t="urn:hl7-org:elm-types:r1" xmlns:xsi="http://www.w3.org/2001/XMLSchema-instance" xmlns:xsd="http://www.w3.org/2001/XMLSchema" xmlns:fhir="http://hl7.org/fhir" xmlns:qdm43="urn:healthit-gov:qdm:v4_3" xmlns:qdm53="urn:healthit-gov:qdm:v5_3" xmlns:a="urn:hl7-org:cql-annotations:r1">
   <annotation translatorOptions="EnableLocators,DisableListDemotion,DisableListPromotion" xsi:type="a:CqlToElmInfo"/>
   <identifier id="PreventiveCareHooks" system="http://fhir.org/guides/preventive-care" version="1.0.0"/>
   <schemaIdentifier id="urn:hl7-org:elm" version="r1"/>
   <usings>
      <def localIdentifier="System" uri="urn:hl7-org:elm-types:r1"/>
      <def locator="9:1-9:26" localIdentifier="FHIR" uri="http://hl7.org/fhir" version="4.0.1"/>
   </usings>
   <includes>
      <def locator="13:1-13:64" localIdentifier="Screening" path="http://fhir.org/guides/preventive-care/ProstateCancerScreening" version="1.0.0"/>
      <def locator="14:1-14:60" localIdentifier="Summary" path="http://fhir.org/guides/preventive-care/ProstateCancerSummary" version="1.0.0"/>
   </includes>
   <contexts>
      <def locator="18:1-18:15" name="Patient"/>
   </contexts>
   <statements>
      <def locator="18:1-18:15" name="Patient" context="Patient">
         <expression xsi:type="SingletonFrom">
            <operand locator="18:1-18:15" dataType="fhir:Patient" templateId="http://hl7.org/fhir/StructureDefinition/Patient" xsi:type="Retrieve"/>
         </expression>
      </def>
      <def locator="25:1-26:32" name="Age Between 40 and 70" context="Patient" accessLevel="Public">
         <expression locator="26:3-26:32" xsi:type="And">
            <operand xsi:type="GreaterOrEqual">
               <operand locator="26:3-26:14" precision="Year" xsi:type="CalculateAge">
                  <operand path="birthDate.value" xsi:type="Property">
                     <source name="Patient" xsi:type="ExpressionRef"/>
                  </operand>
               </operand>
               <operand locator="26:24-26:25" valueType="t:Integer" value="40" xsi:type="Literal"/>
            </operand>
            <operand xsi:type="LessOrEqual">
               <operand locator="26:3-26:14" precision="Year" xsi:type="CalculateAge">
                  <operand path="birthDate.value" xsi:type="Property">
                     <source name="Patient" xsi:type="ExpressionRef"/>
                  </operand>
               </operand>
               <operand locator="26:31-26:32" valueType="t:Integer" value="70" xsi:type="Literal"/>
            </operand>
         </expression>
      </def>
      <def locator="28:1-33:3" name="Needs Prostate Cancer Screening" context="Patient" accessLevel="Public">
         <expression locator="29:3-33:3" xsi:type="And">
            <operand locator="29:3-29:25" name="Age Between 40 and 70" xsi:type="ExpressionRef"/>
            <operand locator="30:3-33:3" xsi:type="Or">
               <operand locator="30:4-31:87" xsi:type="Or">
                  <operand locator="30:4-30:34" name="No PSA test results" libraryName="Screening" xsi:type="ExpressionRef"/>
                  <operand locator="31:8-31:87" xsi:type="And">
                     <operand locator="31:9-31:42" name="Last PSA value is high" libraryName="Screening" xsi:type="ExpressionRef"/>
                     <operand locator="31:48-31:86" xsi:type="Not">
                        <operand locator="31:52-31:86" name="Has PSA within one year" libraryName="Screening" xsi:type="ExpressionRef"/>
                     </operand>
                  </operand>
               </operand>
               <operand locator="32:8-32:47" xsi:type="Not">
                  <operand locator="32:12-32:47" name="Has PSA within two years" libraryName="Screening" xsi:type="ExpressionRef"/>
               </operand>
            </operand>
         </expression>
      </def>
      <def locator="35:1-36:29" name="Needs Prostate Cancer Screening Summary" context="Patient" accessLevel="Public">
         <expression locator="36:3-36:29" valueType="t:String" value="Prostate Cancer Screening" xsi:type="Literal"/>
      </def>
      <def locator="38:1-39:55" name="Needs Prostate Cancer Screening Detail" context="Patient" accessLevel="Public">
         <expression locator="39:3-39:55" xsi:type="Concatenate">
            <operand locator="39:3-39:31" xsi:type="Concatenate">
               <operand locator="39:3-39:25" name="MI PSA Date 1" libraryName="Summary" xsi:type="ExpressionRef"/>
               <operand locator="39:29-39:31" valueType="t:String" value=" " xsi:type="Literal"/>
            </operand>
            <operand locator="39:35-39:55" name="PSA value 1" libraryName="Summary" xsi:type="ExpressionRef"/>
         </expression>
      </def>
      <def locator="41:1-43:16" name="Needs Prostate Cancer Screening Indicator" context="Patient" accessLevel="Public">
         <expression locator="42:3-43:16" xsi:type="If">
            <condition asType="t:Boolean" xsi:type="As">
               <operand locator="42:6-42:39" name="Last PSA value is high" libraryName="Screening" xsi:type="ExpressionRef"/>
            </condition>
            <then locator="42:46-42:55" valueType="t:String" value="critical" xsi:type="Literal"/>
            <else locator="43:8-43:16" valueType="t:String" value="warning" xsi:type="Literal"/>
         </expression>
      </def>
   </statements>
</library>
