{
   "library" : {
      "annotation" : [ {
         "translatorOptions" : "EnableLocators,DisableListDemotion,DisableListPromotion",
         "type" : "CqlToElmInfo"
      } ],
      "identifier" : {
         "id" : "PreventiveCareHooks",
         "system" : "http://fhir.org/guides/preventive-care",
         "version" : "1.0.0"
      },
      "schemaIdentifier" : {
         "id" : "urn:hl7-org:elm",
         "version" : "r1"
      },
      "usings" : {
         "def" : [ {
            "localIdentifier" : "System",
            "uri" : "urn:hl7-org:elm-types:r1"
         }, {
            "locator" : "9:1-9:26",
            "localIdentifier" : "FHIR",
            "uri" : "http://hl7.org/fhir",
            "version" : "4.0.1"
         } ]
      },
      "includes" : {
         "def" : [ {
            "locator" : "13:1-13:64",
            "localIdentifier" : "Screening",
            "path" : "http://fhir.org/guides/preventive-care/ProstateCancerScreening",
            "version" : "1.0.0"
         }, {
            "locator" : "14:1-14:60",
            "localIdentifier" : "Summary",
            "path" : "http://fhir.org/guides/preventive-care/ProstateCancerSummary",
            "version" : "1.0.0"
         } ]
      },
      "contexts" : {
         "def" : [ {
            "locator" : "18:1-18:15",
            "name" : "Patient"
         } ]
      },
      "statements" : {
         "def" : [ {
            "locator" : "18:1-18:15",
            "name" : "Patient",
            "context" : "Patient",
            "expression" : {
               "type" : "SingletonFrom",
               "operand" : {
                  "locator" : "18:1-18:15",
                  "dataType" : "{http://hl7.org/fhir}Patient",
                  "templateId" : "http://hl7.org/fhir/StructureDefinition/Patient",
                  "type" : "Retrieve"
               }
            }
         }, {
            "locator" : "25:1-26:32",
            "name" : "Age Between 40 and 70",
            "context" : "Patient",
            "accessLevel" : "Public",
            "expression" : {
               "locator" : "26:3-26:32",
               "type" : "And",
               "operand" : [ {
                  "type" : "GreaterOrEqual",
                  "operand" : [ {
                     "locator" : "26:3-26:14",
                     "precision" : "Year",
                     "type" : "CalculateAge",
                     "operand" : {
                        "path" : "birthDate.value",
                        "type" : "Property",
                        "source" : {
                           "name" : "Patient",
                           "type" : "ExpressionRef"
                        }
                     }
                  }, {
                     "locator" : "26:24-26:25",
                     "valueType" : "{urn:hl7-org:elm-types:r1}Integer",
                     "value" : "40",
                     "type" : "Literal"
                  } ]
               }, {
                  "type" : "LessOrEqual",
                  "operand" : [ {
                     "locator" : "26:3-26:14",
                     "precision" : "Year",
                     "type" : "CalculateAge",
                     "operand" : {
                        "path" : "birthDate.value",
                        "type" : "Property",
                        "source" : {
                           "name" : "Patient",
                           "type" : "ExpressionRef"
                        }
                     }
                  }, {
                     "locator" : "26:31-26:32",
                     "valueType" : "{urn:hl7-org:elm-types:r1}Integer",
                     "value" : "70",
                     "type" : "Literal"
                  } ]
               } ]
            }
         }, {
            "locator" : "28:1-33:3",
            "name" : "Needs Prostate Cancer Screening",
            "context" : "Patient",
            "accessLevel" : "Public",
            "expression" : {
               "locator" : "29:3-33:3",
               "type" : "And",
               "operand" : [ {
                  "locator" : "29:3-29:25",
                  "name" : "Age Between 40 and 70",
                  "type" : "ExpressionRef"
               }, {
                  "locator" : "30:3-33:3",
                  "type" : "Or",
                  "operand" : [ {
                     "locator" : "30:4-31:87",
                     "type" : "Or",
                     "operand" : [ {
                        "locator" : "30:4-30:34",
                        "name" : "No PSA test results",
                        "libraryName" : "Screening",
                        "type" : "ExpressionRef"
                     }, {
                        "locator" : "31:8-31:87",
                        "type" : "And",
                        "operand" : [ {
                           "locator" : "31:9-31:42",
                           "name" : "Last PSA value is high",
                           "libraryName" : "Screening",
                           "type" : "ExpressionRef"
                        }, {
                           "locator" : "31:48-31:86",
                           "type" : "Not",
                           "operand" : {
                              "locator" : "31:52-31:86",
                              "name" : "Has PSA within one year",
                              "libraryName" : "Screening",
                              "type" : "ExpressionRef"
                           }
                        } ]
                     } ]
                  }, {
                     "locator" : "32:8-32:47",
                     "type" : "Not",
                     "operand" : {
                        "locator" : "32:12-32:47",
                        "name" : "Has PSA within two years",
                        "libraryName" : "Screening",
                        "type" : "ExpressionRef"
                     }
                  } ]
               } ]
            }
         }, {
            "locator" : "35:1-36:29",
            "name" : "Needs Prostate Cancer Screening Summary",
            "context" : "Patient",
            "accessLevel" : "Public",
            "expression" : {
               "locator" : "36:3-36:29",
               "valueType" : "{urn:hl7-org:elm-types:r1}String",
               "value" : "Prostate Cancer Screening",
               "type" : "Literal"
            }
         }, {
            "locator" : "38:1-39:55",
            "name" : "Needs Prostate Cancer Screening Detail",
            "context" : "Patient",
            "accessLevel" : "Public",
            "expression" : {
               "locator" : "39:3-39:55",
               "type" : "Concatenate",
               "operand" : [ {
                  "locator" : "39:3-39:31",
                  "type" : "Concatenate",
                  "operand" : [ {
                     "locator" : "39:3-39:25",
                     "name" : "MI PSA Date 1",
                     "libraryName" : "Summary",
                     "type" : "ExpressionRef"
                  }, {
                     "locator" : "39:29-39:31",
                     "valueType" : "{urn:hl7-org:elm-types:r1}String",
                     "value" : " ",
                     "type" : "Literal"
                  } ]
               }, {
                  "locator" : "39:35-39:55",
                  "name" : "PSA value 1",
                  "libraryName" : "Summary",
                  "type" : "ExpressionRef"
               } ]
            }
         }, {
            "locator" : "41:1-43:16",
            "name" : "Needs Prostate Cancer Screening Indicator",
            "context" : "Patient",
            "accessLevel" : "Public",
            "expression" : {
               "locator" : "42:3-43:16",
               "type" : "If",
               "condition" : {
                  "asType" : "{urn:hl7-org:elm-types:r1}Boolean",
                  "type" : "As",
                  "operand" : {
                     "locator" : "42:6-42:39",
                     "name" : "Last PSA value is high",
                     "libraryName" : "Screening",
                     "type" : "ExpressionRef"
                  }
               },
               "then" : {
                  "locator" : "42:46-42:55",
                  "valueType" : "{urn:hl7-org:elm-types:r1}String",
                  "value" : "critical",
                  "type" : "Literal"
               },
               "else" : {
                  "locator" : "43:8-43:16",
                  "valueType" : "{urn:hl7-org:elm-types:r1}String",
                  "value" : "warning",
                  "type" : "Literal"
               }
            }
         } ]
      }
   }
}