<?xml version="1.0" encoding="UTF-8"?>
<library xmlns="urn:hl7-org:elm:r1" xmlns:t="urn:hl7-org:elm-types:r1" xmlns:xsi="http://www.w3.org/2001/XMLSchema-instance" xmlns:xsd="http://www.w3.org/2001/XMLSchema" xmlns:fhir="http://hl7.org/fhir" xmlns:qdm43="urn:healthit-gov:qdm:v4_3" xmlns:qdm53="urn:healthit-gov:qdm:v5_3" xmlns:a="urn:hl7-org:cql-annotations:r1">
   <annotation translatorOptions="EnableLocators,DisableListDemotion,DisableListPromotion" xsi:type="a:CqlToElmInfo"/>
   <identifier id="PreventiveCareData" system="http://fhir.org/guides/preventive-care" version="1.0.0"/>
   <schemaIdentifier id="urn:hl7-org:elm" version="r1"/>
   <usings>
      <def localIdentifier="System" uri="urn:hl7-org:elm-types:r1"/>
      <def locator="9:1-9:26" localIdentifier="FHIR" uri="http://hl7.org/fhir" version="4.0.1"/>
   </usings>
   <includes>
      <def locator="14:1-14:54" localIdentifier="FHIRHelpers" path="http://fhir.org/guides/preventive-care/FHIRHelpers" version="4.0.1"/>
      <def locator="16:1-16:52" localIdentifier="C3F" path="http://fhir.org/guides/preventive-care/CDSConnectCommons" version="1.0.0"/>
      <def locator="18:1-18:57" localIdentifier="PCC" path="http://fhir.org/guides/preventive-care/PreventiveCareConcepts" version="1.0.0"/>
   </includes>
   <contexts>
      <def locator="22:1-22:15" name="Patient"/>
   </contexts>
   <statements>
      <def locator="22:1-22:15" name="Patient" context="Patient">
         <expression xsi:type="SingletonFrom">
            <operand locator="22:1-22:15" dataType="fhir:Patient" templateId="http://hl7.org/fhir/StructureDefinition/Patient" xsi:type="Retrieve"/>
         </expression>
      </def>
      <def locator="26:1-34:28" name="Patient Race" context="Patient" accessLevel="Public">
         <expression locator="27:3-34:28" xsi:type="Query">
            <source locator="27:3-31:6" alias="E">
               <expression locator="27:3-31:4" xsi:type="Flatten">
                  <operand locator="27:12-31:3" xsi:type="Query">
                     <source locator="28:5-28:31" alias="Extension">
                        <expression locator="28:5-28:21" path="extension" xsi:type="Property">
                           <source name="Patient" xsi:type="ExpressionRef"/>
                        </expression>
                     </source>
                     <where locator="29:7-29:90" xsi:type="Equal">
                        <operand name="ToString" libraryName="FHIRHelpers" xsi:type="FunctionRef">
                           <operand locator="29:13-29:25" path="url" scope="Extension" xsi:type="Property"/>
                        </operand>
                        <operand locator="29:29-29:90" valueType="t:String" value="http://hl7.org/fhir/us/core/StructureDefinition/us-core-race" xsi:type="Literal"/>
                     </where>
                     <return locator="30:9-30:34">
                        <expression locator="30:16-30:34" path="extension" scope="Extension" xsi:type="Property"/>
                     </return>
                  </operand>
               </expression>
            </source>
            <where locator="32:5-33:27" xsi:type="Or">
               <operand locator="32:11-32:31" xsi:type="Equal">
                  <operand name="ToString" libraryName="FHIRHelpers" xsi:type="FunctionRef">
                     <operand locator="32:11-32:15" path="url" scope="E" xsi:type="Property"/>
                  </operand>
                  <operand locator="32:19-32:31" valueType="t:String" value="ombCategory" xsi:type="Literal"/>
               </operand>
               <operand locator="33:10-33:27" xsi:type="Equal">
                  <operand name="ToString" libraryName="FHIRHelpers" xsi:type="FunctionRef">
                     <operand locator="33:10-33:14" path="url" scope="E" xsi:type="Property"/>
                  </operand>
                  <operand locator="33:18-33:27" valueType="t:String" value="detailed" xsi:type="Literal"/>
               </operand>
            </where>
            <return locator="34:5-34:28">
               <expression locator="34:12-34:28" strict="false" xsi:type="As">
                  <operand locator="34:12-34:18" path="value" scope="E" xsi:type="Property"/>
                  <asTypeSpecifier locator="34:23-34:28" name="fhir:Coding" xsi:type="NamedTypeSpecifier"/>
               </expression>
            </return>
         </expression>
      </def>
      <def locator="38:1-39:25" name="Patient is male" context="Patient" accessLevel="Public">
         <expression locator="39:3-39:25" xsi:type="Equal">
            <operand name="ToString" libraryName="FHIRHelpers" xsi:type="FunctionRef">
               <operand locator="39:3-39:16" path="gender" xsi:type="Property">
                  <source locator="39:3-39:9" name="Patient" xsi:type="ExpressionRef"/>
               </operand>
            </operand>
            <operand locator="39:20-39:25" valueType="t:String" value="male" xsi:type="Literal"/>
         </expression>
      </def>
      <def locator="41:1-42:27" name="Patient is female" context="Patient" accessLevel="Public">
         <expression locator="42:3-42:27" xsi:type="Equal">
            <operand name="ToString" libraryName="FHIRHelpers" xsi:type="FunctionRef">
               <operand locator="42:3-42:16" path="gender" xsi:type="Property">
                  <source locator="42:3-42:9" name="Patient" xsi:type="ExpressionRef"/>
               </operand>
            </operand>
            <operand locator="42:20-42:27" valueType="t:String" value="female" xsi:type="Literal"/>
         </expression>
      </def>
      <def locator="44:1-45:57" name="Race is African American" context="Patient" accessLevel="Public">
         <expression locator="45:3-45:57" xsi:type="Contains">
            <operand xsi:type="Query">
               <source alias="X">
                  <expression locator="45:3-45:16" name="Patient Race" xsi:type="ExpressionRef"/>
               </source>
               <return distinct="false">
                  <expression name="ToCode" libraryName="FHIRHelpers" xsi:type="FunctionRef">
                     <operand name="X" xsi:type="AliasRef"/>
                  </expression>
               </return>
            </operand>
            <operand locator="45:27-45:57" name="Black or African American" libraryName="PCC" xsi:type="CodeRef"/>
         </expression>
      </def>
      <def locator="47:1-48:20" name="Patient is 40 or older" context="Patient" accessLevel="Public">
         <expression locator="48:3-48:20" xsi:type="GreaterOrEqual">
            <operand locator="48:3-48:14" precision="Year" xsi:type="CalculateAge">
               <operand path="birthDate.value" xsi:type="Property">
                  <source name="Patient" xsi:type="ExpressionRef"/>
               </operand>
            </operand>
            <operand locator="48:19-48:20" valueType="t:Integer" value="40" xsi:type="Literal"/>
         </expression>
      </def>
      <def locator="51:1-52:36" name="Patient PCP" context="Patient" accessLevel="Public">
         <expression locator="52:3-52:36" xsi:type="First">
            <source locator="52:9-52:35" path="generalPractitioner" xsi:type="Property">
               <source locator="52:9-52:15" name="Patient" xsi:type="ExpressionRef"/>
            </source>
         </expression>
      </def>
      <def locator="56:1-57:56" name="Patient PCP name" context="Patient" accessLevel="Public">
         <expression locator="57:3-57:56" xsi:type="Coalesce">
            <operand locator="57:12-57:55" xsi:type="List">
               <element locator="57:13-57:39" path="value" xsi:type="Property">
                  <source locator="57:13-57:33" path="display" xsi:type="Property">
                     <source locator="57:13-57:25" name="Patient PCP" xsi:type="ExpressionRef"/>
                  </source>
               </element>
               <element locator="57:42-57:54" valueType="t:String" value="Your Doctor" xsi:type="Literal"/>
            </operand>
         </expression>
      </def>
      <def locator="61:1-62:51" name="All active conditions" context="Patient" accessLevel="Public">
         <expression locator="62:3-62:51" name="Confirmed" libraryName="C3F" xsi:type="FunctionRef">
            <operand locator="62:17-62:50" name="ActiveOrRecurring" libraryName="C3F" xsi:type="FunctionRef">
               <operand locator="62:39-62:49" dataType="fhir:Condition" templateId="http://hl7.org/fhir/StructureDefinition/Condition" xsi:type="Retrieve"/>
            </operand>
         </expression>
      </def>
   </statements>
</library>
