{
   "library" : {
      "annotation" : [ {
         "translatorOptions" : "EnableLocators,DisableListDemotion,DisableListPromotion",
         "type" : "CqlToElmInfo"
      } ],
      "identifier" : {
         "id" : "PreventiveCareConcepts",
         "system" : "http://fhir.org/guides/preventive-care",
         "version" : "1.0.0"
      },
      "schemaIdentifier" : {
         "id" : "urn:hl7-org:elm",
         "version" : "r1"
      },
      "usings" : {
         "def" : [ {
            "localIdentifier" : "System",
            "uri" : "urn:hl7-org:elm-types:r1"
         } ]
      },
      "codeSystems" : {
         "def" : [ {
            "locator" : "5:1-5:38",
            "name" : "LOINC",
            "id" : "http://loinc.org",
            "accessLevel" : "Public"
         }, {
            "locator" : "6:1-6:48",
            "name" : "SNOMED-CT",
            "id" : "http://snomed.info/sct",
            "accessLevel" : "Public"
         }, {
            "locator" : "7:1-7:52",
            "name" : "Race",
            "id" : "urn:oid:2.16.840.1.113883.6.238",
            "accessLevel" : "Public"
         } ]
      },
      "valueSets" : {
         "def" : [ {
            "locator" : "12:1-12:111",
            "name" : "Prostate Specific Antigen Test",
            "id" : "http://cts.nlm.nih.gov/fhir/ValueSet/2.16.840.1.113883.3.526.2.215",
            "accessLevel" : "Public"
         } ]
      },
      "codes" : {
         "def" : [ {
            "locator" : "23:1-23:90",
            "name" : "Black or African American",
            "id" : "2054-5",
            "display" : "Black or African American",
            "accessLevel" : "Public",
            "codeSystem" : {
               "locator" : "23:49-23:54",
               "name" : "Race"
            }
         }, {
            "locator" : "24:1-24:50",
            "name" : "White",
            "id" : "2106-3",
            "display" : "White",
            "accessLevel" : "Public",
            "codeSystem" : {
               "locator" : "24:29-24:34",
               "name" : "Race"
            }
         }, {
            "locator" : "27:1-27:95",
            "name" : "Prostate cancer",
            "id" : "254900004",
            "display" : "Carcinoma of prostate (disorder)",
            "accessLevel" : "Public",
            "codeSystem" : {
               "locator" : "27:42-27:52",
               "name" : "SNOMED-CT"
            }
         }, {
            "locator" : "28:1-28:126",
            "name" : "Family history of prostate cancer",
            "id" : "414205003",
            "display" : "Family history of prostate cancer (situation)",
            "accessLevel" : "Public",
            "codeSystem" : {
               "locator" : "28:60-28:70",
               "name" : "SNOMED-CT"
            }
         } ]
      }
   }
}