{
   "library" : {
      "annotation" : [ {
         "translatorOptions" : "EnableLocators,DisableListDemotion,DisableListPromotion",
         "type" : "CqlToElmInfo"
      } ],
      "identifier" : {
         "id" : "PreventiveCareData",
         "system" : "http://fhir.org/guides/preventive-care",
         "version" : "1.0.0"
      },
      "schemaIdentifier" : {
         "id" : "urn:hl7-org:elm",
         "version" : "r1"
      },
      "usings" : {
         "def" : [ {
            "localIdentifier" : "System",
            "uri" : "urn:hl7-org:elm-types:r1"
         }, {
            "locator" : "9:1-9:26",
            "localIdentifier" : "FHIR",
            "uri" : "http://hl7.org/fhir",
            "version" : "4.0.1"
         } ]
      },
      "includes" : {
         "def" : [ {
            "locator" : "14:1-14:54",
            "localIdentifier" : "FHIRHelpers",
            "path" : "http://fhir.org/guides/preventive-care/FHIRHelpers",
            "version" : "4.0.1"
         }, {
            "locator" : "16:1-16:52",
            "localIdentifier" : "C3F",
            "path" : "http://fhir.org/guides/preventive-care/CDSConnectCommons",
            "version" : "1.0.0"
         }, {
            "locator" : "18:1-18:57",
            "localIdentifier" : "PCC",
            "path" : "http://fhir.org/guides/preventive-care/PreventiveCareConcepts",
            "version" : "1.0.0"
         } ]
      },
      "contexts" : {
         "def" : [ {
            "locator" : "22:1-22:15",
            "name" : "Patient"
         } ]
      },
      "statements" : {
         "def" : [ {
            "locator" : "22:1-22:15",
            "name" : "Patient",
            "context" : "Patient",
            "expression" : {
               "type" : "SingletonFrom",
               "operand" : {
                  "locator" : "22:1-22:15",
                  "dataType" : "{http://hl7.org/fhir}Patient",
                  "templateId" : "http://hl7.org/fhir/StructureDefinition/Patient",
                  "type" : "Retrieve"
               }
            }
         }, {
            "locator" : "26:1-29:2",
            "name" : "Patient Name",
            "context" : "Patient",
            "accessLevel" : "Public",
            "expression" : {
               "locator" : "27:2-29:2",
               "type" : "Coalesce",
               "operand" : [ {
                  "locator" : "27:11-27:36",
                  "path" : "value",
                  "type" : "Property",
                  "source" : {
                     "locator" : "27:11-27:30",
                     "path" : "text",
                     "type" : "Property",
                     "source" : {
                        "locator" : "27:11-27:25",
                        "type" : "Indexer",
                        "operand" : [ {
                           "locator" : "27:11-27:22",
                           "path" : "name",
                           "type" : "Property",
                           "source" : {
                              "locator" : "27:11-27:17",
                              "name" : "Patient",
                              "type" : "ExpressionRef"
                           }
                        }, {
                           "locator" : "27:24",
                           "valueType" : "{urn:hl7-org:elm-types:r1}Integer",
                           "value" : "0",
                           "type" : "Literal"
                        } ]
                     }
                  }
               }, {
                  "locator" : "28:4-28:113",
                  "type" : "Concatenate",
                  "operand" : [ {
                     "locator" : "28:5-28:59",
                     "type" : "Concatenate",
                     "operand" : [ {
                        "locator" : "28:5-28:53",
                        "type" : "Combine",
                        "source" : {
                           "locator" : "28:13-28:47",
                           "type" : "Query",
                           "source" : [ {
                              "locator" : "28:13-28:32",
                              "alias" : "G",
                              "expression" : {
                                 "locator" : "28:13-28:30",
                                 "type" : "Flatten",
                                 "operand" : {
                                    "type" : "Query",
                                    "source" : [ {
                                       "alias" : "$this",
                                       "expression" : {
                                          "path" : "name",
                                          "type" : "Property",
                                          "source" : {
                                             "name" : "Patient",
                                             "type" : "ExpressionRef"
                                          }
                                       }
                                    } ],
                                    "where" : {
                                       "type" : "Not",
                                       "operand" : {
                                          "type" : "IsNull",
                                          "operand" : {
                                             "path" : "given",
                                             "type" : "Property",
                                             "source" : {
                                                "name" : "$this",
                                                "type" : "AliasRef"
                                             }
                                          }
                                       }
                                    },
                                    "return" : {
                                       "distinct" : false,
                                       "expression" : {
                                          "path" : "given",
                                          "type" : "Property",
                                          "source" : {
                                             "name" : "$this",
                                             "type" : "AliasRef"
                                          }
                                       }
                                    }
                                 }
                              }
                           } ],
                           "relationship" : [ ],
                           "return" : {
                              "locator" : "28:34-28:47",
                              "expression" : {
                                 "locator" : "28:41-28:47",
                                 "path" : "value",
                                 "scope" : "G",
                                 "type" : "Property"
                              }
                           }
                        },
                        "separator" : {
                           "locator" : "28:50-28:52",
                           "valueType" : "{urn:hl7-org:elm-types:r1}String",
                           "value" : " ",
                           "type" : "Literal"
                        }
                     }, {
                        "locator" : "28:57-28:59",
                        "valueType" : "{urn:hl7-org:elm-types:r1}String",
                        "value" : " ",
                        "type" : "Literal"
                     } ]
                  }, {
                     "locator" : "28:63-28:112",
                     "type" : "Combine",
                     "source" : {
                        "locator" : "28:71-28:106",
                        "type" : "Query",
                        "source" : [ {
                           "locator" : "28:71-28:91",
                           "alias" : "F",
                           "expression" : {
                              "locator" : "28:71-28:89",
                              "type" : "Query",
                              "source" : [ {
                                 "alias" : "$this",
                                 "expression" : {
                                    "path" : "name",
                                    "type" : "Property",
                                    "source" : {
                                       "name" : "Patient",
                                       "type" : "ExpressionRef"
                                    }
                                 }
                              } ],
                              "where" : {
                                 "type" : "Not",
                                 "operand" : {
                                    "type" : "IsNull",
                                    "operand" : {
                                       "path" : "family",
                                       "type" : "Property",
                                       "source" : {
                                          "name" : "$this",
                                          "type" : "AliasRef"
                                       }
                                    }
                                 }
                              },
                              "return" : {
                                 "distinct" : false,
                                 "expression" : {
                                    "path" : "family",
                                    "type" : "Property",
                                    "source" : {
                                       "name" : "$this",
                                       "type" : "AliasRef"
                                    }
                                 }
                              }
                           }
                        } ],
                        "relationship" : [ ],
                        "return" : {
                           "locator" : "28:93-28:106",
                           "expression" : {
                              "locator" : "28:100-28:106",
                              "path" : "value",
                              "scope" : "F",
                              "type" : "Property"
                           }
                        }
                     },
                     "separator" : {
                        "locator" : "28:109-28:111",
                        "valueType" : "{urn:hl7-org:elm-types:r1}String",
                        "value" : " ",
                        "type" : "Literal"
                     }
                  } ]
               } ]
            }
         }, {
            "locator" : "31:1-34:15",
            "name" : "Patient Birth Sex",
            "context" : "Patient",
            "accessLevel" : "Public",
            "expression" : {
               "locator" : "32:3-34:15",
               "path" : "value",
               "type" : "Property",
               "source" : {
                  "locator" : "32:3-34:9",
                  "path" : "value",
                  "type" : "Property",
                  "source" : {
                     "locator" : "32:3-34:3",
                     "type" : "First",
                     "source" : {
                        "locator" : "32:9-33:86",
                        "type" : "Query",
                        "source" : [ {
                           "locator" : "32:9-32:27",
                           "alias" : "e",
                           "expression" : {
                              "locator" : "32:9-32:25",
                              "path" : "extension",
                              "type" : "Property",
                              "source" : {
                                 "name" : "Patient",
                                 "type" : "ExpressionRef"
                              }
                           }
                        } ],
                        "relationship" : [ ],
                        "where" : {
                           "locator" : "33:7-33:86",
                           "type" : "Equal",
                           "operand" : [ {
                              "name" : "ToString",
                              "libraryName" : "FHIRHelpers",
                              "type" : "FunctionRef",
                              "operand" : [ {
                                 "locator" : "33:13-33:17",
                                 "path" : "url",
                                 "scope" : "e",
                                 "type" : "Property"
                              } ]
                           }, {
                              "locator" : "33:21-33:86",
                              "valueType" : "{urn:hl7-org:elm-types:r1}String",
                              "value" : "http://hl7.org/fhir/us/core/StructureDefinition/us-core-birthsex",
                              "type" : "Literal"
                           } ]
                        }
                     }
                  }
               }
            }
         }, {
            "locator" : "36:1-44:28",
            "name" : "Patient Race",
            "context" : "Patient",
            "accessLevel" : "Public",
            "expression" : {
               "locator" : "37:3-44:28",
               "type" : "Query",
               "source" : [ {
                  "locator" : "37:3-41:6",
                  "alias" : "E",
                  "expression" : {
                     "locator" : "37:3-41:4",
                     "type" : "Flatten",
                     "operand" : {
                        "locator" : "37:12-41:3",
                        "type" : "Query",
                        "source" : [ {
                           "locator" : "38:5-38:31",
                           "alias" : "Extension",
                           "expression" : {
                              "locator" : "38:5-38:21",
                              "path" : "extension",
                              "type" : "Property",
                              "source" : {
                                 "name" : "Patient",
                                 "type" : "ExpressionRef"
                              }
                           }
                        } ],
                        "relationship" : [ ],
                        "where" : {
                           "locator" : "39:7-39:90",
                           "type" : "Equal",
                           "operand" : [ {
                              "name" : "ToString",
                              "libraryName" : "FHIRHelpers",
                              "type" : "FunctionRef",
                              "operand" : [ {
                                 "locator" : "39:13-39:25",
                                 "path" : "url",
                                 "scope" : "Extension",
                                 "type" : "Property"
                              } ]
                           }, {
                              "locator" : "39:29-39:90",
                              "valueType" : "{urn:hl7-org:elm-types:r1}String",
                              "value" : "http://hl7.org/fhir/us/core/StructureDefinition/us-core-race",
                              "type" : "Literal"
                           } ]
                        },
                        "return" : {
                           "locator" : "40:9-40:34",
                           "expression" : {
                              "locator" : "40:16-40:34",
                              "path" : "extension",
                              "scope" : "Extension",
                              "type" : "Property"
                           }
                        }
                     }
                  }
               } ],
               "relationship" : [ ],
               "where" : {
                  "locator" : "42:5-43:27",
                  "type" : "Or",
                  "operand" : [ {
                     "locator" : "42:11-42:31",
                     "type" : "Equal",
                     "operand" : [ {
                        "name" : "ToString",
                        "libraryName" : "FHIRHelpers",
                        "type" : "FunctionRef",
                        "operand" : [ {
                           "locator" : "42:11-42:15",
                           "path" : "url",
                           "scope" : "E",
                           "type" : "Property"
                        } ]
                     }, {
                        "locator" : "42:19-42:31",
                        "valueType" : "{urn:hl7-org:elm-types:r1}String",
                        "value" : "ombCategory",
                        "type" : "Literal"
                     } ]
                  }, {
                     "locator" : "43:10-43:27",
                     "type" : "Equal",
                     "operand" : [ {
                        "name" : "ToString",
                        "libraryName" : "FHIRHelpers",
                        "type" : "FunctionRef",
                        "operand" : [ {
                           "locator" : "43:10-43:14",
                           "path" : "url",
                           "scope" : "E",
                           "type" : "Property"
                        } ]
                     }, {
                        "locator" : "43:18-43:27",
                        "valueType" : "{urn:hl7-org:elm-types:r1}String",
                        "value" : "detailed",
                        "type" : "Literal"
                     } ]
                  } ]
               },
               "return" : {
                  "locator" : "44:5-44:28",
                  "expression" : {
                     "locator" : "44:12-44:28",
                     "strict" : false,
                     "type" : "As",
                     "operand" : {
                        "locator" : "44:12-44:18",
                        "path" : "value",
                        "scope" : "E",
                        "type" : "Property"
                     },
                     "asTypeSpecifier" : {
                        "locator" : "44:23-44:28",
                        "name" : "{http://hl7.org/fhir}Coding",
                        "type" : "NamedTypeSpecifier"
                     }
                  }
               }
            }
         }, {
            "locator" : "46:1-53:42",
            "name" : "Patient Race Text",
            "context" : "Patient",
            "accessLevel" : "Public",
            "expression" : {
               "locator" : "47:3-53:42",
               "path" : "value",
               "type" : "Property",
               "source" : {
                  "locator" : "47:3-53:36",
                  "type" : "First",
                  "source" : {
                     "locator" : "47:9-53:35",
                     "type" : "Query",
                     "source" : [ {
                        "locator" : "47:9-51:6",
                        "alias" : "E",
                        "expression" : {
                           "locator" : "47:9-51:4",
                           "type" : "Flatten",
                           "operand" : {
                              "locator" : "47:18-51:3",
                              "type" : "Query",
                              "source" : [ {
                                 "locator" : "48:5-48:31",
                                 "alias" : "Extension",
                                 "expression" : {
                                    "locator" : "48:5-48:21",
                                    "path" : "extension",
                                    "type" : "Property",
                                    "source" : {
                                       "name" : "Patient",
                                       "type" : "ExpressionRef"
                                    }
                                 }
                              } ],
                              "relationship" : [ ],
                              "where" : {
                                 "locator" : "49:7-49:90",
                                 "type" : "Equal",
                                 "operand" : [ {
                                    "name" : "ToString",
                                    "libraryName" : "FHIRHelpers",
                                    "type" : "FunctionRef",
                                    "operand" : [ {
                                       "locator" : "49:13-49:25",
                                       "path" : "url",
                                       "scope" : "Extension",
                                       "type" : "Property"
                                    } ]
                                 }, {
                                    "locator" : "49:29-49:90",
                                    "valueType" : "{urn:hl7-org:elm-types:r1}String",
                                    "value" : "http://hl7.org/fhir/us/core/StructureDefinition/us-core-race",
                                    "type" : "Literal"
                                 } ]
                              },
                              "return" : {
                                 "locator" : "50:9-50:34",
                                 "expression" : {
                                    "locator" : "50:16-50:34",
                                    "path" : "extension",
                                    "scope" : "Extension",
                                    "type" : "Property"
                                 }
                              }
                           }
                        }
                     } ],
                     "relationship" : [ ],
                     "where" : {
                        "locator" : "52:5-52:24",
                        "type" : "Equal",
                        "operand" : [ {
                           "name" : "ToString",
                           "libraryName" : "FHIRHelpers",
                           "type" : "FunctionRef",
                           "operand" : [ {
                              "locator" : "52:11-52:15",
                              "path" : "url",
                              "scope" : "E",
                              "type" : "Property"
                           } ]
                        }, {
                           "locator" : "52:19-52:24",
                           "valueType" : "{urn:hl7-org:elm-types:r1}String",
                           "value" : "text",
                           "type" : "Literal"
                        } ]
                     },
                     "return" : {
                        "locator" : "53:5-53:35",
                        "expression" : {
                           "locator" : "53:12-53:35",
                           "strict" : false,
                           "type" : "As",
                           "operand" : {
                              "locator" : "53:13-53:19",
                              "path" : "value",
                              "scope" : "E",
                              "type" : "Property"
                           },
                           "asTypeSpecifier" : {
                              "locator" : "53:24-53:34",
                              "name" : "{http://hl7.org/fhir}string",
                              "type" : "NamedTypeSpecifier"
                           }
                        }
                     }
                  }
               }
            }
         }, {
            "locator" : "57:1-58:25",
            "name" : "Patient is male",
            "context" : "Patient",
            "accessLevel" : "Public",
            "expression" : {
               "locator" : "58:3-58:25",
               "type" : "Equal",
               "operand" : [ {
                  "name" : "ToString",
                  "libraryName" : "FHIRHelpers",
                  "type" : "FunctionRef",
                  "operand" : [ {
                     "locator" : "58:3-58:16",
                     "path" : "gender",
                     "type" : "Property",
                     "source" : {
                        "locator" : "58:3-58:9",
                        "name" : "Patient",
                        "type" : "ExpressionRef"
                     }
                  } ]
               }, {
                  "locator" : "58:20-58:25",
                  "valueType" : "{urn:hl7-org:elm-types:r1}String",
                  "value" : "male",
                  "type" : "Literal"
               } ]
            }
         }, {
            "locator" : "60:1-61:27",
            "name" : "Patient is female",
            "context" : "Patient",
            "accessLevel" : "Public",
            "expression" : {
               "locator" : "61:3-61:27",
               "type" : "Equal",
               "operand" : [ {
                  "name" : "ToString",
                  "libraryName" : "FHIRHelpers",
                  "type" : "FunctionRef",
                  "operand" : [ {
                     "locator" : "61:3-61:16",
                     "path" : "gender",
                     "type" : "Property",
                     "source" : {
                        "locator" : "61:3-61:9",
                        "name" : "Patient",
                        "type" : "ExpressionRef"
                     }
                  } ]
               }, {
                  "locator" : "61:20-61:27",
                  "valueType" : "{urn:hl7-org:elm-types:r1}String",
                  "value" : "female",
                  "type" : "Literal"
               } ]
            }
         }, {
            "locator" : "63:1-64:57",
            "name" : "Race is African American",
            "context" : "Patient",
            "accessLevel" : "Public",
            "expression" : {
               "locator" : "64:3-64:57",
               "type" : "Contains",
               "operand" : [ {
                  "type" : "Query",
                  "source" : [ {
                     "alias" : "X",
                     "expression" : {
                        "locator" : "64:3-64:16",
                        "name" : "Patient Race",
                        "type" : "ExpressionRef"
                     }
                  } ],
                  "return" : {
                     "distinct" : false,
                     "expression" : {
                        "name" : "ToCode",
                        "libraryName" : "FHIRHelpers",
                        "type" : "FunctionRef",
                        "operand" : [ {
                           "name" : "X",
                           "type" : "AliasRef"
                        } ]
                     }
                  }
               }, {
                  "locator" : "64:27-64:57",
                  "name" : "Black or African American",
                  "libraryName" : "PCC",
                  "type" : "CodeRef"
               } ]
            }
         }, {
            "locator" : "66:1-67:20",
            "name" : "Patient is 40 or older",
            "context" : "Patient",
            "accessLevel" : "Public",
            "expression" : {
               "locator" : "67:3-67:20",
               "type" : "GreaterOrEqual",
               "operand" : [ {
                  "locator" : "67:3-67:14",
                  "precision" : "Year",
                  "type" : "CalculateAge",
                  "operand" : {
                     "path" : "birthDate.value",
                     "type" : "Property",
                     "source" : {
                        "name" : "Patient",
                        "type" : "ExpressionRef"
                     }
                  }
               }, {
                  "locator" : "67:19-67:20",
                  "valueType" : "{urn:hl7-org:elm-types:r1}Integer",
                  "value" : "40",
                  "type" : "Literal"
               } ]
            }
         }, {
            "locator" : "70:1-71:36",
            "name" : "Patient PCP",
            "context" : "Patient",
            "accessLevel" : "Public",
            "expression" : {
               "locator" : "71:3-71:36",
               "type" : "First",
               "source" : {
                  "locator" : "71:9-71:35",
                  "path" : "generalPractitioner",
                  "type" : "Property",
                  "source" : {
                     "locator" : "71:9-71:15",
                     "name" : "Patient",
                     "type" : "ExpressionRef"
                  }
               }
            }
         }, {
            "locator" : "75:1-76:56",
            "name" : "Patient PCP name",
            "context" : "Patient",
            "accessLevel" : "Public",
            "expression" : {
               "locator" : "76:3-76:56",
               "type" : "Coalesce",
               "operand" : [ {
                  "locator" : "76:12-76:55",
                  "type" : "List",
                  "element" : [ {
                     "locator" : "76:13-76:39",
                     "path" : "value",
                     "type" : "Property",
                     "source" : {
                        "locator" : "76:13-76:33",
                        "path" : "display",
                        "type" : "Property",
                        "source" : {
                           "locator" : "76:13-76:25",
                           "name" : "Patient PCP",
                           "type" : "ExpressionRef"
                        }
                     }
                  }, {
                     "locator" : "76:42-76:54",
                     "valueType" : "{urn:hl7-org:elm-types:r1}String",
                     "value" : "Your Doctor",
                     "type" : "Literal"
                  } ]
               } ]
            }
         }, {
            "locator" : "80:1-81:51",
            "name" : "All active conditions",
            "context" : "Patient",
            "accessLevel" : "Public",
            "expression" : {
               "locator" : "81:3-81:51",
               "name" : "Confirmed",
               "libraryName" : "C3F",
               "type" : "FunctionRef",
               "operand" : [ {
                  "locator" : "81:17-81:50",
                  "name" : "ActiveOrRecurring",
                  "libraryName" : "C3F",
                  "type" : "FunctionRef",
                  "operand" : [ {
                     "locator" : "81:39-81:49",
                     "dataType" : "{http://hl7.org/fhir}Condition",
                     "templateId" : "http://hl7.org/fhir/StructureDefinition/Condition",
                     "type" : "Retrieve"
                  } ]
               } ]
            }
         } ]
      }
   }
}