{
   "library" : {
      "annotation" : [ {
         "translatorOptions" : "EnableLocators,DisableListDemotion,DisableListPromotion",
         "type" : "CqlToElmInfo"
      } ],
      "identifier" : {
         "id" : "ProstateCancerScreening",
         "system" : "http://fhir.org/guides/preventive-care",
         "version" : "1.0.0"
      },
      "schemaIdentifier" : {
         "id" : "urn:hl7-org:elm",
         "version" : "r1"
      },
      "usings" : {
         "def" : [ {
            "localIdentifier" : "System",
            "uri" : "urn:hl7-org:elm-types:r1"
         }, {
            "locator" : "9:1-9:26",
            "localIdentifier" : "FHIR",
            "uri" : "http://hl7.org/fhir",
            "version" : "4.0.1"
         } ]
      },
      "includes" : {
         "def" : [ {
            "locator" : "14:1-14:54",
            "localIdentifier" : "FHIRHelpers",
            "path" : "http://fhir.org/guides/preventive-care/FHIRHelpers",
            "version" : "4.0.1"
         }, {
            "locator" : "16:1-16:52",
            "localIdentifier" : "C3F",
            "path" : "http://fhir.org/guides/preventive-care/CDSConnectCommons",
            "version" : "1.0.0"
         }, {
            "locator" : "18:1-18:57",
            "localIdentifier" : "PCC",
            "path" : "http://fhir.org/guides/preventive-care/PreventiveCareConcepts",
            "version" : "1.0.0"
         }, {
            "locator" : "20:1-20:54",
            "localIdentifier" : "Data",
            "path" : "http://fhir.org/guides/preventive-care/PreventiveCareData",
            "version" : "1.0.0"
         } ]
      },
      "contexts" : {
         "def" : [ {
            "locator" : "24:1-24:15",
            "name" : "Patient"
         } ]
      },
      "statements" : {
         "def" : [ {
            "locator" : "24:1-24:15",
            "name" : "Patient",
            "context" : "Patient",
            "expression" : {
               "type" : "SingletonFrom",
               "operand" : {
                  "locator" : "24:1-24:15",
                  "dataType" : "{http://hl7.org/fhir}Patient",
                  "templateId" : "http://hl7.org/fhir/StructureDefinition/Patient",
                  "type" : "Retrieve"
               }
            }
         }, {
            "locator" : "46:1-47:67",
            "name" : "PSA Observations",
            "context" : "Patient",
            "accessLevel" : "Public",
            "expression" : {
               "locator" : "47:3-47:67",
               "name" : "Verified",
               "libraryName" : "C3F",
               "type" : "FunctionRef",
               "operand" : [ {
                  "locator" : "47:16-47:66",
                  "dataType" : "{http://hl7.org/fhir}Observation",
                  "templateId" : "http://hl7.org/fhir/StructureDefinition/Observation",
                  "codeProperty" : "code",
                  "codeComparator" : "in",
                  "type" : "Retrieve",
                  "codes" : {
                     "locator" : "47:30-47:65",
                     "name" : "Prostate Specific Antigen Test",
                     "libraryName" : "PCC",
                     "type" : "ValueSetRef"
                  }
               } ]
            }
         }, {
            "locator" : "61:1-62:32",
            "name" : "No PSA test results",
            "context" : "Patient",
            "accessLevel" : "Public",
            "expression" : {
               "locator" : "62:3-62:32",
               "type" : "Not",
               "operand" : {
                  "locator" : "62:7-62:32",
                  "type" : "Exists",
                  "operand" : {
                     "locator" : "62:13-62:32",
                     "name" : "PSA Observations",
                     "type" : "ExpressionRef"
                  }
               }
            }
         }, {
            "locator" : "67:1-68:61",
            "name" : "Has PSA within two years",
            "context" : "Patient",
            "accessLevel" : "Public",
            "expression" : {
               "locator" : "68:3-68:61",
               "type" : "Exists",
               "operand" : {
                  "locator" : "68:9-68:61",
                  "name" : "ObservationLookBack",
                  "libraryName" : "C3F",
                  "type" : "FunctionRef",
                  "operand" : [ {
                     "locator" : "68:34-68:51",
                     "name" : "PSA Observations",
                     "type" : "ExpressionRef"
                  }, {
                     "locator" : "68:54-68:59",
                     "value" : 2,
                     "unit" : "year",
                     "type" : "Quantity"
                  } ]
               }
            }
         }, {
            "locator" : "28:1-33:3",
            "name" : "Needs Prostate Cancer Screening",
            "context" : "Patient",
            "accessLevel" : "Public",
            "expression" : {
               "locator" : "29:3-33:3",
               "type" : "And",
               "operand" : [ {
                  "locator" : "29:3-30:36",
                  "type" : "And",
                  "operand" : [ {
                     "locator" : "29:3-29:24",
                     "name" : "Patient is male",
                     "libraryName" : "Data",
                     "type" : "ExpressionRef"
                  }, {
                     "locator" : "30:7-30:36",
                     "type" : "And",
                     "operand" : [ {
                        "type" : "GreaterOrEqual",
                        "operand" : [ {
                           "locator" : "30:7-30:18",
                           "precision" : "Year",
                           "type" : "CalculateAge",
                           "operand" : {
                              "path" : "birthDate.value",
                              "type" : "Property",
                              "source" : {
                                 "name" : "Patient",
                                 "type" : "ExpressionRef"
                              }
                           }
                        }, {
                           "locator" : "30:28-30:29",
                           "valueType" : "{urn:hl7-org:elm-types:r1}Integer",
                           "value" : "40",
                           "type" : "Literal"
                        } ]
                     }, {
                        "type" : "LessOrEqual",
                        "operand" : [ {
                           "locator" : "30:7-30:18",
                           "precision" : "Year",
                           "type" : "CalculateAge",
                           "operand" : {
                              "path" : "birthDate.value",
                              "type" : "Property",
                              "source" : {
                                 "name" : "Patient",
                                 "type" : "ExpressionRef"
                              }
                           }
                        }, {
                           "locator" : "30:35-30:36",
                           "valueType" : "{urn:hl7-org:elm-types:r1}Integer",
                           "value" : "70",
                           "type" : "Literal"
                        } ]
                     } ]
                  } ]
               }, {
                  "locator" : "31:7-33:3",
                  "type" : "Or",
                  "operand" : [ {
                     "locator" : "31:8-31:28",
                     "name" : "No PSA test results",
                     "type" : "ExpressionRef"
                  }, {
                     "locator" : "32:8-32:37",
                     "type" : "Not",
                     "operand" : {
                        "locator" : "32:12-32:37",
                        "name" : "Has PSA within two years",
                        "type" : "ExpressionRef"
                     }
                  } ]
               } ]
            }
         }, {
            "locator" : "38:1-40:40",
            "name" : "Prostate cancer conditions",
            "context" : "Patient",
            "accessLevel" : "Public",
            "expression" : {
               "locator" : "39:3-40:40",
               "type" : "Query",
               "source" : [ {
                  "locator" : "39:3-39:32",
                  "alias" : "C",
                  "expression" : {
                     "locator" : "39:3-39:30",
                     "name" : "All active conditions",
                     "libraryName" : "Data",
                     "type" : "ExpressionRef"
                  }
               } ],
               "relationship" : [ ],
               "where" : {
                  "locator" : "40:5-40:40",
                  "type" : "Equivalent",
                  "operand" : [ {
                     "name" : "ToConcept",
                     "libraryName" : "FHIRHelpers",
                     "type" : "FunctionRef",
                     "operand" : [ {
                        "locator" : "40:11-40:16",
                        "path" : "code",
                        "scope" : "C",
                        "type" : "Property"
                     } ]
                  }, {
                     "type" : "ToConcept",
                     "operand" : {
                        "locator" : "40:20-40:40",
                        "name" : "Prostate cancer",
                        "libraryName" : "PCC",
                        "type" : "CodeRef"
                     }
                  } ]
               }
            }
         }, {
            "locator" : "35:1-36:40",
            "name" : "Has prostate cancer Hx",
            "context" : "Patient",
            "accessLevel" : "Public",
            "expression" : {
               "locator" : "36:3-36:40",
               "type" : "Exists",
               "operand" : {
                  "locator" : "36:9-36:40",
                  "name" : "Prostate cancer conditions",
                  "type" : "ExpressionRef"
               }
            }
         }, {
            "locator" : "42:1-44:62",
            "name" : "Has family history of prostate cancer",
            "context" : "Patient",
            "accessLevel" : "Public",
            "expression" : {
               "locator" : "44:3-44:62",
               "type" : "Exists",
               "operand" : {
                  "locator" : "44:9-44:62",
                  "dataType" : "{http://hl7.org/fhir}Condition",
                  "templateId" : "http://hl7.org/fhir/StructureDefinition/Condition",
                  "codeProperty" : "code",
                  "codeComparator" : "~",
                  "type" : "Retrieve",
                  "codes" : {
                     "type" : "ToList",
                     "operand" : {
                        "locator" : "44:22-44:60",
                        "name" : "Family history of prostate cancer",
                        "libraryName" : "PCC",
                        "type" : "CodeRef"
                     }
                  }
               }
            }
         }, {
            "locator" : "49:1-50:36",
            "name" : "Last PSA",
            "context" : "Patient",
            "accessLevel" : "Public",
            "expression" : {
               "locator" : "50:3-50:36",
               "name" : "MostRecent",
               "libraryName" : "C3F",
               "type" : "FunctionRef",
               "operand" : [ {
                  "locator" : "50:18-50:35",
                  "name" : "PSA Observations",
                  "type" : "ExpressionRef"
               } ]
            }
         }, {
            "locator" : "52:1-53:37",
            "name" : "Last PSA value",
            "context" : "Patient",
            "accessLevel" : "Public",
            "expression" : {
               "locator" : "53:3-53:37",
               "path" : "value",
               "type" : "Property",
               "source" : {
                  "locator" : "53:3-53:31",
                  "name" : "QuantityValue",
                  "libraryName" : "C3F",
                  "type" : "FunctionRef",
                  "operand" : [ {
                     "locator" : "53:21-53:30",
                     "name" : "Last PSA",
                     "type" : "ExpressionRef"
                  } ]
               }
            }
         }, {
            "locator" : "55:1-56:26",
            "name" : "Last PSA date",
            "context" : "Patient",
            "accessLevel" : "Public",
            "expression" : {
               "locator" : "56:3-56:26",
               "name" : "FindDate",
               "libraryName" : "C3F",
               "type" : "FunctionRef",
               "operand" : [ {
                  "locator" : "56:16-56:25",
                  "name" : "Last PSA",
                  "type" : "ExpressionRef"
               } ]
            }
         }, {
            "locator" : "58:1-59:28",
            "name" : "Has PSA test",
            "context" : "Patient",
            "accessLevel" : "Public",
            "expression" : {
               "locator" : "59:3-59:28",
               "type" : "Exists",
               "operand" : {
                  "locator" : "59:9-59:28",
                  "name" : "PSA Observations",
                  "type" : "ExpressionRef"
               }
            }
         }, {
            "locator" : "64:1-65:61",
            "name" : "Has PSA within one year",
            "context" : "Patient",
            "accessLevel" : "Public",
            "expression" : {
               "locator" : "65:3-65:61",
               "type" : "Exists",
               "operand" : {
                  "locator" : "65:9-65:61",
                  "name" : "ObservationLookBack",
                  "libraryName" : "C3F",
                  "type" : "FunctionRef",
                  "operand" : [ {
                     "locator" : "65:34-65:51",
                     "name" : "PSA Observations",
                     "type" : "ExpressionRef"
                  }, {
                     "locator" : "65:54-65:59",
                     "value" : 1,
                     "unit" : "year",
                     "type" : "Quantity"
                  } ]
               }
            }
         }, {
            "locator" : "70:1-72:43",
            "name" : "Has high PSA value",
            "context" : "Patient",
            "accessLevel" : "Public",
            "expression" : {
               "locator" : "71:3-72:43",
               "type" : "Exists",
               "operand" : {
                  "locator" : "71:9-72:43",
                  "type" : "Query",
                  "source" : [ {
                     "locator" : "71:10-71:29",
                     "alias" : "C",
                     "expression" : {
                        "locator" : "71:10-71:27",
                        "name" : "PSA Observations",
                        "type" : "ExpressionRef"
                     }
                  } ],
                  "relationship" : [ ],
                  "where" : {
                     "locator" : "72:5-72:42",
                     "type" : "Greater",
                     "operand" : [ {
                        "locator" : "72:11-72:36",
                        "path" : "value",
                        "type" : "Property",
                        "source" : {
                           "locator" : "72:11-72:30",
                           "name" : "QuantityValue",
                           "libraryName" : "C3F",
                           "type" : "FunctionRef",
                           "operand" : [ {
                              "locator" : "72:29",
                              "name" : "C",
                              "type" : "AliasRef"
                           } ]
                        }
                     }, {
                        "locator" : "72:40-72:42",
                        "valueType" : "{urn:hl7-org:elm-types:r1}Decimal",
                        "value" : "4.0",
                        "type" : "Literal"
                     } ]
                  }
               }
            }
         }, {
            "locator" : "74:1-75:24",
            "name" : "Last PSA value is high",
            "context" : "Patient",
            "accessLevel" : "Public",
            "expression" : {
               "locator" : "75:3-75:24",
               "type" : "Greater",
               "operand" : [ {
                  "locator" : "75:3-75:18",
                  "name" : "Last PSA value",
                  "type" : "ExpressionRef"
               }, {
                  "locator" : "75:22-75:24",
                  "valueType" : "{urn:hl7-org:elm-types:r1}Decimal",
                  "value" : "4.0",
                  "type" : "Literal"
               } ]
            }
         } ]
      }
   }
}