<?xml version="1.0" encoding="UTF-8"?>
<library xmlns="urn:hl7-org:elm:r1" xmlns:t="urn:hl7-org:elm-types:r1" xmlns:xsi="http://www.w3.org/2001/XMLSchema-instance" xmlns:xsd="http://www.w3.org/2001/XMLSchema" xmlns:fhir="http://hl7.org/fhir" xmlns:qdm43="urn:healthit-gov:qdm:v4_3" xmlns:qdm53="urn:healthit-gov:qdm:v5_3" xmlns:a="urn:hl7-org:cql-annotations:r1">
   <annotation translatorVersion="1.3" translatorOptions="EnableAnnotations,EnableLocators,DisableListDemotion,DisableListPromotion" xsi:type="a:CqlToElmInfo"/>
   <annotation xsi:type="a:Annotation">
      <a:s r="84">
         <a:s>// # Introduction

// The Preventive Care logic library supports decision-making on preventive care screening for Prostate Cancer.library ProstateCancerScreening version '1.0.0'</a:s>
      </a:s>
   </annotation>
   <identifier id="ProstateCancerScreening" system="http://fhir.org/guides/preventive-care" version="1.0.0"/>
   <schemaIdentifier id="urn:hl7-org:elm" version="r1"/>
   <usings>
      <def localIdentifier="System" uri="urn:hl7-org:elm-types:r1"/>
      <def localId="1" locator="9:1-9:26" localIdentifier="FHIR" uri="http://hl7.org/fhir" version="4.0.1">
         <annotation xsi:type="a:Annotation">
            <a:s r="1">
               <a:s>// # Data model #using </a:s>
               <a:s>
                  <a:s>FHIR</a:s>
               </a:s>
               <a:s> version '4.0.1'</a:s>
            </a:s>
         </annotation>
      </def>
   </usings>
   <includes>
      <def localId="2" locator="14:1-14:54" localIdentifier="FHIRHelpers" path="http://hl7.org/fhir/FHIRHelpers" version="4.0.1">
         <annotation xsi:type="a:Annotation">
            <a:s r="2">
               <a:s>// # Referenced libraries #

// The FHIRHelpers library provides common functions for simplifying interaction w/ the FHIR R4 data model.include </a:s>
               <a:s>
                  <a:s>FHIRHelpers</a:s>
               </a:s>
               <a:s> version '4.0.1' called FHIRHelpers</a:s>
            </a:s>
         </annotation>
      </def>
      <def localId="3" locator="16:1-16:52" localIdentifier="C3F" path="http://fhir.org/guides/preventive-care/CDSConnectCommons" version="1.0.0">
         <annotation xsi:type="a:Annotation">
            <a:s r="3">
               <a:s>// The CDS Connect Commons library provides functions representing commonly used CDS logic and patterns.include </a:s>
               <a:s>
                  <a:s>CDSConnectCommons</a:s>
               </a:s>
               <a:s> version '1.0.0' called C3F</a:s>
            </a:s>
         </annotation>
      </def>
      <def localId="4" locator="18:1-18:57" localIdentifier="PCC" path="http://fhir.org/guides/preventive-care/PreventiveCareConcepts" version="1.0.0">
         <annotation xsi:type="a:Annotation">
            <a:s r="4">
               <a:s>// The PreventiveCareConcepts library provides terminology concepts used to identify data elements throughout the artifact.include </a:s>
               <a:s>
                  <a:s>PreventiveCareConcepts</a:s>
               </a:s>
               <a:s> version '1.0.0' called PCC</a:s>
            </a:s>
         </annotation>
      </def>
      <def localId="5" locator="20:1-20:54" localIdentifier="Data" path="http://fhir.org/guides/preventive-care/PreventiveCareData" version="1.0.0">
         <annotation xsi:type="a:Annotation">
            <a:s r="5">
               <a:s>// The PreventiveCareData library provides common data retrieval logic for preventive care guidelines.include </a:s>
               <a:s>
                  <a:s>PreventiveCareData</a:s>
               </a:s>
               <a:s> version '1.0.0' called Data</a:s>
            </a:s>
         </annotation>
      </def>
   </includes>
   <contexts>
      <def locator="24:1-24:15" name="Patient"/>
   </contexts>
   <statements>
      <def locator="24:1-24:15" name="Patient" context="Patient">
         <expression xsi:type="SingletonFrom">
            <operand locator="24:1-24:15" dataType="fhir:Patient" templateId="http://hl7.org/fhir/StructureDefinition/Patient" xsi:type="Retrieve"/>
         </expression>
      </def>
      <def localId="16" locator="47:1-48:67" name="PSA Observations" context="Patient" accessLevel="Public">
         <annotation xsi:type="a:Annotation">
            <a:s r="16">
               <a:s>define &quot;PSA Observations&quot;:
  </a:s>
               <a:s r="15">
                  <a:s r="13">
                     <a:s>C3F</a:s>
                  </a:s>
                  <a:s>.</a:s>
                  <a:s r="15">
                     <a:s>Verified(</a:s>
                     <a:s r="14">
                        <a:s>[Observation: </a:s>
                        <a:s>
                           <a:s>PCC.&quot;Prostate Specific Antigen Test&quot;</a:s>
                        </a:s>
                        <a:s>]</a:s>
                     </a:s>
                     <a:s>)</a:s>
                  </a:s>
               </a:s>
            </a:s>
         </annotation>
         <expression localId="15" locator="48:3-48:67" name="Verified" libraryName="C3F" xsi:type="FunctionRef">
            <operand localId="14" locator="48:16-48:66" dataType="fhir:Observation" templateId="http://hl7.org/fhir/StructureDefinition/Observation" codeProperty="code" codeComparator="in" xsi:type="Retrieve">
               <codes locator="48:30-48:65" name="Prostate Specific Antigen Test" libraryName="PCC" xsi:type="ValueSetRef"/>
            </operand>
         </expression>
      </def>
      <def localId="20" locator="62:1-63:32" name="No PSA test results" context="Patient" accessLevel="Public">
         <annotation xsi:type="a:Annotation">
            <a:s r="20">
               <a:s>define &quot;No PSA test results&quot;:
  </a:s>
               <a:s r="19">
                  <a:s>not </a:s>
                  <a:s r="18">
                     <a:s>exists</a:s>
                     <a:s r="17">
                        <a:s>(</a:s>
                        <a:s r="17">
                           <a:s>&quot;PSA Observations&quot;</a:s>
                        </a:s>
                        <a:s>)</a:s>
                     </a:s>
                  </a:s>
               </a:s>
            </a:s>
         </annotation>
         <expression localId="19" locator="63:3-63:32" xsi:type="Not">
            <operand localId="18" locator="63:7-63:32" xsi:type="Exists">
               <operand localId="17" locator="63:13-63:32" name="PSA Observations" xsi:type="ExpressionRef"/>
            </operand>
         </expression>
      </def>
      <def localId="27" locator="68:1-69:61" name="Has PSA within two years" context="Patient" accessLevel="Public">
         <annotation xsi:type="a:Annotation">
            <a:s r="27">
               <a:s>define &quot;Has PSA within two years&quot;:
  </a:s>
               <a:s r="26">
                  <a:s>exists</a:s>
                  <a:s r="25">
                     <a:s>(</a:s>
                     <a:s r="25">
                        <a:s r="22">
                           <a:s>C3F</a:s>
                        </a:s>
                        <a:s>.</a:s>
                        <a:s r="25">
                           <a:s>ObservationLookBack(</a:s>
                           <a:s r="23">
                              <a:s>&quot;PSA Observations&quot;</a:s>
                           </a:s>
                           <a:s>, </a:s>
                           <a:s r="24">
                              <a:s>2 year</a:s>
                           </a:s>
                           <a:s>)</a:s>
                        </a:s>
                     </a:s>
                     <a:s>)</a:s>
                  </a:s>
               </a:s>
            </a:s>
         </annotation>
         <expression localId="26" locator="69:3-69:61" xsi:type="Exists">
            <operand localId="25" locator="69:9-69:61" name="ObservationLookBack" libraryName="C3F" xsi:type="FunctionRef">
               <operand localId="23" locator="69:34-69:51" name="PSA Observations" xsi:type="ExpressionRef"/>
               <operand localId="24" locator="69:54-69:59" value="2" unit="year" xsi:type="Quantity"/>
            </operand>
         </expression>
      </def>
      <def localId="32" locator="28:1-33:3" name="Needs Prostate Cancer Screening" context="Patient" accessLevel="Public">
         <annotation xsi:type="a:Annotation">
            <a:s r="32">
               <a:s>/* Prostate cancer screening logic */define &quot;Needs Prostate Cancer Screening&quot;:
  </a:s>
               <a:s r="31">
                  <a:s r="12">
                     <a:s r="7">
                        <a:s r="6">
                           <a:s>Data</a:s>
                        </a:s>
                        <a:s>.</a:s>
                        <a:s r="7">
                           <a:s>&quot;Patient is male&quot;</a:s>
                        </a:s>
                     </a:s>
                     <a:s>
  and </a:s>
                     <a:s r="11">
                        <a:s r="8">
                           <a:s>AgeInYears()</a:s>
                        </a:s>
                        <a:s r="9"> between 40 and 70</a:s>
                     </a:s>
                  </a:s>
                  <a:s>
  and </a:s>
                  <a:s r="30">
                     <a:s>(</a:s>
                     <a:s r="30">
                        <a:s r="21">
                           <a:s>&quot;No PSA test results&quot;</a:s>
                        </a:s>
                        <a:s>
    or </a:s>
                        <a:s r="29">
                           <a:s>not </a:s>
                           <a:s r="28">
                              <a:s>&quot;Has PSA within two years&quot;</a:s>
                           </a:s>
                        </a:s>
                     </a:s>
                     <a:s>
  )</a:s>
                  </a:s>
               </a:s>
            </a:s>
         </annotation>
         <expression localId="31" locator="29:3-33:3" xsi:type="And">
            <operand localId="12" locator="29:3-30:36" xsi:type="And">
               <operand localId="7" locator="29:3-29:24" name="Patient is male" libraryName="Data" xsi:type="ExpressionRef"/>
               <operand localId="11" locator="30:7-30:36" xsi:type="And">
                  <operand xsi:type="GreaterOrEqual">
                     <operand localId="8" locator="30:7-30:18" precision="Year" xsi:type="CalculateAge">
                        <operand path="birthDate.value" xsi:type="Property">
                           <source name="Patient" xsi:type="ExpressionRef"/>
                        </operand>
                     </operand>
                     <operand localId="9" locator="30:28-30:29" valueType="t:Integer" value="40" xsi:type="Literal"/>
                  </operand>
                  <operand xsi:type="LessOrEqual">
                     <operand localId="8" locator="30:7-30:18" precision="Year" xsi:type="CalculateAge">
                        <operand path="birthDate.value" xsi:type="Property">
                           <source name="Patient" xsi:type="ExpressionRef"/>
                        </operand>
                     </operand>
                     <operand localId="10" locator="30:35-30:36" valueType="t:Integer" value="70" xsi:type="Literal"/>
                  </operand>
               </operand>
            </operand>
            <operand localId="30" locator="31:7-33:3" xsi:type="Or">
               <operand localId="21" locator="31:8-31:28" name="No PSA test results" xsi:type="ExpressionRef"/>
               <operand localId="29" locator="32:8-32:37" xsi:type="Not">
                  <operand localId="28" locator="32:12-32:37" name="Has PSA within two years" xsi:type="ExpressionRef"/>
               </operand>
            </operand>
         </expression>
      </def>
      <def localId="41" locator="39:1-41:40" name="Prostate cancer conditions" context="Patient" accessLevel="Public">
         <annotation xsi:type="a:Annotation">
            <a:s r="41">
               <a:s>// TOOD For Hx, this should not be limited to active conditionsdefine &quot;Prostate cancer conditions&quot;:
  </a:s>
               <a:s r="40">
                  <a:s>
                     <a:s r="34">
                        <a:s r="33">
                           <a:s>
                              <a:s>Data.&quot;All active conditions&quot;</a:s>
                           </a:s>
                        </a:s>
                        <a:s> C</a:s>
                     </a:s>
                  </a:s>
                  <a:s>
    </a:s>
                  <a:s r="39">
                     <a:s>where </a:s>
                     <a:s r="39">
                        <a:s r="36">
                           <a:s r="35">
                              <a:s>C</a:s>
                           </a:s>
                           <a:s>.</a:s>
                           <a:s r="36">
                              <a:s>code</a:s>
                           </a:s>
                        </a:s>
                        <a:s> ~ </a:s>
                        <a:s r="38">
                           <a:s r="37">
                              <a:s>PCC</a:s>
                           </a:s>
                           <a:s>.</a:s>
                           <a:s r="38">
                              <a:s>&quot;Prostate cancer&quot;</a:s>
                           </a:s>
                        </a:s>
                     </a:s>
                  </a:s>
               </a:s>
            </a:s>
         </annotation>
         <expression localId="40" locator="40:3-41:40" xsi:type="Query">
            <source localId="34" locator="40:3-40:32" alias="C">
               <expression localId="33" locator="40:3-40:30" name="All active conditions" libraryName="Data" xsi:type="ExpressionRef"/>
            </source>
            <where localId="39" locator="41:5-41:40" xsi:type="Equivalent">
               <operand name="ToConcept" libraryName="FHIRHelpers" xsi:type="FunctionRef">
                  <operand localId="36" locator="41:11-41:16" path="code" scope="C" xsi:type="Property"/>
               </operand>
               <operand xsi:type="ToConcept">
                  <operand localId="38" locator="41:20-41:40" name="Prostate cancer" libraryName="PCC" xsi:type="CodeRef"/>
               </operand>
            </where>
         </expression>
      </def>
      <def localId="44" locator="35:1-36:40" name="Has prostate cancer Hx" context="Patient" accessLevel="Public">
         <annotation xsi:type="a:Annotation">
            <a:s r="44">
               <a:s>define &quot;Has prostate cancer Hx&quot;:
  </a:s>
               <a:s r="43">
                  <a:s>exists</a:s>
                  <a:s r="42">
                     <a:s>( </a:s>
                     <a:s r="42">
                        <a:s>&quot;Prostate cancer conditions&quot;</a:s>
                     </a:s>
                     <a:s> )</a:s>
                  </a:s>
               </a:s>
            </a:s>
         </annotation>
         <expression localId="43" locator="36:3-36:40" xsi:type="Exists">
            <operand localId="42" locator="36:9-36:40" name="Prostate cancer conditions" xsi:type="ExpressionRef"/>
         </expression>
      </def>
      <def localId="47" locator="43:1-45:62" name="Has family history of prostate cancer" context="Patient" accessLevel="Public">
         <annotation xsi:type="a:Annotation">
            <a:s r="47">
               <a:s>define &quot;Has family history of prostate cancer&quot;:
  /* exists([FamilyMemberHistory.condition.code: PCC.&quot;Prostate cancer&quot;]) */
  </a:s>
               <a:s r="46">
                  <a:s>exists</a:s>
                  <a:s r="45">
                     <a:s>(</a:s>
                     <a:s r="45">
                        <a:s>[Condition: </a:s>
                        <a:s>
                           <a:s>PCC.&quot;Family history of prostate cancer&quot;</a:s>
                        </a:s>
                        <a:s>]</a:s>
                     </a:s>
                     <a:s>)</a:s>
                  </a:s>
               </a:s>
            </a:s>
         </annotation>
         <expression localId="46" locator="45:3-45:62" xsi:type="Exists">
            <operand localId="45" locator="45:9-45:62" dataType="fhir:Condition" templateId="http://hl7.org/fhir/StructureDefinition/Condition" codeProperty="code" codeComparator="~" xsi:type="Retrieve">
               <codes xsi:type="ToList">
                  <operand locator="45:22-45:60" name="Family history of prostate cancer" libraryName="PCC" xsi:type="CodeRef"/>
               </codes>
            </operand>
         </expression>
      </def>
      <def localId="51" locator="50:1-51:36" name="Last PSA" context="Patient" accessLevel="Public">
         <annotation xsi:type="a:Annotation">
            <a:s r="51">
               <a:s>define &quot;Last PSA&quot;:
  </a:s>
               <a:s r="50">
                  <a:s r="48">
                     <a:s>C3F</a:s>
                  </a:s>
                  <a:s>.</a:s>
                  <a:s r="50">
                     <a:s>MostRecent(</a:s>
                     <a:s r="49">
                        <a:s>&quot;PSA Observations&quot;</a:s>
                     </a:s>
                     <a:s>)</a:s>
                  </a:s>
               </a:s>
            </a:s>
         </annotation>
         <expression localId="50" locator="51:3-51:36" name="MostRecent" libraryName="C3F" xsi:type="FunctionRef">
            <operand localId="49" locator="51:18-51:35" name="PSA Observations" xsi:type="ExpressionRef"/>
         </expression>
      </def>
      <def localId="56" locator="53:1-54:37" name="Last PSA value" context="Patient" accessLevel="Public">
         <annotation xsi:type="a:Annotation">
            <a:s r="56">
               <a:s>define &quot;Last PSA value&quot;:
  </a:s>
               <a:s r="55">
                  <a:s r="54">
                     <a:s r="52">
                        <a:s>C3F</a:s>
                     </a:s>
                     <a:s>.</a:s>
                     <a:s r="54">
                        <a:s>QuantityValue(</a:s>
                        <a:s r="53">
                           <a:s>&quot;Last PSA&quot;</a:s>
                        </a:s>
                        <a:s>)</a:s>
                     </a:s>
                  </a:s>
                  <a:s>.</a:s>
                  <a:s r="55">
                     <a:s>value</a:s>
                  </a:s>
               </a:s>
            </a:s>
         </annotation>
         <expression localId="55" locator="54:3-54:37" path="value" xsi:type="Property">
            <source localId="54" locator="54:3-54:31" name="QuantityValue" libraryName="C3F" xsi:type="FunctionRef">
               <operand localId="53" locator="54:21-54:30" name="Last PSA" xsi:type="ExpressionRef"/>
            </source>
         </expression>
      </def>
      <def localId="60" locator="56:1-57:26" name="Last PSA date" context="Patient" accessLevel="Public">
         <annotation xsi:type="a:Annotation">
            <a:s r="60">
               <a:s>define &quot;Last PSA date&quot;:
  </a:s>
               <a:s r="59">
                  <a:s r="57">
                     <a:s>C3F</a:s>
                  </a:s>
                  <a:s>.</a:s>
                  <a:s r="59">
                     <a:s>FindDate(</a:s>
                     <a:s r="58">
                        <a:s>&quot;Last PSA&quot;</a:s>
                     </a:s>
                     <a:s>)</a:s>
                  </a:s>
               </a:s>
            </a:s>
         </annotation>
         <expression localId="59" locator="57:3-57:26" name="FindDate" libraryName="C3F" xsi:type="FunctionRef">
            <operand localId="58" locator="57:16-57:25" name="Last PSA" xsi:type="ExpressionRef"/>
         </expression>
      </def>
      <def localId="63" locator="59:1-60:28" name="Has PSA test" context="Patient" accessLevel="Public">
         <annotation xsi:type="a:Annotation">
            <a:s r="63">
               <a:s>define &quot;Has PSA test&quot;:
  </a:s>
               <a:s r="62">
                  <a:s>exists</a:s>
                  <a:s r="61">
                     <a:s>(</a:s>
                     <a:s r="61">
                        <a:s>&quot;PSA Observations&quot;</a:s>
                     </a:s>
                     <a:s>)</a:s>
                  </a:s>
               </a:s>
            </a:s>
         </annotation>
         <expression localId="62" locator="60:3-60:28" xsi:type="Exists">
            <operand localId="61" locator="60:9-60:28" name="PSA Observations" xsi:type="ExpressionRef"/>
         </expression>
      </def>
      <def localId="69" locator="65:1-66:61" name="Has PSA within one year" context="Patient" accessLevel="Public">
         <annotation xsi:type="a:Annotation">
            <a:s r="69">
               <a:s>define &quot;Has PSA within one year&quot;:
  </a:s>
               <a:s r="68">
                  <a:s>exists</a:s>
                  <a:s r="67">
                     <a:s>(</a:s>
                     <a:s r="67">
                        <a:s r="64">
                           <a:s>C3F</a:s>
                        </a:s>
                        <a:s>.</a:s>
                        <a:s r="67">
                           <a:s>ObservationLookBack(</a:s>
                           <a:s r="65">
                              <a:s>&quot;PSA Observations&quot;</a:s>
                           </a:s>
                           <a:s>, </a:s>
                           <a:s r="66">
                              <a:s>1 year</a:s>
                           </a:s>
                           <a:s>)</a:s>
                        </a:s>
                     </a:s>
                     <a:s>)</a:s>
                  </a:s>
               </a:s>
            </a:s>
         </annotation>
         <expression localId="68" locator="66:3-66:61" xsi:type="Exists">
            <operand localId="67" locator="66:9-66:61" name="ObservationLookBack" libraryName="C3F" xsi:type="FunctionRef">
               <operand localId="65" locator="66:34-66:51" name="PSA Observations" xsi:type="ExpressionRef"/>
               <operand localId="66" locator="66:54-66:59" value="1" unit="year" xsi:type="Quantity"/>
            </operand>
         </expression>
      </def>
      <def localId="80" locator="71:1-73:43" name="Has high PSA value" context="Patient" accessLevel="Public">
         <annotation xsi:type="a:Annotation">
            <a:s r="80">
               <a:s>define &quot;Has high PSA value&quot;:
  </a:s>
               <a:s r="79">
                  <a:s>exists</a:s>
                  <a:s r="78">
                     <a:s>(</a:s>
                     <a:s r="78">
                        <a:s>
                           <a:s r="71">
                              <a:s r="70">
                                 <a:s>
                                    <a:s>&quot;PSA Observations&quot;</a:s>
                                 </a:s>
                              </a:s>
                              <a:s> C</a:s>
                           </a:s>
                        </a:s>
                        <a:s>
    </a:s>
                        <a:s r="77">
                           <a:s>where </a:s>
                           <a:s r="77">
                              <a:s r="75">
                                 <a:s r="74">
                                    <a:s r="72">
                                       <a:s>C3F</a:s>
                                    </a:s>
                                    <a:s>.</a:s>
                                    <a:s r="74">
                                       <a:s>QuantityValue(</a:s>
                                       <a:s r="73">
                                          <a:s>C</a:s>
                                       </a:s>
                                       <a:s>)</a:s>
                                    </a:s>
                                 </a:s>
                                 <a:s>.</a:s>
                                 <a:s r="75">
                                    <a:s>value</a:s>
                                 </a:s>
                              </a:s>
                              <a:s r="76"> > 4.0</a:s>
                           </a:s>
                        </a:s>
                     </a:s>
                     <a:s>)</a:s>
                  </a:s>
               </a:s>
            </a:s>
         </annotation>
         <expression localId="79" locator="72:3-73:43" xsi:type="Exists">
            <operand localId="78" locator="72:9-73:43" xsi:type="Query">
               <source localId="71" locator="72:10-72:29" alias="C">
                  <expression localId="70" locator="72:10-72:27" name="PSA Observations" xsi:type="ExpressionRef"/>
               </source>
               <where localId="77" locator="73:5-73:42" xsi:type="Greater">
                  <operand localId="75" locator="73:11-73:36" path="value" xsi:type="Property">
                     <source localId="74" locator="73:11-73:30" name="QuantityValue" libraryName="C3F" xsi:type="FunctionRef">
                        <operand localId="73" locator="73:29" name="C" xsi:type="AliasRef"/>
                     </source>
                  </operand>
                  <operand localId="76" locator="73:40-73:42" valueType="t:Decimal" value="4.0" xsi:type="Literal"/>
               </where>
            </operand>
         </expression>
      </def>
      <def localId="84" locator="75:1-76:24" name="Last PSA value is high" context="Patient" accessLevel="Public">
         <annotation xsi:type="a:Annotation">
            <a:s r="84">
               <a:s>define &quot;Last PSA value is high&quot;:
  </a:s>
               <a:s r="83">
                  <a:s r="81">
                     <a:s>&quot;Last PSA value&quot;</a:s>
                  </a:s>
                  <a:s r="82"> > 4.0</a:s>
               </a:s>
            </a:s>
         </annotation>
         <expression localId="83" locator="76:3-76:24" xsi:type="Greater">
            <operand localId="81" locator="76:3-76:18" name="Last PSA value" xsi:type="ExpressionRef"/>
            <operand localId="82" locator="76:22-76:24" valueType="t:Decimal" value="4.0" xsi:type="Literal"/>
         </expression>
      </def>
   </statements>
</library>
