{
   "library" : {
      "annotation" : [ {
         "translatorOptions" : "EnableLocators,DisableListDemotion,DisableListPromotion",
         "type" : "CqlToElmInfo"
      } ],
      "identifier" : {
         "id" : "PreventiveCareData",
         "system" : "http://fhir.org/guides/preventive-care",
         "version" : "1.0.0"
      },
      "schemaIdentifier" : {
         "id" : "urn:hl7-org:elm",
         "version" : "r1"
      },
      "usings" : {
         "def" : [ {
            "localIdentifier" : "System",
            "uri" : "urn:hl7-org:elm-types:r1"
         }, {
            "locator" : "9:1-9:26",
            "localIdentifier" : "FHIR",
            "uri" : "http://hl7.org/fhir",
            "version" : "4.0.1"
         } ]
      },
      "includes" : {
         "def" : [ {
            "locator" : "14:1-14:54",
            "localIdentifier" : "FHIRHelpers",
            "path" : "http://fhir.org/guides/preventive-care/FHIRHelpers",
            "version" : "4.0.1"
         }, {
            "locator" : "16:1-16:52",
            "localIdentifier" : "C3F",
            "path" : "http://fhir.org/guides/preventive-care/CDSConnectCommons",
            "version" : "1.0.0"
         }, {
            "locator" : "18:1-18:57",
            "localIdentifier" : "PCC",
            "path" : "http://fhir.org/guides/preventive-care/PreventiveCareConcepts",
            "version" : "1.0.0"
         } ]
      },
      "contexts" : {
         "def" : [ {
            "locator" : "22:1-22:15",
            "name" : "Patient"
         } ]
      },
      "statements" : {
         "def" : [ {
            "locator" : "22:1-22:15",
            "name" : "Patient",
            "context" : "Patient",
            "expression" : {
               "type" : "SingletonFrom",
               "operand" : {
                  "locator" : "22:1-22:15",
                  "dataType" : "{http://hl7.org/fhir}Patient",
                  "templateId" : "http://hl7.org/fhir/StructureDefinition/Patient",
                  "type" : "Retrieve"
               }
            }
         }, {
            "locator" : "26:1-34:28",
            "name" : "Patient Race",
            "context" : "Patient",
            "accessLevel" : "Public",
            "expression" : {
               "locator" : "27:3-34:28",
               "type" : "Query",
               "source" : [ {
                  "locator" : "27:3-31:6",
                  "alias" : "E",
                  "expression" : {
                     "locator" : "27:3-31:4",
                     "type" : "Flatten",
                     "operand" : {
                        "locator" : "27:12-31:3",
                        "type" : "Query",
                        "source" : [ {
                           "locator" : "28:5-28:31",
                           "alias" : "Extension",
                           "expression" : {
                              "locator" : "28:5-28:21",
                              "path" : "extension",
                              "type" : "Property",
                              "source" : {
                                 "name" : "Patient",
                                 "type" : "ExpressionRef"
                              }
                           }
                        } ],
                        "relationship" : [ ],
                        "where" : {
                           "locator" : "29:7-29:90",
                           "type" : "Equal",
                           "operand" : [ {
                              "name" : "ToString",
                              "libraryName" : "FHIRHelpers",
                              "type" : "FunctionRef",
                              "operand" : [ {
                                 "locator" : "29:13-29:25",
                                 "path" : "url",
                                 "scope" : "Extension",
                                 "type" : "Property"
                              } ]
                           }, {
                              "locator" : "29:29-29:90",
                              "valueType" : "{urn:hl7-org:elm-types:r1}String",
                              "value" : "http://hl7.org/fhir/us/core/StructureDefinition/us-core-race",
                              "type" : "Literal"
                           } ]
                        },
                        "return" : {
                           "locator" : "30:9-30:34",
                           "expression" : {
                              "locator" : "30:16-30:34",
                              "path" : "extension",
                              "scope" : "Extension",
                              "type" : "Property"
                           }
                        }
                     }
                  }
               } ],
               "relationship" : [ ],
               "where" : {
                  "locator" : "32:5-33:27",
                  "type" : "Or",
                  "operand" : [ {
                     "locator" : "32:11-32:31",
                     "type" : "Equal",
                     "operand" : [ {
                        "name" : "ToString",
                        "libraryName" : "FHIRHelpers",
                        "type" : "FunctionRef",
                        "operand" : [ {
                           "locator" : "32:11-32:15",
                           "path" : "url",
                           "scope" : "E",
                           "type" : "Property"
                        } ]
                     }, {
                        "locator" : "32:19-32:31",
                        "valueType" : "{urn:hl7-org:elm-types:r1}String",
                        "value" : "ombCategory",
                        "type" : "Literal"
                     } ]
                  }, {
                     "locator" : "33:10-33:27",
                     "type" : "Equal",
                     "operand" : [ {
                        "name" : "ToString",
                        "libraryName" : "FHIRHelpers",
                        "type" : "FunctionRef",
                        "operand" : [ {
                           "locator" : "33:10-33:14",
                           "path" : "url",
                           "scope" : "E",
                           "type" : "Property"
                        } ]
                     }, {
                        "locator" : "33:18-33:27",
                        "valueType" : "{urn:hl7-org:elm-types:r1}String",
                        "value" : "detailed",
                        "type" : "Literal"
                     } ]
                  } ]
               },
               "return" : {
                  "locator" : "34:5-34:28",
                  "expression" : {
                     "locator" : "34:12-34:28",
                     "strict" : false,
                     "type" : "As",
                     "operand" : {
                        "locator" : "34:12-34:18",
                        "path" : "value",
                        "scope" : "E",
                        "type" : "Property"
                     },
                     "asTypeSpecifier" : {
                        "locator" : "34:23-34:28",
                        "name" : "{http://hl7.org/fhir}Coding",
                        "type" : "NamedTypeSpecifier"
                     }
                  }
               }
            }
         }, {
            "locator" : "38:1-39:25",
            "name" : "Patient is male",
            "context" : "Patient",
            "accessLevel" : "Public",
            "expression" : {
               "locator" : "39:3-39:25",
               "type" : "Equal",
               "operand" : [ {
                  "name" : "ToString",
                  "libraryName" : "FHIRHelpers",
                  "type" : "FunctionRef",
                  "operand" : [ {
                     "locator" : "39:3-39:16",
                     "path" : "gender",
                     "type" : "Property",
                     "source" : {
                        "locator" : "39:3-39:9",
                        "name" : "Patient",
                        "type" : "ExpressionRef"
                     }
                  } ]
               }, {
                  "locator" : "39:20-39:25",
                  "valueType" : "{urn:hl7-org:elm-types:r1}String",
                  "value" : "male",
                  "type" : "Literal"
               } ]
            }
         }, {
            "locator" : "41:1-42:27",
            "name" : "Patient is female",
            "context" : "Patient",
            "accessLevel" : "Public",
            "expression" : {
               "locator" : "42:3-42:27",
               "type" : "Equal",
               "operand" : [ {
                  "name" : "ToString",
                  "libraryName" : "FHIRHelpers",
                  "type" : "FunctionRef",
                  "operand" : [ {
                     "locator" : "42:3-42:16",
                     "path" : "gender",
                     "type" : "Property",
                     "source" : {
                        "locator" : "42:3-42:9",
                        "name" : "Patient",
                        "type" : "ExpressionRef"
                     }
                  } ]
               }, {
                  "locator" : "42:20-42:27",
                  "valueType" : "{urn:hl7-org:elm-types:r1}String",
                  "value" : "female",
                  "type" : "Literal"
               } ]
            }
         }, {
            "locator" : "44:1-45:57",
            "name" : "Race is African American",
            "context" : "Patient",
            "accessLevel" : "Public",
            "expression" : {
               "locator" : "45:3-45:57",
               "type" : "Contains",
               "operand" : [ {
                  "type" : "Query",
                  "source" : [ {
                     "alias" : "X",
                     "expression" : {
                        "locator" : "45:3-45:16",
                        "name" : "Patient Race",
                        "type" : "ExpressionRef"
                     }
                  } ],
                  "return" : {
                     "distinct" : false,
                     "expression" : {
                        "name" : "ToCode",
                        "libraryName" : "FHIRHelpers",
                        "type" : "FunctionRef",
                        "operand" : [ {
                           "name" : "X",
                           "type" : "AliasRef"
                        } ]
                     }
                  }
               }, {
                  "locator" : "45:27-45:57",
                  "name" : "Black or African American",
                  "libraryName" : "PCC",
                  "type" : "CodeRef"
               } ]
            }
         }, {
            "locator" : "47:1-48:20",
            "name" : "Patient is 40 or older",
            "context" : "Patient",
            "accessLevel" : "Public",
            "expression" : {
               "locator" : "48:3-48:20",
               "type" : "GreaterOrEqual",
               "operand" : [ {
                  "locator" : "48:3-48:14",
                  "precision" : "Year",
                  "type" : "CalculateAge",
                  "operand" : {
                     "path" : "birthDate.value",
                     "type" : "Property",
                     "source" : {
                        "name" : "Patient",
                        "type" : "ExpressionRef"
                     }
                  }
               }, {
                  "locator" : "48:19-48:20",
                  "valueType" : "{urn:hl7-org:elm-types:r1}Integer",
                  "value" : "40",
                  "type" : "Literal"
               } ]
            }
         }, {
            "locator" : "51:1-52:36",
            "name" : "Patient PCP",
            "context" : "Patient",
            "accessLevel" : "Public",
            "expression" : {
               "locator" : "52:3-52:36",
               "type" : "First",
               "source" : {
                  "locator" : "52:9-52:35",
                  "path" : "generalPractitioner",
                  "type" : "Property",
                  "source" : {
                     "locator" : "52:9-52:15",
                     "name" : "Patient",
                     "type" : "ExpressionRef"
                  }
               }
            }
         }, {
            "locator" : "56:1-57:56",
            "name" : "Patient PCP name",
            "context" : "Patient",
            "accessLevel" : "Public",
            "expression" : {
               "locator" : "57:3-57:56",
               "type" : "Coalesce",
               "operand" : [ {
                  "locator" : "57:12-57:55",
                  "type" : "List",
                  "element" : [ {
                     "locator" : "57:13-57:39",
                     "path" : "value",
                     "type" : "Property",
                     "source" : {
                        "locator" : "57:13-57:33",
                        "path" : "display",
                        "type" : "Property",
                        "source" : {
                           "locator" : "57:13-57:25",
                           "name" : "Patient PCP",
                           "type" : "ExpressionRef"
                        }
                     }
                  }, {
                     "locator" : "57:42-57:54",
                     "valueType" : "{urn:hl7-org:elm-types:r1}String",
                     "value" : "Your Doctor",
                     "type" : "Literal"
                  } ]
               } ]
            }
         }, {
            "locator" : "61:1-62:51",
            "name" : "All active conditions",
            "context" : "Patient",
            "accessLevel" : "Public",
            "expression" : {
               "locator" : "62:3-62:51",
               "name" : "Confirmed",
               "libraryName" : "C3F",
               "type" : "FunctionRef",
               "operand" : [ {
                  "locator" : "62:17-62:50",
                  "name" : "ActiveOrRecurring",
                  "libraryName" : "C3F",
                  "type" : "FunctionRef",
                  "operand" : [ {
                     "locator" : "62:39-62:49",
                     "dataType" : "{http://hl7.org/fhir}Condition",
                     "templateId" : "http://hl7.org/fhir/StructureDefinition/Condition",
                     "type" : "Retrieve"
                  } ]
               } ]
            }
         } ]
      }
   }
}