{
  "resourceType": "PlanDefinition",
  "id": "PreventiveCareScreening",
  "meta": {
    "profile": [
      "http://hl7.org/fhir/uv/cpg/StructureDefinition/cpg-recommendationdefinition"
    ]
  },
  "text": {
    "status": "extensions",
    "div": "<div xmlns=\"http://www.w3.org/1999/xhtml\"><p><b>Generated Narrative</b></p><p><b>knowledgeCapability</b>: shareable</p><p><b>knowledgeCapability</b>: computable</p><p><b>knowledgeCapability</b>: publishable</p><p><b>url</b>: <code>http://fhir.org/guides/preventive-care/PlanDefinition/PreventiveCareScreening</code></p><p><b>identifier</b>: id: PlanDefinition_PreventiveCareScreening (OFFICIAL)</p><p><b>version</b>: 1.0.0</p><p><b>name</b>: ProstateCancerScreening</p><p><b>title</b>: PlanDefinition - Recommendations on Prostate Cancer Screening</p><p><b>type</b>: <span title=\"Codes: {http://terminology.hl7.org/CodeSystem/plan-definition-type eca-rule}\">ECA Rule</span></p><p><b>status</b>: draft</p><p><b>experimental</b>: true</p><p><b>date</b>: 2021-03-05</p><p><b>publisher</b>: U.S. Preventive Services Task Force (USPSTF)</p><p><b>contact</b>: <a href=\"https://www.uspreventiveservicestaskforce.org/uspstf/\">https://www.uspreventiveservicestaskforce.org/uspstf/</a></p><p><b>description</b>: Recommends decision-making on preventive care screening for Prostate Cancer.</p><p><b>jurisdiction</b>: <span title=\"Codes: {http://unstats.un.org/unsd/methods/m49/m49.htm 001}\">World</span></p><p><b>copyright</b>: &copy; U.S. Preventive Services Task Force (USPSTF) 2020+.</p><p><b>library</b>: <a href=\"http://fhir.org/guides/preventive-care/Library/PreventiveCareHooks\">http://fhir.org/guides/preventive-care/Library/PreventiveCareHooks</a></p><blockquote><p><b>action</b></p><p><b>title</b>: Recommendations on Prostate Cancer Screening</p><p><b>description</b>: Recommends decision-making on preventive care screening for Prostate Cancer.</p><h3>Documentations</h3><table class=\"grid\"><tr><td>-</td></tr><tr><td>*</td></tr></table><h3>Triggers</h3><table class=\"grid\"><tr><td>-</td></tr><tr><td>*</td></tr></table><blockquote><p><b>condition</b></p><p><b>kind</b>: applicability</p><h3>Expressions</h3><table class=\"grid\"><tr><td>-</td></tr><tr><td>*</td></tr></table></blockquote><blockquote><p><b>dynamicValue</b></p><p><b>path</b>: action.title</p><h3>Expressions</h3><table class=\"grid\"><tr><td>-</td></tr><tr><td>*</td></tr></table></blockquote><blockquote><p><b>dynamicValue</b></p><p><b>path</b>: action.description</p><h3>Expressions</h3><table class=\"grid\"><tr><td>-</td></tr><tr><td>*</td></tr></table></blockquote><blockquote><p><b>dynamicValue</b></p><p><b>path</b>: action.extension</p><h3>Expressions</h3><table class=\"grid\"><tr><td>-</td></tr><tr><td>*</td></tr></table></blockquote></blockquote></div>"
  },
  "extension": [
    {
      "url": "http://hl7.org/fhir/uv/cpg/StructureDefinition/cpg-knowledgeCapability",
      "valueCode": "shareable"
    },
    {
      "url": "http://hl7.org/fhir/uv/cpg/StructureDefinition/cpg-knowledgeCapability",
      "valueCode": "computable"
    },
    {
      "url": "http://hl7.org/fhir/uv/cpg/StructureDefinition/cpg-knowledgeCapability",
      "valueCode": "publishable"
    }
  ],
  "url": "http://fhir.org/guides/preventive-care/PlanDefinition/PreventiveCareScreening",
  "identifier": [
    {
      "use": "official",
      "value": "PlanDefinition_PreventiveCareScreening"
    }
  ],
  "version": "1.0.0",
  "name": "ProstateCancerScreening",
  "title": "PlanDefinition - Recommendations on Prostate Cancer Screening",
  "type": {
    "coding": [
      {
        "system": "http://terminology.hl7.org/CodeSystem/plan-definition-type",
        "code": "eca-rule",
        "display": "ECA Rule"
      }
    ]
  },
  "status": "draft",
  "experimental": true,
  "date": "2021-03-05",
  "publisher": "U.S. Preventive Services Task Force (USPSTF)",
  "contact": [
    {
      "telecom": [
        {
          "system": "url",
          "value": "https://www.uspreventiveservicestaskforce.org/uspstf/"
        }
      ]
    }
  ],
  "description": "Recommends decision-making on preventive care screening for Prostate Cancer.",
  "jurisdiction": [
    {
      "coding": [
        {
          "system": "http://unstats.un.org/unsd/methods/m49/m49.htm",
          "code": "001"
        }
      ]
    }
  ],
  "copyright": "© U.S. Preventive Services Task Force (USPSTF) 2020+.",
  "library": [
    "http://fhir.org/guides/preventive-care/Library/PreventiveCareHooks"
  ],
  "action": [
    {
      "title": "Recommendations on Prostate Cancer Screening",
      "description": "Recommends decision-making on preventive care screening for Prostate Cancer.",
      "documentation": [
        {
          "type": "documentation",
          "display": "USPSTF recommendation for prostate cancer testing",
          "url": "http://www.uspreventiveservicestaskforce.org/Page/Topic/recommendation-summary/prostate-cancer-screening?ds=1&s=prostate%20cancer"
        }
      ],
      "trigger": [
        {
          "type": "named-event",
          "name": "patient-view"
        }
      ],
      "condition": [
        {
          "kind": "applicability",
          "expression": {
            "language": "text/cql",
            "expression": "Needs Prostate Cancer Screening"
          }
        }
      ],
      "dynamicValue": [
        {
          "path": "action.title",
          "expression": {
            "language": "text/cql",
            "expression": "Needs Prostate Cancer Screening Summary"
          }
        },
        {
          "path": "action.description",
          "expression": {
            "language": "text/cql",
            "expression": "Needs Prostate Cancer Screening Detail"
          }
        },
        {
          "path": "action.extension",
          "expression": {
            "language": "text/cql",
            "expression": "Needs Prostate Cancer Screening Indicator"
          }
        }
      ]
    }
  ]
}