{
  "resourceType": "Questionnaire",
  "id": "mpc-lung-cancer",
  "meta": {
    "versionId": "0.1.0",
    "profile": [
      "http://hl7.org/fhir/uv/sdc/StructureDefinition/sdc-questionnaire|2.7",
      "http://hl7.org/fhir/uv/cpg/StructureDefinition/cpg-shareablequestionnaire"
    ]
  },
  "text": {
    "status": "generated",
    "div": "<div xmlns=\"http://www.w3.org/1999/xhtml\"><b>Structure</b><table border=\"1\" cellpadding=\"0\" cellspacing=\"0\" style=\"border: 1px #F0F0F0 solid; font-size: 11px; font-family: verdana; vertical-align: top;\"><tr style=\"border: 2px #F0F0F0 solid; font-size: 11px; font-family: verdana; vertical-align: top\"><th style=\"vertical-align: top; text-align : left; background-color: white; border: 1px #F0F0F0 solid; padding:0px 4px 0px 4px\" class=\"hierarchy\"><a href=\"http://hl7.org/fhir/R4/formats.html#table\" title=\"The linkId for the item\">LinkId</a></th><th style=\"vertical-align: top; text-align : left; background-color: white; border: 1px #F0F0F0 solid; padding:0px 4px 0px 4px\" class=\"hierarchy\"><a href=\"http://hl7.org/fhir/R4/formats.html#table\" title=\"Text for the item\">Text</a></th><th style=\"vertical-align: top; text-align : left; background-color: white; border: 1px #F0F0F0 solid; padding:0px 4px 0px 4px\" class=\"hierarchy\"><a href=\"http://hl7.org/fhir/R4/formats.html#table\" title=\"Minimum and Maximum # of times the the itemcan appear in the instance\">Cardinality</a></th><th style=\"vertical-align: top; text-align : left; background-color: white; border: 1px #F0F0F0 solid; padding:0px 4px 0px 4px\" class=\"hierarchy\"><a href=\"http://hl7.org/fhir/R4/formats.html#table\" title=\"The type of the item\">Type</a></th><th style=\"vertical-align: top; text-align : left; background-color: white; border: 1px #F0F0F0 solid; padding:0px 4px 0px 4px\" class=\"hierarchy\"><a href=\"http://hl7.org/fhir/R4/formats.html#table\" title=\"Additional information about the item\">Description &amp; Constraints</a><span style=\"float: right\"><a href=\"http://hl7.org/fhir/R4/formats.html#table\" title=\"Legend for this format\"><img src=\"http://hl7.org/fhir/R4/help16.png\" alt=\"doco\" style=\"background-color: inherit\"/></a></span></th></tr><tr style=\"border: 1px #F0F0F0 solid; padding:0px; vertical-align: top; background-color: white\"><td style=\"vertical-align: top; text-align : left; background-color: white; border: 1px #F0F0F0 solid; padding:0px 4px 0px 4px; white-space: nowrap; background-image: url(tbl_bck1.png)\" class=\"hierarchy\"><img src=\"tbl_spacer.png\" alt=\".\" style=\"background-color: inherit\" class=\"hierarchy\"/><img src=\"icon_q_root.gif\" alt=\".\" style=\"background-color: white; background-color: inherit\" title=\"QuestionnaireRoot\" class=\"hierarchy\"/> </td><td style=\"vertical-align: top; text-align : left; background-color: white; border: 1px #F0F0F0 solid; padding:0px 4px 0px 4px\" class=\"hierarchy\"></td><td style=\"vertical-align: top; text-align : left; background-color: white; border: 1px #F0F0F0 solid; padding:0px 4px 0px 4px\" class=\"hierarchy\"></td><td style=\"vertical-align: top; text-align : left; background-color: white; border: 1px #F0F0F0 solid; padding:0px 4px 0px 4px\" class=\"hierarchy\">Questionnaire</td><td style=\"vertical-align: top; text-align : left; background-color: white; border: 1px #F0F0F0 solid; padding:0px 4px 0px 4px\" class=\"hierarchy\"/></tr>\r\n<tr style=\"border: 1px #F0F0F0 solid; padding:0px; vertical-align: top; background-color: #F7F7F7\"><td style=\"vertical-align: top; text-align : left; background-color: #F7F7F7; border: 1px #F0F0F0 solid; padding:0px 4px 0px 4px; white-space: nowrap; background-image: url(tbl_bck10.png)\" class=\"hierarchy\"><img src=\"tbl_spacer.png\" alt=\".\" style=\"background-color: inherit\" class=\"hierarchy\"/><img src=\"tbl_vjoin.png\" alt=\".\" style=\"background-color: inherit\" class=\"hierarchy\"/><img src=\"icon-q-display.png\" alt=\".\" style=\"background-color: #F7F7F7; background-color: inherit\" title=\"Display\" class=\"hierarchy\"/> learn-more-uspstf</td><td style=\"vertical-align: top; text-align : left; background-color: #F7F7F7; border: 1px #F0F0F0 solid; padding:0px 4px 0px 4px\" class=\"hierarchy\">Learn More. The website linked below provides some information from the U.S. Preventive Services Task Force (USPSTF) about the benefits and harms of lung cancer screening. This information can help you prepare to ask questions that are important to you when you visit your doctor.&lt;br/&gt; &lt;br/&gt; &lt;a id=&quot;website&quot; value=&quot;https://effectivehealthcare.ahrq.gov/decision-aids/lung-cancer-screening/patient.html&quot;&gt;&lt;/a&gt; </td><td style=\"vertical-align: top; text-align : left; background-color: #F7F7F7; border: 1px #F0F0F0 solid; padding:0px 4px 0px 4px\" class=\"hierarchy\">0..1</td><td style=\"vertical-align: top; text-align : left; background-color: #F7F7F7; border: 1px #F0F0F0 solid; padding:0px 4px 0px 4px\" class=\"hierarchy\"><a href=\"http://hl7.org/fhir/R4/codesystem-item-type.html#item-type-display\">display</a></td><td style=\"vertical-align: top; text-align : left; background-color: #F7F7F7; border: 1px #F0F0F0 solid; padding:0px 4px 0px 4px\" class=\"hierarchy\"/></tr>\r\n<tr style=\"border: 1px #F0F0F0 solid; padding:0px; vertical-align: top; background-color: white\"><td style=\"vertical-align: top; text-align : left; background-color: white; border: 1px #F0F0F0 solid; padding:0px 4px 0px 4px; white-space: nowrap; background-image: url(tbl_bck10.png)\" class=\"hierarchy\"><img src=\"tbl_spacer.png\" alt=\".\" style=\"background-color: inherit\" class=\"hierarchy\"/><img src=\"tbl_vjoin.png\" alt=\".\" style=\"background-color: inherit\" class=\"hierarchy\"/><img src=\"icon-q-coding.png\" alt=\".\" style=\"background-color: white; background-color: inherit\" title=\"Coding\" class=\"hierarchy\"/> 1</td><td style=\"vertical-align: top; text-align : left; background-color: white; border: 1px #F0F0F0 solid; padding:0px 4px 0px 4px\" class=\"hierarchy\">Next Steps. What do you want to do next?</td><td style=\"vertical-align: top; text-align : left; background-color: white; border: 1px #F0F0F0 solid; padding:0px 4px 0px 4px\" class=\"hierarchy\">1..1</td><td style=\"vertical-align: top; text-align : left; background-color: white; border: 1px #F0F0F0 solid; padding:0px 4px 0px 4px\" class=\"hierarchy\"><a href=\"http://hl7.org/fhir/R4/codesystem-item-type.html#item-type-choice\">choice</a></td><td style=\"vertical-align: top; text-align : left; background-color: white; border: 1px #F0F0F0 solid; padding:0px 4px 0px 4px\" class=\"hierarchy\">Options: <a href=\"#opt-item.1\">3 options</a></td></tr>\r\n<tr style=\"border: 1px #F0F0F0 solid; padding:0px; vertical-align: top; background-color: #F7F7F7\"><td style=\"vertical-align: top; text-align : left; background-color: #F7F7F7; border: 1px #F0F0F0 solid; padding:0px 4px 0px 4px; white-space: nowrap; background-image: url(tbl_bck11.png)\" class=\"hierarchy\"><img src=\"tbl_spacer.png\" alt=\".\" style=\"background-color: inherit\" class=\"hierarchy\"/><img src=\"tbl_vjoin.png\" alt=\".\" style=\"background-color: inherit\" class=\"hierarchy\"/><img src=\"icon-q-group.png\" alt=\".\" style=\"background-color: #F7F7F7; background-color: inherit\" title=\"Group\" class=\"hierarchy\"/> 2</td><td style=\"vertical-align: top; text-align : left; background-color: #F7F7F7; border: 1px #F0F0F0 solid; padding:0px 4px 0px 4px\" class=\"hierarchy\">Next Steps. How do you feel about your decision?</td><td style=\"vertical-align: top; text-align : left; background-color: #F7F7F7; border: 1px #F0F0F0 solid; padding:0px 4px 0px 4px\" class=\"hierarchy\">0..1</td><td style=\"vertical-align: top; text-align : left; background-color: #F7F7F7; border: 1px #F0F0F0 solid; padding:0px 4px 0px 4px\" class=\"hierarchy\"><a href=\"http://hl7.org/fhir/R4/codesystem-item-type.html#item-type-group\">group</a></td><td style=\"vertical-align: top; text-align : left; background-color: #F7F7F7; border: 1px #F0F0F0 solid; padding:0px 4px 0px 4px\" class=\"hierarchy\"/></tr>\r\n<tr style=\"border: 1px #F0F0F0 solid; padding:0px; vertical-align: top; background-color: white\"><td style=\"vertical-align: top; text-align : left; background-color: white; border: 1px #F0F0F0 solid; padding:0px 4px 0px 4px; white-space: nowrap; background-image: url(tbl_bck110.png)\" class=\"hierarchy\"><img src=\"tbl_spacer.png\" alt=\".\" style=\"background-color: inherit\" class=\"hierarchy\"/><img src=\"tbl_vline.png\" alt=\".\" style=\"background-color: inherit\" class=\"hierarchy\"/><img src=\"tbl_vjoin.png\" alt=\".\" style=\"background-color: inherit\" class=\"hierarchy\"/><img src=\"icon-q-coding.png\" alt=\".\" style=\"background-color: white; background-color: inherit\" title=\"Coding\" class=\"hierarchy\"/> 2.1</td><td style=\"vertical-align: top; text-align : left; background-color: white; border: 1px #F0F0F0 solid; padding:0px 4px 0px 4px\" class=\"hierarchy\">I know the benefits of getting a low dose CT scan.</td><td style=\"vertical-align: top; text-align : left; background-color: white; border: 1px #F0F0F0 solid; padding:0px 4px 0px 4px\" class=\"hierarchy\">0..1</td><td style=\"vertical-align: top; text-align : left; background-color: white; border: 1px #F0F0F0 solid; padding:0px 4px 0px 4px\" class=\"hierarchy\"><a href=\"http://hl7.org/fhir/R4/codesystem-item-type.html#item-type-choice\">choice</a></td><td style=\"vertical-align: top; text-align : left; background-color: white; border: 1px #F0F0F0 solid; padding:0px 4px 0px 4px\" class=\"hierarchy\">Options: <a href=\"#opt-item.2.1\">5 options</a></td></tr>\r\n<tr style=\"border: 1px #F0F0F0 solid; padding:0px; vertical-align: top; background-color: #F7F7F7\"><td style=\"vertical-align: top; text-align : left; background-color: #F7F7F7; border: 1px #F0F0F0 solid; padding:0px 4px 0px 4px; white-space: nowrap; background-image: url(tbl_bck110.png)\" class=\"hierarchy\"><img src=\"tbl_spacer.png\" alt=\".\" style=\"background-color: inherit\" class=\"hierarchy\"/><img src=\"tbl_vline.png\" alt=\".\" style=\"background-color: inherit\" class=\"hierarchy\"/><img src=\"tbl_vjoin.png\" alt=\".\" style=\"background-color: inherit\" class=\"hierarchy\"/><img src=\"icon-q-coding.png\" alt=\".\" style=\"background-color: #F7F7F7; background-color: inherit\" title=\"Coding\" class=\"hierarchy\"/> 2.2</td><td style=\"vertical-align: top; text-align : left; background-color: #F7F7F7; border: 1px #F0F0F0 solid; padding:0px 4px 0px 4px\" class=\"hierarchy\">I know the risks of getting a low dose CT scan.</td><td style=\"vertical-align: top; text-align : left; background-color: #F7F7F7; border: 1px #F0F0F0 solid; padding:0px 4px 0px 4px\" class=\"hierarchy\">0..1</td><td style=\"vertical-align: top; text-align : left; background-color: #F7F7F7; border: 1px #F0F0F0 solid; padding:0px 4px 0px 4px\" class=\"hierarchy\"><a href=\"http://hl7.org/fhir/R4/codesystem-item-type.html#item-type-choice\">choice</a></td><td style=\"vertical-align: top; text-align : left; background-color: #F7F7F7; border: 1px #F0F0F0 solid; padding:0px 4px 0px 4px\" class=\"hierarchy\">Options: <a href=\"#opt-item.2.2\">5 options</a></td></tr>\r\n<tr style=\"border: 1px #F0F0F0 solid; padding:0px; vertical-align: top; background-color: white\"><td style=\"vertical-align: top; text-align : left; background-color: white; border: 1px #F0F0F0 solid; padding:0px 4px 0px 4px; white-space: nowrap; background-image: url(tbl_bck110.png)\" class=\"hierarchy\"><img src=\"tbl_spacer.png\" alt=\".\" style=\"background-color: inherit\" class=\"hierarchy\"/><img src=\"tbl_vline.png\" alt=\".\" style=\"background-color: inherit\" class=\"hierarchy\"/><img src=\"tbl_vjoin.png\" alt=\".\" style=\"background-color: inherit\" class=\"hierarchy\"/><img src=\"icon-q-coding.png\" alt=\".\" style=\"background-color: white; background-color: inherit\" title=\"Coding\" class=\"hierarchy\"/> 2.3</td><td style=\"vertical-align: top; text-align : left; background-color: white; border: 1px #F0F0F0 solid; padding:0px 4px 0px 4px\" class=\"hierarchy\">I am clear about which benefits and risks matter most to me.</td><td style=\"vertical-align: top; text-align : left; background-color: white; border: 1px #F0F0F0 solid; padding:0px 4px 0px 4px\" class=\"hierarchy\">0..1</td><td style=\"vertical-align: top; text-align : left; background-color: white; border: 1px #F0F0F0 solid; padding:0px 4px 0px 4px\" class=\"hierarchy\"><a href=\"http://hl7.org/fhir/R4/codesystem-item-type.html#item-type-choice\">choice</a></td><td style=\"vertical-align: top; text-align : left; background-color: white; border: 1px #F0F0F0 solid; padding:0px 4px 0px 4px\" class=\"hierarchy\">Options: <a href=\"#opt-item.2.3\">5 options</a></td></tr>\r\n<tr style=\"border: 1px #F0F0F0 solid; padding:0px; vertical-align: top; background-color: #F7F7F7\"><td style=\"vertical-align: top; text-align : left; background-color: #F7F7F7; border: 1px #F0F0F0 solid; padding:0px 4px 0px 4px; white-space: nowrap; background-image: url(tbl_bck110.png)\" class=\"hierarchy\"><img src=\"tbl_spacer.png\" alt=\".\" style=\"background-color: inherit\" class=\"hierarchy\"/><img src=\"tbl_vline.png\" alt=\".\" style=\"background-color: inherit\" class=\"hierarchy\"/><img src=\"tbl_vjoin.png\" alt=\".\" style=\"background-color: inherit\" class=\"hierarchy\"/><img src=\"icon-q-coding.png\" alt=\".\" style=\"background-color: #F7F7F7; background-color: inherit\" title=\"Coding\" class=\"hierarchy\"/> 2.4</td><td style=\"vertical-align: top; text-align : left; background-color: #F7F7F7; border: 1px #F0F0F0 solid; padding:0px 4px 0px 4px\" class=\"hierarchy\">I have enough support and advice to make a decision about getting a low dose CT scan.</td><td style=\"vertical-align: top; text-align : left; background-color: #F7F7F7; border: 1px #F0F0F0 solid; padding:0px 4px 0px 4px\" class=\"hierarchy\">0..1</td><td style=\"vertical-align: top; text-align : left; background-color: #F7F7F7; border: 1px #F0F0F0 solid; padding:0px 4px 0px 4px\" class=\"hierarchy\"><a href=\"http://hl7.org/fhir/R4/codesystem-item-type.html#item-type-choice\">choice</a></td><td style=\"vertical-align: top; text-align : left; background-color: #F7F7F7; border: 1px #F0F0F0 solid; padding:0px 4px 0px 4px\" class=\"hierarchy\">Options: <a href=\"#opt-item.2.4\">5 options</a></td></tr>\r\n<tr style=\"border: 1px #F0F0F0 solid; padding:0px; vertical-align: top; background-color: white\"><td style=\"vertical-align: top; text-align : left; background-color: white; border: 1px #F0F0F0 solid; padding:0px 4px 0px 4px; white-space: nowrap; background-image: url(tbl_bck100.png)\" class=\"hierarchy\"><img src=\"tbl_spacer.png\" alt=\".\" style=\"background-color: inherit\" class=\"hierarchy\"/><img src=\"tbl_vline.png\" alt=\".\" style=\"background-color: inherit\" class=\"hierarchy\"/><img src=\"tbl_vjoin_end.png\" alt=\".\" style=\"background-color: inherit\" class=\"hierarchy\"/><img src=\"icon-q-coding.png\" alt=\".\" style=\"background-color: white; background-color: inherit\" title=\"Coding\" class=\"hierarchy\"/> 2.5</td><td style=\"vertical-align: top; text-align : left; background-color: white; border: 1px #F0F0F0 solid; padding:0px 4px 0px 4px\" class=\"hierarchy\">I feel sure about the best choice for me.</td><td style=\"vertical-align: top; text-align : left; background-color: white; border: 1px #F0F0F0 solid; padding:0px 4px 0px 4px\" class=\"hierarchy\">0..1</td><td style=\"vertical-align: top; text-align : left; background-color: white; border: 1px #F0F0F0 solid; padding:0px 4px 0px 4px\" class=\"hierarchy\"><a href=\"http://hl7.org/fhir/R4/codesystem-item-type.html#item-type-choice\">choice</a></td><td style=\"vertical-align: top; text-align : left; background-color: white; border: 1px #F0F0F0 solid; padding:0px 4px 0px 4px\" class=\"hierarchy\">Options: <a href=\"#opt-item.2.5\">5 options</a></td></tr>\r\n<tr style=\"border: 1px #F0F0F0 solid; padding:0px; vertical-align: top; background-color: #F7F7F7\"><td style=\"vertical-align: top; text-align : left; background-color: #F7F7F7; border: 1px #F0F0F0 solid; padding:0px 4px 0px 4px; white-space: nowrap; background-image: url(tbl_bck00.png)\" class=\"hierarchy\"><img src=\"tbl_spacer.png\" alt=\".\" style=\"background-color: inherit\" class=\"hierarchy\"/><img src=\"tbl_vjoin_end.png\" alt=\".\" style=\"background-color: inherit\" class=\"hierarchy\"/><img src=\"icon-q-boolean.png\" alt=\".\" style=\"background-color: #F7F7F7; background-color: inherit\" title=\"Boolean\" class=\"hierarchy\"/> 3</td><td style=\"vertical-align: top; text-align : left; background-color: #F7F7F7; border: 1px #F0F0F0 solid; padding:0px 4px 0px 4px\" class=\"hierarchy\">Next Steps. Would you like to discuss lung cancer screening at your next appointment? MyPreventiveCare can let your provider know what you want.</td><td style=\"vertical-align: top; text-align : left; background-color: #F7F7F7; border: 1px #F0F0F0 solid; padding:0px 4px 0px 4px\" class=\"hierarchy\">1..1</td><td style=\"vertical-align: top; text-align : left; background-color: #F7F7F7; border: 1px #F0F0F0 solid; padding:0px 4px 0px 4px\" class=\"hierarchy\"><a href=\"http://hl7.org/fhir/R4/codesystem-item-type.html#item-type-boolean\">boolean</a></td><td style=\"vertical-align: top; text-align : left; background-color: #F7F7F7; border: 1px #F0F0F0 solid; padding:0px 4px 0px 4px\" class=\"hierarchy\"/></tr>\r\n<tr><td colspan=\"5\" class=\"hierarchy\"><br/><a href=\"http://hl7.org/fhir/R4/formats.html#table\" title=\"Legend for this format\"><img src=\"http://hl7.org/fhir/R4/help16.png\" alt=\"doco\" style=\"background-color: inherit\"/> Documentation for this format</a></td></tr></table><hr/><p><b>Option Sets</b></p><a name=\"opt-item.1\"> </a><p><b>Answer options for 1</b></p><ul><li style=\"font-size: 11px\">http://fhir.org/guides/preventive-care/CodeSystem/mpc-questionnaire-codes#more-thought (&quot;I want to give it more thought&quot;)</li><li style=\"font-size: 11px\">http://fhir.org/guides/preventive-care/CodeSystem/mpc-questionnaire-codes#get-test (&quot;I want to get tested for lung cancer&quot;)</li><li style=\"font-size: 11px\">http://fhir.org/guides/preventive-care/CodeSystem/mpc-questionnaire-codes#do-not-want-test (&quot;I do not want to get tested for lung cancer&quot;)</li></ul><a name=\"opt-item.2.1\"> </a><p><b>Answer options for 2.1</b></p><ul><li style=\"font-size: 11px\">null#LA15236-5 (&quot;Strongly disagree&quot;)</li><li style=\"font-size: 11px\">null#LA15773-7 (&quot;Disagree&quot;)</li><li style=\"font-size: 11px\">null#LA14786-0 (&quot;Neutral&quot;)</li><li style=\"font-size: 11px\">null#LA15774-5 (&quot;Agree&quot;)</li><li style=\"font-size: 11px\">null#LA15237-3 (&quot;Strongly agree&quot;)</li></ul><a name=\"opt-item.2.2\"> </a><p><b>Answer options for 2.2</b></p><ul><li style=\"font-size: 11px\">null#LA15236-5 (&quot;Strongly disagree&quot;)</li><li style=\"font-size: 11px\">null#LA15773-7 (&quot;Disagree&quot;)</li><li style=\"font-size: 11px\">null#LA14786-0 (&quot;Neutral&quot;)</li><li style=\"font-size: 11px\">null#LA15774-5 (&quot;Agree&quot;)</li><li style=\"font-size: 11px\">null#LA15237-3 (&quot;Strongly agree&quot;)</li></ul><a name=\"opt-item.2.3\"> </a><p><b>Answer options for 2.3</b></p><ul><li style=\"font-size: 11px\">null#LA15236-5 (&quot;Strongly disagree&quot;)</li><li style=\"font-size: 11px\">null#LA15773-7 (&quot;Disagree&quot;)</li><li style=\"font-size: 11px\">null#LA14786-0 (&quot;Neutral&quot;)</li><li style=\"font-size: 11px\">null#LA15774-5 (&quot;Agree&quot;)</li><li style=\"font-size: 11px\">null#LA15237-3 (&quot;Strongly agree&quot;)</li></ul><a name=\"opt-item.2.4\"> </a><p><b>Answer options for 2.4</b></p><ul><li style=\"font-size: 11px\">null#LA15236-5 (&quot;Strongly disagree&quot;)</li><li style=\"font-size: 11px\">null#LA15773-7 (&quot;Disagree&quot;)</li><li style=\"font-size: 11px\">null#LA14786-0 (&quot;Neutral&quot;)</li><li style=\"font-size: 11px\">null#LA15774-5 (&quot;Agree&quot;)</li><li style=\"font-size: 11px\">null#LA15237-3 (&quot;Strongly agree&quot;)</li></ul><a name=\"opt-item.2.5\"> </a><p><b>Answer options for 2.5</b></p><ul><li style=\"font-size: 11px\">null#LA15236-5 (&quot;Strongly disagree&quot;)</li><li style=\"font-size: 11px\">null#LA15773-7 (&quot;Disagree&quot;)</li><li style=\"font-size: 11px\">null#LA14786-0 (&quot;Neutral&quot;)</li><li style=\"font-size: 11px\">null#LA15774-5 (&quot;Agree&quot;)</li><li style=\"font-size: 11px\">null#LA15237-3 (&quot;Strongly agree&quot;)</li></ul></div>"
  },
  "extension": [
    {
      "url": "http://hl7.org/fhir/uv/cpg/StructureDefinition/cpg-knowledgeCapability",
      "valueString": "shareable"
    },
    {
      "url": "http://hl7.org/fhir/uv/cpg/StructureDefinition/cpg-knowledgeCapability",
      "valueString": "publishable"
    },
    {
      "url": "http://hl7.org/fhir/uv/cpg/StructureDefinition/cpg-knowledgeRepresentationLevel",
      "valueString": "narrative"
    },
    {
      "url": "http://hl7.org/fhir/uv/cpg/StructureDefinition/cpg-knowledgeCapability",
      "valueString": "computable"
    },
    {
      "url": "http://hl7.org/fhir/uv/cpg/StructureDefinition/cpg-knowledgeRepresentationLevel",
      "valueString": "structured"
    },
    {
      "url": "http://hl7.org/fhir/uv/cpg/StructureDefinition/cpg-knowledgeCapability",
      "valueString": "executable"
    },
    {
      "url": "http://hl7.org/fhir/uv/cpg/StructureDefinition/cpg-knowledgeRepresentationLevel",
      "valueString": "executable"
    }
  ],
  "url": "http://fhir.org/guides/preventive-care/Questionnaire/mpc-lung-cancer",
  "version": "1.0.0",
  "title": "Lung Cancer Screening Questionnaire",
  "status": "active",
  "date": "2021-09-03T16:48:06+00:00",
  "publisher": "U.S. Preventive Services Task Force (USPSTF)",
  "contact": [
    {
      "telecom": [
        {
          "system": "url",
          "value": "https://www.uspreventiveservicestaskforce.org/uspstf/"
        }
      ]
    }
  ],
  "jurisdiction": [
    {
      "coding": [
        {
          "system": "http://unstats.un.org/unsd/methods/m49/m49.htm",
          "code": "001"
        }
      ]
    }
  ],
  "item": [
    {
      "linkId": "learn-more-uspstf",
      "prefix": "Learn More",
      "text": "The website linked below provides some information from the U.S. Preventive Services Task Force (USPSTF) about the benefits and harms of lung cancer screening. This information can help you prepare to ask questions that are important to you when you visit your doctor.<br/> <br/> <a id=\"website\" value=\"https://effectivehealthcare.ahrq.gov/decision-aids/lung-cancer-screening/patient.html\"></a> ",
      "type": "display"
    },
    {
      "linkId": "1",
      "code": [
        {
          "system": "http://fhir.org/guides/preventive-care/CodeSystem/mpc-questionnaire-codes",
          "code": "mpc-do-next",
          "display": "What do you want to do next?"
        }
      ],
      "prefix": "Next Steps",
      "text": "What do you want to do next?",
      "type": "choice",
      "required": true,
      "answerOption": [
        {
          "valueCoding": {
            "system": "http://fhir.org/guides/preventive-care/CodeSystem/mpc-questionnaire-codes",
            "code": "more-thought",
            "display": "I want to give it more thought"
          }
        },
        {
          "valueCoding": {
            "system": "http://fhir.org/guides/preventive-care/CodeSystem/mpc-questionnaire-codes",
            "code": "get-test",
            "display": "I want to get tested for lung cancer"
          }
        },
        {
          "valueCoding": {
            "system": "http://fhir.org/guides/preventive-care/CodeSystem/mpc-questionnaire-codes",
            "code": "do-not-want-test",
            "display": "I do not want to get tested for lung cancer"
          }
        }
      ]
    },
    {
      "linkId": "2",
      "code": [
        {
          "system": "http://fhir.org/guides/preventive-care/CodeSystem/mpc-questionnaire-codes",
          "code": "next-step",
          "display": "What do you want to do next?"
        }
      ],
      "prefix": "Next Steps",
      "text": "How do you feel about your decision?",
      "type": "group",
      "required": false,
      "item": [
        {
          "linkId": "2.1",
          "code": [
            {
              "system": "mpc codesystem",
              "code": "x",
              "display": "Know benefits"
            }
          ],
          "text": "I know the benefits of getting a low dose CT scan.",
          "type": "choice",
          "required": false,
          "answerOption": [
            {
              "extension": [
                {
                  "url": "http://hl7.org/fhir/StructureDefinition/questionnaire-optionPrefix",
                  "valueString": "1"
                }
              ],
              "valueCoding": {
                "code": "LA15236-5",
                "display": "Strongly disagree"
              }
            },
            {
              "extension": [
                {
                  "url": "http://hl7.org/fhir/StructureDefinition/questionnaire-optionPrefix",
                  "valueString": "2"
                }
              ],
              "valueCoding": {
                "code": "LA15773-7",
                "display": "Disagree"
              }
            },
            {
              "extension": [
                {
                  "url": "http://hl7.org/fhir/StructureDefinition/questionnaire-optionPrefix",
                  "valueString": "3"
                }
              ],
              "valueCoding": {
                "code": "LA14786-0",
                "display": "Neutral"
              }
            },
            {
              "extension": [
                {
                  "url": "http://hl7.org/fhir/StructureDefinition/questionnaire-optionPrefix",
                  "valueString": "4"
                }
              ],
              "valueCoding": {
                "code": "LA15774-5",
                "display": "Agree"
              }
            },
            {
              "extension": [
                {
                  "url": "http://hl7.org/fhir/StructureDefinition/questionnaire-optionPrefix",
                  "valueString": "5"
                }
              ],
              "valueCoding": {
                "code": "LA15237-3",
                "display": "Strongly agree"
              }
            }
          ]
        },
        {
          "linkId": "2.2",
          "code": [
            {
              "system": "mpc codesystem",
              "code": "x",
              "display": "Know risks"
            }
          ],
          "text": "I know the risks of getting a low dose CT scan.",
          "type": "choice",
          "required": false,
          "answerOption": [
            {
              "extension": [
                {
                  "url": "http://hl7.org/fhir/StructureDefinition/questionnaire-optionPrefix",
                  "valueString": "1"
                }
              ],
              "valueCoding": {
                "code": "LA15236-5",
                "display": "Strongly disagree"
              }
            },
            {
              "extension": [
                {
                  "url": "http://hl7.org/fhir/StructureDefinition/questionnaire-optionPrefix",
                  "valueString": "2"
                }
              ],
              "valueCoding": {
                "code": "LA15773-7",
                "display": "Disagree"
              }
            },
            {
              "extension": [
                {
                  "url": "http://hl7.org/fhir/StructureDefinition/questionnaire-optionPrefix",
                  "valueString": "3"
                }
              ],
              "valueCoding": {
                "code": "LA14786-0",
                "display": "Neutral"
              }
            },
            {
              "extension": [
                {
                  "url": "http://hl7.org/fhir/StructureDefinition/questionnaire-optionPrefix",
                  "valueString": "4"
                }
              ],
              "valueCoding": {
                "code": "LA15774-5",
                "display": "Agree"
              }
            },
            {
              "extension": [
                {
                  "url": "http://hl7.org/fhir/StructureDefinition/questionnaire-optionPrefix",
                  "valueString": "5"
                }
              ],
              "valueCoding": {
                "code": "LA15237-3",
                "display": "Strongly agree"
              }
            }
          ]
        },
        {
          "linkId": "2.3",
          "code": [
            {
              "system": "mpc codesystem",
              "code": "x",
              "display": "Clear on what matters to me"
            }
          ],
          "text": "I am clear about which benefits and risks matter most to me.",
          "type": "choice",
          "required": false,
          "answerOption": [
            {
              "extension": [
                {
                  "url": "http://hl7.org/fhir/StructureDefinition/questionnaire-optionPrefix",
                  "valueString": "1"
                }
              ],
              "valueCoding": {
                "code": "LA15236-5",
                "display": "Strongly disagree"
              }
            },
            {
              "extension": [
                {
                  "url": "http://hl7.org/fhir/StructureDefinition/questionnaire-optionPrefix",
                  "valueString": "2"
                }
              ],
              "valueCoding": {
                "code": "LA15773-7",
                "display": "Disagree"
              }
            },
            {
              "extension": [
                {
                  "url": "http://hl7.org/fhir/StructureDefinition/questionnaire-optionPrefix",
                  "valueString": "3"
                }
              ],
              "valueCoding": {
                "code": "LA14786-0",
                "display": "Neutral"
              }
            },
            {
              "extension": [
                {
                  "url": "http://hl7.org/fhir/StructureDefinition/questionnaire-optionPrefix",
                  "valueString": "4"
                }
              ],
              "valueCoding": {
                "code": "LA15774-5",
                "display": "Agree"
              }
            },
            {
              "extension": [
                {
                  "url": "http://hl7.org/fhir/StructureDefinition/questionnaire-optionPrefix",
                  "valueString": "5"
                }
              ],
              "valueCoding": {
                "code": "LA15237-3",
                "display": "Strongly agree"
              }
            }
          ]
        },
        {
          "linkId": "2.4",
          "code": [
            {
              "system": "mpc codesystem",
              "code": "x",
              "display": "Have support"
            }
          ],
          "text": "I have enough support and advice to make a decision about getting a low dose CT scan.",
          "type": "choice",
          "required": false,
          "answerOption": [
            {
              "extension": [
                {
                  "url": "http://hl7.org/fhir/StructureDefinition/questionnaire-optionPrefix",
                  "valueString": "1"
                }
              ],
              "valueCoding": {
                "code": "LA15236-5",
                "display": "Strongly disagree"
              }
            },
            {
              "extension": [
                {
                  "url": "http://hl7.org/fhir/StructureDefinition/questionnaire-optionPrefix",
                  "valueString": "2"
                }
              ],
              "valueCoding": {
                "code": "LA15773-7",
                "display": "Disagree"
              }
            },
            {
              "extension": [
                {
                  "url": "http://hl7.org/fhir/StructureDefinition/questionnaire-optionPrefix",
                  "valueString": "3"
                }
              ],
              "valueCoding": {
                "code": "LA14786-0",
                "display": "Neutral"
              }
            },
            {
              "extension": [
                {
                  "url": "http://hl7.org/fhir/StructureDefinition/questionnaire-optionPrefix",
                  "valueString": "4"
                }
              ],
              "valueCoding": {
                "code": "LA15774-5",
                "display": "Agree"
              }
            },
            {
              "extension": [
                {
                  "url": "http://hl7.org/fhir/StructureDefinition/questionnaire-optionPrefix",
                  "valueString": "5"
                }
              ],
              "valueCoding": {
                "code": "LA15237-3",
                "display": "Strongly agree"
              }
            }
          ]
        },
        {
          "linkId": "2.5",
          "code": [
            {
              "system": "mpc codesystem",
              "code": "x",
              "display": "Sure about choice"
            }
          ],
          "text": "I feel sure about the best choice for me.",
          "type": "choice",
          "required": false,
          "answerOption": [
            {
              "extension": [
                {
                  "url": "http://hl7.org/fhir/StructureDefinition/questionnaire-optionPrefix",
                  "valueString": "1"
                }
              ],
              "valueCoding": {
                "code": "LA15236-5",
                "display": "Strongly disagree"
              }
            },
            {
              "extension": [
                {
                  "url": "http://hl7.org/fhir/StructureDefinition/questionnaire-optionPrefix",
                  "valueString": "2"
                }
              ],
              "valueCoding": {
                "code": "LA15773-7",
                "display": "Disagree"
              }
            },
            {
              "extension": [
                {
                  "url": "http://hl7.org/fhir/StructureDefinition/questionnaire-optionPrefix",
                  "valueString": "3"
                }
              ],
              "valueCoding": {
                "code": "LA14786-0",
                "display": "Neutral"
              }
            },
            {
              "extension": [
                {
                  "url": "http://hl7.org/fhir/StructureDefinition/questionnaire-optionPrefix",
                  "valueString": "4"
                }
              ],
              "valueCoding": {
                "code": "LA15774-5",
                "display": "Agree"
              }
            },
            {
              "extension": [
                {
                  "url": "http://hl7.org/fhir/StructureDefinition/questionnaire-optionPrefix",
                  "valueString": "5"
                }
              ],
              "valueCoding": {
                "code": "LA15237-3",
                "display": "Strongly agree"
              }
            }
          ]
        }
      ]
    },
    {
      "linkId": "3",
      "code": [
        {
          "system": "http://example.org/questionnaires",
          "code": "Discuss at next appointment"
        }
      ],
      "prefix": "Next Steps",
      "text": "Would you like to discuss lung cancer screening at your next appointment? MyPreventiveCare can let your provider know what you want.",
      "type": "boolean",
      "required": true
    }
  ]
}