{
  "resourceType": "ValueSet",
  "id": "2.16.840.1.113883.3.464.1003.198.12.1133",
  "text": {
    "status": "generated",
    "div": "<div xmlns=\"http://www.w3.org/1999/xhtml\"><p>This value set contains 9 concepts</p><table class=\"codes\"><tr><td style=\"white-space:nowrap\"><b>Code</b></td><td><b>System</b></td><td><b>Display</b></td><td><b>Definition</b></td></tr><tr><td style=\"white-space:nowrap\"><a name=\"http---www.cms.gov-Medicare-Coding-ICD10-0HTU0ZZ\"> </a>0HTU0ZZ</td><td>http://www.cms.gov/Medicare/Coding/ICD10</td><td>Resection of Left Breast, Open Approach</td><td/></tr><tr><td style=\"white-space:nowrap\"><a name=\"http---snomed.info-sct-12275221000119100\"> </a><a href=\"http://browser.ihtsdotools.org/?perspective=full&amp;conceptId1=12275221000119100\">12275221000119100</a></td><td>http://snomed.info/sct</td><td>Postmastectomy lymphedema syndrome of left upper limb (disorder)</td><td/></tr><tr><td style=\"white-space:nowrap\"><a name=\"http---snomed.info-sct-137671000119105\"> </a><a href=\"http://browser.ihtsdotools.org/?perspective=full&amp;conceptId1=137671000119105\">137671000119105</a></td><td>http://snomed.info/sct</td><td>History of prophylactic mastectomy of left breast (situation)</td><td/></tr><tr><td style=\"white-space:nowrap\"><a name=\"http---snomed.info-sct-428571003\"> </a><a href=\"http://browser.ihtsdotools.org/?perspective=full&amp;conceptId1=428571003\">428571003</a></td><td>http://snomed.info/sct</td><td>Mastectomy of left breast (procedure)</td><td/></tr><tr><td style=\"white-space:nowrap\"><a name=\"http---snomed.info-sct-429009003\"> </a><a href=\"http://browser.ihtsdotools.org/?perspective=full&amp;conceptId1=429009003\">429009003</a></td><td>http://snomed.info/sct</td><td>History of left mastectomy (situation)</td><td/></tr><tr><td style=\"white-space:nowrap\"><a name=\"http---snomed.info-sct-451211000124109\"> </a><a href=\"http://browser.ihtsdotools.org/?perspective=full&amp;conceptId1=451211000124109\">451211000124109</a></td><td>http://snomed.info/sct</td><td>Prophylactic mastectomy of left breast (procedure)</td><td/></tr><tr><td style=\"white-space:nowrap\"><a name=\"http---snomed.info-sct-726429001\"> </a><a href=\"http://browser.ihtsdotools.org/?perspective=full&amp;conceptId1=726429001\">726429001</a></td><td>http://snomed.info/sct</td><td>Radical mastectomy of left breast (procedure)</td><td/></tr><tr><td style=\"white-space:nowrap\"><a name=\"http---snomed.info-sct-726435001\"> </a><a href=\"http://browser.ihtsdotools.org/?perspective=full&amp;conceptId1=726435001\">726435001</a></td><td>http://snomed.info/sct</td><td>Subcutaneous mastectomy of left breast (procedure)</td><td/></tr><tr><td style=\"white-space:nowrap\"><a name=\"http---snomed.info-sct-726437009\"> </a><a href=\"http://browser.ihtsdotools.org/?perspective=full&amp;conceptId1=726437009\">726437009</a></td><td>http://snomed.info/sct</td><td>Modified radical mastectomy of left breast (procedure)</td><td/></tr></table></div>"
  },
  "url": "http://cts.nlm.nih.gov/fhir/ValueSet/2.16.840.1.113883.3.464.1003.198.12.1133",
  "identifier": [
    {
      "system": "urn:ietf:rfc:3986",
      "value": "2.16.840.1.113883.3.464.1003.198.12.1133"
    }
  ],
  "version": "1.0.0",
  "name": "UnilateralMastectomyLeft",
  "title": "Unilateral Mastectomy Left",
  "status": "active",
  "experimental": false,
  "date": "2021-09-03T16:48:06+00:00",
  "publisher": "U.S. Preventive Services Task Force (USPSTF)",
  "contact": [
    {
      "telecom": [
        {
          "system": "url",
          "value": "https://www.uspreventiveservicestaskforce.org/uspstf/"
        }
      ]
    }
  ],
  "jurisdiction": [
    {
      "coding": [
        {
          "system": "http://unstats.un.org/unsd/methods/m49/m49.htm",
          "code": "001"
        }
      ]
    }
  ],
  "expansion": {
    "identifier": "20200507",
    "timestamp": "2021-01-14T20:59:46-07:00",
    "contains": [
      {
        "system": "http://www.cms.gov/Medicare/Coding/ICD10",
        "version": "2020",
        "code": "0HTU0ZZ",
        "display": "Resection of Left Breast, Open Approach"
      },
      {
        "system": "http://snomed.info/sct",
        "version": "2019-09",
        "code": "12275221000119100",
        "display": "Postmastectomy lymphedema syndrome of left upper limb (disorder)"
      },
      {
        "system": "http://snomed.info/sct",
        "version": "2019-09",
        "code": "137671000119105",
        "display": "History of prophylactic mastectomy of left breast (situation)"
      },
      {
        "system": "http://snomed.info/sct",
        "version": "2019-09",
        "code": "428571003",
        "display": "Mastectomy of left breast (procedure)"
      },
      {
        "system": "http://snomed.info/sct",
        "version": "2019-09",
        "code": "429009003",
        "display": "History of left mastectomy (situation)"
      },
      {
        "system": "http://snomed.info/sct",
        "version": "2019-09",
        "code": "451211000124109",
        "display": "Prophylactic mastectomy of left breast (procedure)"
      },
      {
        "system": "http://snomed.info/sct",
        "version": "2019-09",
        "code": "726429001",
        "display": "Radical mastectomy of left breast (procedure)"
      },
      {
        "system": "http://snomed.info/sct",
        "version": "2019-09",
        "code": "726435001",
        "display": "Subcutaneous mastectomy of left breast (procedure)"
      },
      {
        "system": "http://snomed.info/sct",
        "version": "2019-09",
        "code": "726437009",
        "display": "Modified radical mastectomy of left breast (procedure)"
      }
    ]
  }
}