{
  "resourceType": "ValueSet",
  "id": "2.16.840.1.113883.3.464.1003.106.12.1005",
  "text": {
    "status": "generated",
    "div": "<div xmlns=\"http://www.w3.org/1999/xhtml\"><p>This value set contains 41 concepts</p><p>All codes in this table are from the system <a href=\"http://terminology.hl7.org/2.1.0/CodeSystem-v3-snomed-CT.html\"><code>http://snomed.info/sct</code></a></p><table class=\"codes\"><tr><td style=\"white-space:nowrap\"><b>Code</b></td><td><b>Display</b></td><td><b>Definition</b></td></tr><tr><td style=\"white-space:nowrap\"><a name=\"http---snomed.info-sct-171047005\"> </a><a href=\"http://browser.ihtsdotools.org/?perspective=full&amp;conceptId1=171047005\">171047005</a></td><td>Drugs of addiction education (procedure)</td><td/></tr><tr><td style=\"white-space:nowrap\"><a name=\"http---snomed.info-sct-20093000\"> </a><a href=\"http://browser.ihtsdotools.org/?perspective=full&amp;conceptId1=20093000\">20093000</a></td><td>Alcohol rehabilitation and detoxification (regime/therapy)</td><td/></tr><tr><td style=\"white-space:nowrap\"><a name=\"http---snomed.info-sct-23915005\"> </a><a href=\"http://browser.ihtsdotools.org/?perspective=full&amp;conceptId1=23915005\">23915005</a></td><td>Combined alcohol and drug rehabilitation and detoxification (regime/therapy)</td><td/></tr><tr><td style=\"white-space:nowrap\"><a name=\"http---snomed.info-sct-24165007\"> </a><a href=\"http://browser.ihtsdotools.org/?perspective=full&amp;conceptId1=24165007\">24165007</a></td><td>Alcoholism counseling (procedure)</td><td/></tr><tr><td style=\"white-space:nowrap\"><a name=\"http---snomed.info-sct-266707007\"> </a><a href=\"http://browser.ihtsdotools.org/?perspective=full&amp;conceptId1=266707007\">266707007</a></td><td>Drug addiction therapy (regime/therapy)</td><td/></tr><tr><td style=\"white-space:nowrap\"><a name=\"http---snomed.info-sct-310653000\"> </a><a href=\"http://browser.ihtsdotools.org/?perspective=full&amp;conceptId1=310653000\">310653000</a></td><td>Drug addiction therapy - methadone (regime/therapy)</td><td/></tr><tr><td style=\"white-space:nowrap\"><a name=\"http---snomed.info-sct-313071005\"> </a><a href=\"http://browser.ihtsdotools.org/?perspective=full&amp;conceptId1=313071005\">313071005</a></td><td>Counseling for substance abuse (procedure)</td><td/></tr><tr><td style=\"white-space:nowrap\"><a name=\"http---snomed.info-sct-370881007\"> </a><a href=\"http://browser.ihtsdotools.org/?perspective=full&amp;conceptId1=370881007\">370881007</a></td><td>Abuse prevention assessment (procedure)</td><td/></tr><tr><td style=\"white-space:nowrap\"><a name=\"http---snomed.info-sct-370884004\"> </a><a href=\"http://browser.ihtsdotools.org/?perspective=full&amp;conceptId1=370884004\">370884004</a></td><td>Abuse prevention management (procedure)</td><td/></tr><tr><td style=\"white-space:nowrap\"><a name=\"http---snomed.info-sct-385989002\"> </a><a href=\"http://browser.ihtsdotools.org/?perspective=full&amp;conceptId1=385989002\">385989002</a></td><td>Substance use therapy (regime/therapy)</td><td/></tr><tr><td style=\"white-space:nowrap\"><a name=\"http---snomed.info-sct-386448003\"> </a><a href=\"http://browser.ihtsdotools.org/?perspective=full&amp;conceptId1=386448003\">386448003</a></td><td>Substance use prevention (procedure)</td><td/></tr><tr><td style=\"white-space:nowrap\"><a name=\"http---snomed.info-sct-386449006\"> </a><a href=\"http://browser.ihtsdotools.org/?perspective=full&amp;conceptId1=386449006\">386449006</a></td><td>Substance use treatment: alcohol withdrawal (regime/therapy)</td><td/></tr><tr><td style=\"white-space:nowrap\"><a name=\"http---snomed.info-sct-386450006\"> </a><a href=\"http://browser.ihtsdotools.org/?perspective=full&amp;conceptId1=386450006\">386450006</a></td><td>Substance use treatment: drug withdrawal (regime/therapy)</td><td/></tr><tr><td style=\"white-space:nowrap\"><a name=\"http---snomed.info-sct-386451005\"> </a><a href=\"http://browser.ihtsdotools.org/?perspective=full&amp;conceptId1=386451005\">386451005</a></td><td>Substance use treatment: overdose (regime/therapy)</td><td/></tr><tr><td style=\"white-space:nowrap\"><a name=\"http---snomed.info-sct-408933008\"> </a><a href=\"http://browser.ihtsdotools.org/?perspective=full&amp;conceptId1=408933008\">408933008</a></td><td>Substance abuse prevention (procedure)</td><td/></tr><tr><td style=\"white-space:nowrap\"><a name=\"http---snomed.info-sct-408934002\"> </a><a href=\"http://browser.ihtsdotools.org/?perspective=full&amp;conceptId1=408934002\">408934002</a></td><td>Substance abuse prevention assessment (procedure)</td><td/></tr><tr><td style=\"white-space:nowrap\"><a name=\"http---snomed.info-sct-408935001\"> </a><a href=\"http://browser.ihtsdotools.org/?perspective=full&amp;conceptId1=408935001\">408935001</a></td><td>Substance abuse prevention education (procedure)</td><td/></tr><tr><td style=\"white-space:nowrap\"><a name=\"http---snomed.info-sct-408936000\"> </a><a href=\"http://browser.ihtsdotools.org/?perspective=full&amp;conceptId1=408936000\">408936000</a></td><td>Substance abuse prevention management (procedure)</td><td/></tr><tr><td style=\"white-space:nowrap\"><a name=\"http---snomed.info-sct-408941008\"> </a><a href=\"http://browser.ihtsdotools.org/?perspective=full&amp;conceptId1=408941008\">408941008</a></td><td>Drug abuse prevention (procedure)</td><td/></tr><tr><td style=\"white-space:nowrap\"><a name=\"http---snomed.info-sct-408942001\"> </a><a href=\"http://browser.ihtsdotools.org/?perspective=full&amp;conceptId1=408942001\">408942001</a></td><td>Drug abuse prevention assessment (procedure)</td><td/></tr><tr><td style=\"white-space:nowrap\"><a name=\"http---snomed.info-sct-408943006\"> </a><a href=\"http://browser.ihtsdotools.org/?perspective=full&amp;conceptId1=408943006\">408943006</a></td><td>Drug abuse prevention education (procedure)</td><td/></tr><tr><td style=\"white-space:nowrap\"><a name=\"http---snomed.info-sct-408944000\"> </a><a href=\"http://browser.ihtsdotools.org/?perspective=full&amp;conceptId1=408944000\">408944000</a></td><td>Drug abuse prevention management (procedure)</td><td/></tr><tr><td style=\"white-space:nowrap\"><a name=\"http---snomed.info-sct-408945004\"> </a><a href=\"http://browser.ihtsdotools.org/?perspective=full&amp;conceptId1=408945004\">408945004</a></td><td>Alcohol abuse prevention (procedure)</td><td/></tr><tr><td style=\"white-space:nowrap\"><a name=\"http---snomed.info-sct-408947007\"> </a><a href=\"http://browser.ihtsdotools.org/?perspective=full&amp;conceptId1=408947007\">408947007</a></td><td>Alcohol abuse prevention education (procedure)</td><td/></tr><tr><td style=\"white-space:nowrap\"><a name=\"http---snomed.info-sct-408948002\"> </a><a href=\"http://browser.ihtsdotools.org/?perspective=full&amp;conceptId1=408948002\">408948002</a></td><td>Alcohol abuse prevention management (procedure)</td><td/></tr><tr><td style=\"white-space:nowrap\"><a name=\"http---snomed.info-sct-410419007\"> </a><a href=\"http://browser.ihtsdotools.org/?perspective=full&amp;conceptId1=410419007\">410419007</a></td><td>Substance use surveillance (regime/therapy)</td><td/></tr><tr><td style=\"white-space:nowrap\"><a name=\"http---snomed.info-sct-413473000\"> </a><a href=\"http://browser.ihtsdotools.org/?perspective=full&amp;conceptId1=413473000\">413473000</a></td><td>Counseling about alcohol consumption (procedure)</td><td/></tr><tr><td style=\"white-space:nowrap\"><a name=\"http---snomed.info-sct-423416000\"> </a><a href=\"http://browser.ihtsdotools.org/?perspective=full&amp;conceptId1=423416000\">423416000</a></td><td>Substance use cessation case management (procedure)</td><td/></tr><tr><td style=\"white-space:nowrap\"><a name=\"http---snomed.info-sct-424148004\"> </a><a href=\"http://browser.ihtsdotools.org/?perspective=full&amp;conceptId1=424148004\">424148004</a></td><td>Substance use cessation surveillance (regime/therapy)</td><td/></tr><tr><td style=\"white-space:nowrap\"><a name=\"http---snomed.info-sct-424407005\"> </a><a href=\"http://browser.ihtsdotools.org/?perspective=full&amp;conceptId1=424407005\">424407005</a></td><td>Substance use cessation education, guidance, and counseling (procedure)</td><td/></tr><tr><td style=\"white-space:nowrap\"><a name=\"http---snomed.info-sct-424589009\"> </a><a href=\"http://browser.ihtsdotools.org/?perspective=full&amp;conceptId1=424589009\">424589009</a></td><td>Substance use treatment: cessation (regime/therapy)</td><td/></tr><tr><td style=\"white-space:nowrap\"><a name=\"http---snomed.info-sct-426928008\"> </a><a href=\"http://browser.ihtsdotools.org/?perspective=full&amp;conceptId1=426928008\">426928008</a></td><td>Prevention of opioid abuse (procedure)</td><td/></tr><tr><td style=\"white-space:nowrap\"><a name=\"http---snomed.info-sct-429291000124102\"> </a><a href=\"http://browser.ihtsdotools.org/?perspective=full&amp;conceptId1=429291000124102\">429291000124102</a></td><td>Alcohol brief intervention (procedure)</td><td/></tr><tr><td style=\"white-space:nowrap\"><a name=\"http---snomed.info-sct-56876005\"> </a><a href=\"http://browser.ihtsdotools.org/?perspective=full&amp;conceptId1=56876005\">56876005</a></td><td>Drug rehabilitation and detoxification (regime/therapy)</td><td/></tr><tr><td style=\"white-space:nowrap\"><a name=\"http---snomed.info-sct-60112009\"> </a><a href=\"http://browser.ihtsdotools.org/?perspective=full&amp;conceptId1=60112009\">60112009</a></td><td>Drug addiction counseling (procedure)</td><td/></tr><tr><td style=\"white-space:nowrap\"><a name=\"http---snomed.info-sct-707166002\"> </a><a href=\"http://browser.ihtsdotools.org/?perspective=full&amp;conceptId1=707166002\">707166002</a></td><td>Alcohol reduction program (regime/therapy)</td><td/></tr><tr><td style=\"white-space:nowrap\"><a name=\"http---snomed.info-sct-720174008\"> </a><a href=\"http://browser.ihtsdotools.org/?perspective=full&amp;conceptId1=720174008\">720174008</a></td><td>Drug harm reduction program (regime/therapy)</td><td/></tr><tr><td style=\"white-space:nowrap\"><a name=\"http---snomed.info-sct-720175009\"> </a><a href=\"http://browser.ihtsdotools.org/?perspective=full&amp;conceptId1=720175009\">720175009</a></td><td>Alcohol harm reduction program (regime/therapy)</td><td/></tr><tr><td style=\"white-space:nowrap\"><a name=\"http---snomed.info-sct-720176005\"> </a><a href=\"http://browser.ihtsdotools.org/?perspective=full&amp;conceptId1=720176005\">720176005</a></td><td>Alcohol relapse prevention program (regime/therapy)</td><td/></tr><tr><td style=\"white-space:nowrap\"><a name=\"http---snomed.info-sct-720177001\"> </a><a href=\"http://browser.ihtsdotools.org/?perspective=full&amp;conceptId1=720177001\">720177001</a></td><td>Drug relapse prevention program (regime/therapy)</td><td/></tr><tr><td style=\"white-space:nowrap\"><a name=\"http---snomed.info-sct-737363002\"> </a><a href=\"http://browser.ihtsdotools.org/?perspective=full&amp;conceptId1=737363002\">737363002</a></td><td>Alcohol abuse surveillance (regime/therapy)</td><td/></tr></table></div>"
  },
  "url": "http://cts.nlm.nih.gov/fhir/ValueSet/2.16.840.1.113883.3.464.1003.106.12.1005",
  "identifier": [
    {
      "system": "urn:ietf:rfc:3986",
      "value": "2.16.840.1.113883.3.464.1003.106.12.1005"
    }
  ],
  "version": "1.0.0",
  "name": "AlcoholandDrugDependenceTreatment",
  "title": "Alcohol and Drug Dependence Treatment",
  "status": "active",
  "experimental": false,
  "date": "2021-09-03T16:48:06+00:00",
  "publisher": "U.S. Preventive Services Task Force (USPSTF)",
  "contact": [
    {
      "telecom": [
        {
          "system": "url",
          "value": "https://www.uspreventiveservicestaskforce.org/uspstf/"
        }
      ]
    }
  ],
  "jurisdiction": [
    {
      "coding": [
        {
          "system": "http://unstats.un.org/unsd/methods/m49/m49.htm",
          "code": "001"
        }
      ]
    }
  ],
  "expansion": {
    "identifier": "20200507",
    "timestamp": "2021-01-14T20:59:46-07:00",
    "contains": [
      {
        "system": "http://snomed.info/sct",
        "version": "2019-09",
        "code": "171047005",
        "display": "Drugs of addiction education (procedure)"
      },
      {
        "system": "http://snomed.info/sct",
        "version": "2019-09",
        "code": "20093000",
        "display": "Alcohol rehabilitation and detoxification (regime/therapy)"
      },
      {
        "system": "http://snomed.info/sct",
        "version": "2019-09",
        "code": "23915005",
        "display": "Combined alcohol and drug rehabilitation and detoxification (regime/therapy)"
      },
      {
        "system": "http://snomed.info/sct",
        "version": "2019-09",
        "code": "24165007",
        "display": "Alcoholism counseling (procedure)"
      },
      {
        "system": "http://snomed.info/sct",
        "version": "2019-09",
        "code": "266707007",
        "display": "Drug addiction therapy (regime/therapy)"
      },
      {
        "system": "http://snomed.info/sct",
        "version": "2019-09",
        "code": "310653000",
        "display": "Drug addiction therapy - methadone (regime/therapy)"
      },
      {
        "system": "http://snomed.info/sct",
        "version": "2019-09",
        "code": "313071005",
        "display": "Counseling for substance abuse (procedure)"
      },
      {
        "system": "http://snomed.info/sct",
        "version": "2019-09",
        "code": "370881007",
        "display": "Abuse prevention assessment (procedure)"
      },
      {
        "system": "http://snomed.info/sct",
        "version": "2019-09",
        "code": "370884004",
        "display": "Abuse prevention management (procedure)"
      },
      {
        "system": "http://snomed.info/sct",
        "version": "2019-09",
        "code": "385989002",
        "display": "Substance use therapy (regime/therapy)"
      },
      {
        "system": "http://snomed.info/sct",
        "version": "2019-09",
        "code": "386448003",
        "display": "Substance use prevention (procedure)"
      },
      {
        "system": "http://snomed.info/sct",
        "version": "2019-09",
        "code": "386449006",
        "display": "Substance use treatment: alcohol withdrawal (regime/therapy)"
      },
      {
        "system": "http://snomed.info/sct",
        "version": "2019-09",
        "code": "386450006",
        "display": "Substance use treatment: drug withdrawal (regime/therapy)"
      },
      {
        "system": "http://snomed.info/sct",
        "version": "2019-09",
        "code": "386451005",
        "display": "Substance use treatment: overdose (regime/therapy)"
      },
      {
        "system": "http://snomed.info/sct",
        "version": "2019-09",
        "code": "408933008",
        "display": "Substance abuse prevention (procedure)"
      },
      {
        "system": "http://snomed.info/sct",
        "version": "2019-09",
        "code": "408934002",
        "display": "Substance abuse prevention assessment (procedure)"
      },
      {
        "system": "http://snomed.info/sct",
        "version": "2019-09",
        "code": "408935001",
        "display": "Substance abuse prevention education (procedure)"
      },
      {
        "system": "http://snomed.info/sct",
        "version": "2019-09",
        "code": "408936000",
        "display": "Substance abuse prevention management (procedure)"
      },
      {
        "system": "http://snomed.info/sct",
        "version": "2019-09",
        "code": "408941008",
        "display": "Drug abuse prevention (procedure)"
      },
      {
        "system": "http://snomed.info/sct",
        "version": "2019-09",
        "code": "408942001",
        "display": "Drug abuse prevention assessment (procedure)"
      },
      {
        "system": "http://snomed.info/sct",
        "version": "2019-09",
        "code": "408943006",
        "display": "Drug abuse prevention education (procedure)"
      },
      {
        "system": "http://snomed.info/sct",
        "version": "2019-09",
        "code": "408944000",
        "display": "Drug abuse prevention management (procedure)"
      },
      {
        "system": "http://snomed.info/sct",
        "version": "2019-09",
        "code": "408945004",
        "display": "Alcohol abuse prevention (procedure)"
      },
      {
        "system": "http://snomed.info/sct",
        "version": "2019-09",
        "code": "408947007",
        "display": "Alcohol abuse prevention education (procedure)"
      },
      {
        "system": "http://snomed.info/sct",
        "version": "2019-09",
        "code": "408948002",
        "display": "Alcohol abuse prevention management (procedure)"
      },
      {
        "system": "http://snomed.info/sct",
        "version": "2019-09",
        "code": "410419007",
        "display": "Substance use surveillance (regime/therapy)"
      },
      {
        "system": "http://snomed.info/sct",
        "version": "2019-09",
        "code": "413473000",
        "display": "Counseling about alcohol consumption (procedure)"
      },
      {
        "system": "http://snomed.info/sct",
        "version": "2019-09",
        "code": "423416000",
        "display": "Substance use cessation case management (procedure)"
      },
      {
        "system": "http://snomed.info/sct",
        "version": "2019-09",
        "code": "424148004",
        "display": "Substance use cessation surveillance (regime/therapy)"
      },
      {
        "system": "http://snomed.info/sct",
        "version": "2019-09",
        "code": "424407005",
        "display": "Substance use cessation education, guidance, and counseling (procedure)"
      },
      {
        "system": "http://snomed.info/sct",
        "version": "2019-09",
        "code": "424589009",
        "display": "Substance use treatment: cessation (regime/therapy)"
      },
      {
        "system": "http://snomed.info/sct",
        "version": "2019-09",
        "code": "426928008",
        "display": "Prevention of opioid abuse (procedure)"
      },
      {
        "system": "http://snomed.info/sct",
        "version": "2019-09",
        "code": "429291000124102",
        "display": "Alcohol brief intervention (procedure)"
      },
      {
        "system": "http://snomed.info/sct",
        "version": "2019-09",
        "code": "56876005",
        "display": "Drug rehabilitation and detoxification (regime/therapy)"
      },
      {
        "system": "http://snomed.info/sct",
        "version": "2019-09",
        "code": "60112009",
        "display": "Drug addiction counseling (procedure)"
      },
      {
        "system": "http://snomed.info/sct",
        "version": "2019-09",
        "code": "707166002",
        "display": "Alcohol reduction program (regime/therapy)"
      },
      {
        "system": "http://snomed.info/sct",
        "version": "2019-09",
        "code": "720174008",
        "display": "Drug harm reduction program (regime/therapy)"
      },
      {
        "system": "http://snomed.info/sct",
        "version": "2019-09",
        "code": "720175009",
        "display": "Alcohol harm reduction program (regime/therapy)"
      },
      {
        "system": "http://snomed.info/sct",
        "version": "2019-09",
        "code": "720176005",
        "display": "Alcohol relapse prevention program (regime/therapy)"
      },
      {
        "system": "http://snomed.info/sct",
        "version": "2019-09",
        "code": "720177001",
        "display": "Drug relapse prevention program (regime/therapy)"
      },
      {
        "system": "http://snomed.info/sct",
        "version": "2019-09",
        "code": "737363002",
        "display": "Alcohol abuse surveillance (regime/therapy)"
      }
    ]
  }
}