<?xml version="1.0" encoding="UTF-8"?>

<ValueSet xmlns="http://hl7.org/fhir">
  <id value="2.16.840.1.113883.3.526.2.215"/>
  <meta>
    <versionId value="17"/>
    <lastUpdated value="2020-12-03T17:11:36.000+00:00"/>
  </meta>
  <text>
    <status value="generated"/><div xmlns="http://www.w3.org/1999/xhtml"><h3>Value Set Contents</h3><p>This value set contains 12 concepts</p><p>All codes from system <code>http://loinc.org</code></p><table class="codes"><tr><td><b>Code</b></td><td><b>Display</b></td></tr><tr><td><a name="http---loinc.org-10508-0"> </a><a href="http://details.loinc.org/LOINC/10508-0.html">10508-0</a></td><td>Prostate specific Ag [Presence] in Tissue by Immune stain</td></tr><tr><td><a name="http---loinc.org-10886-0"> </a><a href="http://details.loinc.org/LOINC/10886-0.html">10886-0</a></td><td>Prostate Specific Ag Free [Mass/volume] in Serum or Plasma</td></tr><tr><td><a name="http---loinc.org-12841-3"> </a><a href="http://details.loinc.org/LOINC/12841-3.html">12841-3</a></td><td>Prostate Specific Ag Free/Prostate specific Ag.total in Serum or Plasma</td></tr><tr><td><a name="http---loinc.org-15323-9"> </a><a href="http://details.loinc.org/LOINC/15323-9.html">15323-9</a></td><td>Prostate specific Ag/Prostate volume calculated from height, width and length</td></tr><tr><td><a name="http---loinc.org-15324-7"> </a><a href="http://details.loinc.org/LOINC/15324-7.html">15324-7</a></td><td>Prostate specific Ag/Prostate volume calculated from planimetry</td></tr><tr><td><a name="http---loinc.org-15325-4"> </a><a href="http://details.loinc.org/LOINC/15325-4.html">15325-4</a></td><td>Prostate specific Ag/Prostate volume calculated</td></tr><tr><td><a name="http---loinc.org-19195-7"> </a><a href="http://details.loinc.org/LOINC/19195-7.html">19195-7</a></td><td>Prostate specific Ag [Units/volume] in Serum or Plasma</td></tr><tr><td><a name="http---loinc.org-19201-3"> </a><a href="http://details.loinc.org/LOINC/19201-3.html">19201-3</a></td><td>Prostate Specific Ag Free [Units/volume] in Serum or Plasma</td></tr><tr><td><a name="http---loinc.org-2857-1"> </a><a href="http://details.loinc.org/LOINC/2857-1.html">2857-1</a></td><td>Prostate specific Ag [Mass/volume] in Serum or Plasma</td></tr><tr><td><a name="http---loinc.org-33667-7"> </a><a href="http://details.loinc.org/LOINC/33667-7.html">33667-7</a></td><td>Prostate specific Ag.protein bound [Mass/volume] in Serum or Plasma</td></tr><tr><td><a name="http---loinc.org-34611-4"> </a><a href="http://details.loinc.org/LOINC/34611-4.html">34611-4</a></td><td>Prostate specific Ag [Mass/volume] in Urine</td></tr><tr><td><a name="http---loinc.org-35741-8"> </a><a href="http://details.loinc.org/LOINC/35741-8.html">35741-8</a></td><td>Prostate specific Ag [Mass/volume] in Serum or Plasma by Detection limit &lt;= 0.01 ng/mL</td></tr></table></div>
  </text>
  <url value="http://cts.nlm.nih.gov/fhir/ValueSet/2.16.840.1.113883.3.526.2.215"/>
  <version value="1.0.0"/>
  <name value="ProstateSpecificAntigenTest"/>
  <title value="Prostate Specific Antigen Test"/>
  <status value="active"/>
  <date value="2017-05-04T01:00:13-04:00"/>
  <publisher value="U.S. Preventive Services Task Force (USPSTF)"/>
  <contact>
    <telecom>
      <system value="url"/>
      <value value="https://www.uspreventiveservicestaskforce.org/uspstf/"/>
    </telecom>
  </contact>
  <description value="This value set contains concepts that represent prostate specific antigen (PSA) test."/>
  <jurisdiction>
    <coding>
      <system value="http://unstats.un.org/unsd/methods/m49/m49.htm"/>
      <code value="001"/>
    </coding>
  </jurisdiction>
  <expansion>
    <identifier value="urn:uuid:9f78c91a-73ce-422a-a6e5-146a07707651"/>
    <timestamp value="2020-12-23T18:17:43-05:00"/>
    <total value="12"/>
    <offset value="0"/>
    <parameter>
      <name value="count"/>
      <valueInteger value="1000"/>
    </parameter>
    <parameter>
      <name value="offset"/>
      <valueInteger value="0"/>
    </parameter>
    <contains>
      <system value="http://loinc.org"/>
      <version value="2.68"/>
      <code value="10508-0"/>
      <display value="Prostate specific Ag [Presence] in Tissue by Immune stain"/>
    </contains>
    <contains>
      <system value="http://loinc.org"/>
      <version value="2.68"/>
      <code value="10886-0"/>
      <display value="Prostate Specific Ag Free [Mass/volume] in Serum or Plasma"/>
    </contains>
    <contains>
      <system value="http://loinc.org"/>
      <version value="2.68"/>
      <code value="12841-3"/>
      <display value="Prostate Specific Ag Free/Prostate specific Ag.total in Serum or Plasma"/>
    </contains>
    <contains>
      <system value="http://loinc.org"/>
      <version value="2.68"/>
      <code value="15323-9"/>
      <display value="Prostate specific Ag/Prostate volume calculated from height, width and length"/>
    </contains>
    <contains>
      <system value="http://loinc.org"/>
      <version value="2.68"/>
      <code value="15324-7"/>
      <display value="Prostate specific Ag/Prostate volume calculated from planimetry"/>
    </contains>
    <contains>
      <system value="http://loinc.org"/>
      <version value="2.68"/>
      <code value="15325-4"/>
      <display value="Prostate specific Ag/Prostate volume calculated"/>
    </contains>
    <contains>
      <system value="http://loinc.org"/>
      <version value="2.68"/>
      <code value="19195-7"/>
      <display value="Prostate specific Ag [Units/volume] in Serum or Plasma"/>
    </contains>
    <contains>
      <system value="http://loinc.org"/>
      <version value="2.68"/>
      <code value="19201-3"/>
      <display value="Prostate Specific Ag Free [Units/volume] in Serum or Plasma"/>
    </contains>
    <contains>
      <system value="http://loinc.org"/>
      <version value="2.68"/>
      <code value="2857-1"/>
      <display value="Prostate specific Ag [Mass/volume] in Serum or Plasma"/>
    </contains>
    <contains>
      <system value="http://loinc.org"/>
      <version value="2.68"/>
      <code value="33667-7"/>
      <display value="Prostate specific Ag.protein bound [Mass/volume] in Serum or Plasma"/>
    </contains>
    <contains>
      <system value="http://loinc.org"/>
      <version value="2.68"/>
      <code value="34611-4"/>
      <display value="Prostate specific Ag [Mass/volume] in Urine"/>
    </contains>
    <contains>
      <system value="http://loinc.org"/>
      <version value="2.68"/>
      <code value="35741-8"/>
      <display value="Prostate specific Ag [Mass/volume] in Serum or Plasma by Detection limit &lt;= 0.01 ng/mL"/>
    </contains>
  </expansion>
</ValueSet>