{
  "resourceType": "ValueSet",
  "id": "2.16.840.1.113883.3.464.1003.198.12.1010",
  "text": {
    "status": "generated",
    "div": "<div xmlns=\"http://www.w3.org/1999/xhtml\"><p>This value set contains 22 concepts</p><table class=\"codes\"><tr><td style=\"white-space:nowrap\"><b>Code</b></td><td><b>System</b></td><td><b>Display</b></td><td><b>Definition</b></td></tr><tr><td style=\"white-space:nowrap\"><a name=\"http---www.ama-assn.org-go-cpt-45339\"> </a>45339</td><td>http://www.ama-assn.org/go/cpt</td><td>Sigmoidoscopy, flexible; with ablation of tumor(s), polyp(s), or other lesion(s) not amenable to removal by hot biopsy forceps, bipolar cautery or snare technique</td><td/></tr><tr><td style=\"white-space:nowrap\"><a name=\"http---www.ama-assn.org-go-cpt-45345\"> </a>45345</td><td>http://www.ama-assn.org/go/cpt</td><td>Sigmoidoscopy, flexible; with transendoscopic stent placement (includes predilation)</td><td/></tr><tr><td style=\"white-space:nowrap\"><a name=\"http---www.ama-assn.org-go-cpt-45330\"> </a>45330</td><td>http://www.ama-assn.org/go/cpt</td><td>Sigmoidoscopy, flexible; diagnostic, including collection of specimen(s) by brushing or washing, when performed (separate procedure)</td><td/></tr><tr><td style=\"white-space:nowrap\"><a name=\"http---www.ama-assn.org-go-cpt-45331\"> </a>45331</td><td>http://www.ama-assn.org/go/cpt</td><td>Sigmoidoscopy, flexible; with biopsy, single or multiple</td><td/></tr><tr><td style=\"white-space:nowrap\"><a name=\"http---www.ama-assn.org-go-cpt-45332\"> </a>45332</td><td>http://www.ama-assn.org/go/cpt</td><td>Sigmoidoscopy, flexible; with removal of foreign body(s)</td><td/></tr><tr><td style=\"white-space:nowrap\"><a name=\"http---www.ama-assn.org-go-cpt-45333\"> </a>45333</td><td>http://www.ama-assn.org/go/cpt</td><td>Sigmoidoscopy, flexible; with removal of tumor(s), polyp(s), or other lesion(s) by hot biopsy forceps</td><td/></tr><tr><td style=\"white-space:nowrap\"><a name=\"http---www.ama-assn.org-go-cpt-45334\"> </a>45334</td><td>http://www.ama-assn.org/go/cpt</td><td>Sigmoidoscopy, flexible; with control of bleeding, any method</td><td/></tr><tr><td style=\"white-space:nowrap\"><a name=\"http---www.ama-assn.org-go-cpt-45335\"> </a>45335</td><td>http://www.ama-assn.org/go/cpt</td><td>Sigmoidoscopy, flexible; with directed submucosal injection(s), any substance</td><td/></tr><tr><td style=\"white-space:nowrap\"><a name=\"http---www.ama-assn.org-go-cpt-45337\"> </a>45337</td><td>http://www.ama-assn.org/go/cpt</td><td>Sigmoidoscopy, flexible; with decompression (for pathologic distention) (eg, volvulus, megacolon), including placement of decompression tube, when performed</td><td/></tr><tr><td style=\"white-space:nowrap\"><a name=\"http---www.ama-assn.org-go-cpt-45338\"> </a>45338</td><td>http://www.ama-assn.org/go/cpt</td><td>Sigmoidoscopy, flexible; with removal of tumor(s), polyp(s), or other lesion(s) by snare technique</td><td/></tr><tr><td style=\"white-space:nowrap\"><a name=\"http---www.ama-assn.org-go-cpt-45340\"> </a>45340</td><td>http://www.ama-assn.org/go/cpt</td><td>Sigmoidoscopy, flexible; with transendoscopic balloon dilation</td><td/></tr><tr><td style=\"white-space:nowrap\"><a name=\"http---www.ama-assn.org-go-cpt-45341\"> </a>45341</td><td>http://www.ama-assn.org/go/cpt</td><td>Sigmoidoscopy, flexible; with endoscopic ultrasound examination</td><td/></tr><tr><td style=\"white-space:nowrap\"><a name=\"http---www.ama-assn.org-go-cpt-45342\"> </a>45342</td><td>http://www.ama-assn.org/go/cpt</td><td>Sigmoidoscopy, flexible; with transendoscopic ultrasound guided intramural or transmural fine needle aspiration/biopsy(s)</td><td/></tr><tr><td style=\"white-space:nowrap\"><a name=\"http---www.ama-assn.org-go-cpt-45346\"> </a>45346</td><td>http://www.ama-assn.org/go/cpt</td><td>Sigmoidoscopy, flexible; with ablation of tumor(s), polyp(s), or other lesion(s) (includes pre- and post-dilation and guide wire passage, when performed)</td><td/></tr><tr><td style=\"white-space:nowrap\"><a name=\"http---www.ama-assn.org-go-cpt-45347\"> </a>45347</td><td>http://www.ama-assn.org/go/cpt</td><td>Sigmoidoscopy, flexible; with placement of endoscopic stent (includes pre- and post-dilation and guide wire passage, when performed)</td><td/></tr><tr><td style=\"white-space:nowrap\"><a name=\"http---www.ama-assn.org-go-cpt-45349\"> </a>45349</td><td>http://www.ama-assn.org/go/cpt</td><td>Sigmoidoscopy, flexible; with endoscopic mucosal resection</td><td/></tr><tr><td style=\"white-space:nowrap\"><a name=\"http---www.ama-assn.org-go-cpt-45350\"> </a>45350</td><td>http://www.ama-assn.org/go/cpt</td><td>Sigmoidoscopy, flexible; with band ligation(s) (eg, hemorrhoids)</td><td/></tr><tr><td style=\"white-space:nowrap\"><a name=\"urn-oid-2.16.840.1.113883.6.285-G0104\"> </a>G0104</td><td>urn:oid:2.16.840.1.113883.6.285</td><td>Colorectal cancer screening; flexible sigmoidoscopy</td><td/></tr><tr><td style=\"white-space:nowrap\"><a name=\"http---snomed.info-sct-396226005\"> </a><a href=\"http://browser.ihtsdotools.org/?perspective=full&amp;conceptId1=396226005\">396226005</a></td><td>http://snomed.info/sct</td><td>Flexible fiberoptic sigmoidoscopy with biopsy (procedure)</td><td/></tr><tr><td style=\"white-space:nowrap\"><a name=\"http---snomed.info-sct-425634007\"> </a><a href=\"http://browser.ihtsdotools.org/?perspective=full&amp;conceptId1=425634007\">425634007</a></td><td>http://snomed.info/sct</td><td>Diagnostic endoscopic examination of lower bowel and sampling for bacterial overgrowth using fiberoptic sigmoidoscope (procedure)</td><td/></tr><tr><td style=\"white-space:nowrap\"><a name=\"http---snomed.info-sct-44441009\"> </a><a href=\"http://browser.ihtsdotools.org/?perspective=full&amp;conceptId1=44441009\">44441009</a></td><td>http://snomed.info/sct</td><td>Flexible fiberoptic sigmoidoscopy (procedure)</td><td/></tr><tr><td style=\"white-space:nowrap\"><a name=\"http---snomed.info-sct-841000119107\"> </a><a href=\"http://browser.ihtsdotools.org/?perspective=full&amp;conceptId1=841000119107\">841000119107</a></td><td>http://snomed.info/sct</td><td>History of flexible sigmoidoscopy (situation)</td><td/></tr></table></div>"
  },
  "url": "http://cts.nlm.nih.gov/fhir/ValueSet/2.16.840.1.113883.3.464.1003.198.12.1010",
  "identifier": [
    {
      "system": "urn:ietf:rfc:3986",
      "value": "2.16.840.1.113883.3.464.1003.198.12.1010"
    }
  ],
  "version": "1.0.0",
  "name": "FlexibleSigmoidoscopy",
  "title": "Flexible Sigmoidoscopy",
  "status": "active",
  "experimental": false,
  "date": "2021-09-03T16:48:06+00:00",
  "publisher": "U.S. Preventive Services Task Force (USPSTF)",
  "contact": [
    {
      "telecom": [
        {
          "system": "url",
          "value": "https://www.uspreventiveservicestaskforce.org/uspstf/"
        }
      ]
    }
  ],
  "jurisdiction": [
    {
      "coding": [
        {
          "system": "http://unstats.un.org/unsd/methods/m49/m49.htm",
          "code": "001"
        }
      ]
    }
  ],
  "expansion": {
    "identifier": "20200507",
    "timestamp": "2021-01-14T20:59:46-07:00",
    "contains": [
      {
        "system": "http://www.ama-assn.org/go/cpt",
        "version": "2014",
        "code": "45339",
        "display": "Sigmoidoscopy, flexible; with ablation of tumor(s), polyp(s), or other lesion(s) not amenable to removal by hot biopsy forceps, bipolar cautery or snare technique"
      },
      {
        "system": "http://www.ama-assn.org/go/cpt",
        "version": "2014",
        "code": "45345",
        "display": "Sigmoidoscopy, flexible; with transendoscopic stent placement (includes predilation)"
      },
      {
        "system": "http://www.ama-assn.org/go/cpt",
        "version": "2020",
        "code": "45330",
        "display": "Sigmoidoscopy, flexible; diagnostic, including collection of specimen(s) by brushing or washing, when performed (separate procedure)"
      },
      {
        "system": "http://www.ama-assn.org/go/cpt",
        "version": "2020",
        "code": "45331",
        "display": "Sigmoidoscopy, flexible; with biopsy, single or multiple"
      },
      {
        "system": "http://www.ama-assn.org/go/cpt",
        "version": "2020",
        "code": "45332",
        "display": "Sigmoidoscopy, flexible; with removal of foreign body(s)"
      },
      {
        "system": "http://www.ama-assn.org/go/cpt",
        "version": "2020",
        "code": "45333",
        "display": "Sigmoidoscopy, flexible; with removal of tumor(s), polyp(s), or other lesion(s) by hot biopsy forceps"
      },
      {
        "system": "http://www.ama-assn.org/go/cpt",
        "version": "2020",
        "code": "45334",
        "display": "Sigmoidoscopy, flexible; with control of bleeding, any method"
      },
      {
        "system": "http://www.ama-assn.org/go/cpt",
        "version": "2020",
        "code": "45335",
        "display": "Sigmoidoscopy, flexible; with directed submucosal injection(s), any substance"
      },
      {
        "system": "http://www.ama-assn.org/go/cpt",
        "version": "2020",
        "code": "45337",
        "display": "Sigmoidoscopy, flexible; with decompression (for pathologic distention) (eg, volvulus, megacolon), including placement of decompression tube, when performed"
      },
      {
        "system": "http://www.ama-assn.org/go/cpt",
        "version": "2020",
        "code": "45338",
        "display": "Sigmoidoscopy, flexible; with removal of tumor(s), polyp(s), or other lesion(s) by snare technique"
      },
      {
        "system": "http://www.ama-assn.org/go/cpt",
        "version": "2020",
        "code": "45340",
        "display": "Sigmoidoscopy, flexible; with transendoscopic balloon dilation"
      },
      {
        "system": "http://www.ama-assn.org/go/cpt",
        "version": "2020",
        "code": "45341",
        "display": "Sigmoidoscopy, flexible; with endoscopic ultrasound examination"
      },
      {
        "system": "http://www.ama-assn.org/go/cpt",
        "version": "2020",
        "code": "45342",
        "display": "Sigmoidoscopy, flexible; with transendoscopic ultrasound guided intramural or transmural fine needle aspiration/biopsy(s)"
      },
      {
        "system": "http://www.ama-assn.org/go/cpt",
        "version": "2020",
        "code": "45346",
        "display": "Sigmoidoscopy, flexible; with ablation of tumor(s), polyp(s), or other lesion(s) (includes pre- and post-dilation and guide wire passage, when performed)"
      },
      {
        "system": "http://www.ama-assn.org/go/cpt",
        "version": "2020",
        "code": "45347",
        "display": "Sigmoidoscopy, flexible; with placement of endoscopic stent (includes pre- and post-dilation and guide wire passage, when performed)"
      },
      {
        "system": "http://www.ama-assn.org/go/cpt",
        "version": "2020",
        "code": "45349",
        "display": "Sigmoidoscopy, flexible; with endoscopic mucosal resection"
      },
      {
        "system": "http://www.ama-assn.org/go/cpt",
        "version": "2020",
        "code": "45350",
        "display": "Sigmoidoscopy, flexible; with band ligation(s) (eg, hemorrhoids)"
      },
      {
        "system": "urn:oid:2.16.840.1.113883.6.285",
        "version": "2020",
        "code": "G0104",
        "display": "Colorectal cancer screening; flexible sigmoidoscopy"
      },
      {
        "system": "http://snomed.info/sct",
        "version": "2019-09",
        "code": "396226005",
        "display": "Flexible fiberoptic sigmoidoscopy with biopsy (procedure)"
      },
      {
        "system": "http://snomed.info/sct",
        "version": "2019-09",
        "code": "425634007",
        "display": "Diagnostic endoscopic examination of lower bowel and sampling for bacterial overgrowth using fiberoptic sigmoidoscope (procedure)"
      },
      {
        "system": "http://snomed.info/sct",
        "version": "2019-09",
        "code": "44441009",
        "display": "Flexible fiberoptic sigmoidoscopy (procedure)"
      },
      {
        "system": "http://snomed.info/sct",
        "version": "2019-09",
        "code": "841000119107",
        "display": "History of flexible sigmoidoscopy (situation)"
      }
    ]
  }
}