{
  "resourceType": "ValueSet",
  "id": "2.16.840.1.113883.3.464.1003.198.12.1068",
  "text": {
    "status": "generated",
    "div": "<div xmlns=\"http://www.w3.org/1999/xhtml\"><p>This value set contains 3 concepts</p><table class=\"codes\"><tr><td style=\"white-space:nowrap\"><b>Code</b></td><td><b>System</b></td><td><b>Display</b></td><td><b>Definition</b></td></tr><tr><td style=\"white-space:nowrap\"><a name=\"http---hl7.org-fhir-sid-icd-10-cm-Z90.13\"> </a>Z90.13</td><td>http://hl7.org/fhir/sid/icd-10-cm</td><td>Acquired absence of bilateral breasts and nipples</td><td/></tr><tr><td style=\"white-space:nowrap\"><a name=\"http---snomed.info-sct-136071000119101\"> </a><a href=\"http://browser.ihtsdotools.org/?perspective=full&amp;conceptId1=136071000119101\">136071000119101</a></td><td>http://snomed.info/sct</td><td>History of bilateral prophylactic mastectomy (situation)</td><td/></tr><tr><td style=\"white-space:nowrap\"><a name=\"http---snomed.info-sct-428529004\"> </a><a href=\"http://browser.ihtsdotools.org/?perspective=full&amp;conceptId1=428529004\">428529004</a></td><td>http://snomed.info/sct</td><td>History of bilateral mastectomy (situation)</td><td/></tr></table></div>"
  },
  "url": "http://cts.nlm.nih.gov/fhir/ValueSet/2.16.840.1.113883.3.464.1003.198.12.1068",
  "identifier": [
    {
      "system": "urn:ietf:rfc:3986",
      "value": "2.16.840.1.113883.3.464.1003.198.12.1068"
    }
  ],
  "version": "1.0.0",
  "name": "Historyofbilateralmastectomy",
  "title": "History of bilateral mastectomy",
  "status": "active",
  "experimental": false,
  "date": "2021-09-03T16:48:06+00:00",
  "publisher": "U.S. Preventive Services Task Force (USPSTF)",
  "contact": [
    {
      "telecom": [
        {
          "system": "url",
          "value": "https://www.uspreventiveservicestaskforce.org/uspstf/"
        }
      ]
    }
  ],
  "jurisdiction": [
    {
      "coding": [
        {
          "system": "http://unstats.un.org/unsd/methods/m49/m49.htm",
          "code": "001"
        }
      ]
    }
  ],
  "expansion": {
    "identifier": "20200507",
    "timestamp": "2021-01-14T20:59:46-07:00",
    "contains": [
      {
        "system": "http://hl7.org/fhir/sid/icd-10-cm",
        "version": "2020",
        "code": "Z90.13",
        "display": "Acquired absence of bilateral breasts and nipples"
      },
      {
        "system": "http://snomed.info/sct",
        "version": "2019-09",
        "code": "136071000119101",
        "display": "History of bilateral prophylactic mastectomy (situation)"
      },
      {
        "system": "http://snomed.info/sct",
        "version": "2019-09",
        "code": "428529004",
        "display": "History of bilateral mastectomy (situation)"
      }
    ]
  }
}