{
  "resourceType": "ValueSet",
  "id": "2.16.840.1.113883.3.464.1003.108.12.1020",
  "text": {
    "status": "generated",
    "div": "<div xmlns=\"http://www.w3.org/1999/xhtml\"><p>This value set contains 54 concepts</p><table class=\"codes\"><tr><td style=\"white-space:nowrap\"><b>Code</b></td><td><b>System</b></td><td><b>Display</b></td><td><b>Definition</b></td></tr><tr><td style=\"white-space:nowrap\"><a name=\"http---www.ama-assn.org-go-cpt-44388\"> </a>44388</td><td>http://www.ama-assn.org/go/cpt</td><td>Colonoscopy through stoma; diagnostic, including collection of specimen(s) by brushing or washing, when performed (separate procedure)</td><td/></tr><tr><td style=\"white-space:nowrap\"><a name=\"http---www.ama-assn.org-go-cpt-44389\"> </a>44389</td><td>http://www.ama-assn.org/go/cpt</td><td>Colonoscopy through stoma; with biopsy, single or multiple</td><td/></tr><tr><td style=\"white-space:nowrap\"><a name=\"http---www.ama-assn.org-go-cpt-44390\"> </a>44390</td><td>http://www.ama-assn.org/go/cpt</td><td>Colonoscopy through stoma; with removal of foreign body(s)</td><td/></tr><tr><td style=\"white-space:nowrap\"><a name=\"http---www.ama-assn.org-go-cpt-44391\"> </a>44391</td><td>http://www.ama-assn.org/go/cpt</td><td>Colonoscopy through stoma; with control of bleeding, any method</td><td/></tr><tr><td style=\"white-space:nowrap\"><a name=\"http---www.ama-assn.org-go-cpt-44392\"> </a>44392</td><td>http://www.ama-assn.org/go/cpt</td><td>Colonoscopy through stoma; with removal of tumor(s), polyp(s), or other lesion(s) by hot biopsy forceps</td><td/></tr><tr><td style=\"white-space:nowrap\"><a name=\"http---www.ama-assn.org-go-cpt-44394\"> </a>44394</td><td>http://www.ama-assn.org/go/cpt</td><td>Colonoscopy through stoma; with removal of tumor(s), polyp(s), or other lesion(s) by snare technique</td><td/></tr><tr><td style=\"white-space:nowrap\"><a name=\"http---www.ama-assn.org-go-cpt-44401\"> </a>44401</td><td>http://www.ama-assn.org/go/cpt</td><td>Colonoscopy through stoma; with ablation of tumor(s), polyp(s), or other lesion(s) (includes pre-and post-dilation and guide wire passage, when performed)</td><td/></tr><tr><td style=\"white-space:nowrap\"><a name=\"http---www.ama-assn.org-go-cpt-44402\"> </a>44402</td><td>http://www.ama-assn.org/go/cpt</td><td>Colonoscopy through stoma; with endoscopic stent placement (including pre- and post-dilation and guide wire passage, when performed)</td><td/></tr><tr><td style=\"white-space:nowrap\"><a name=\"http---www.ama-assn.org-go-cpt-44403\"> </a>44403</td><td>http://www.ama-assn.org/go/cpt</td><td>Colonoscopy through stoma; with endoscopic mucosal resection</td><td/></tr><tr><td style=\"white-space:nowrap\"><a name=\"http---www.ama-assn.org-go-cpt-44404\"> </a>44404</td><td>http://www.ama-assn.org/go/cpt</td><td>Colonoscopy through stoma; with directed submucosal injection(s), any substance</td><td/></tr><tr><td style=\"white-space:nowrap\"><a name=\"http---www.ama-assn.org-go-cpt-44405\"> </a>44405</td><td>http://www.ama-assn.org/go/cpt</td><td>Colonoscopy through stoma; with transendoscopic balloon dilation</td><td/></tr><tr><td style=\"white-space:nowrap\"><a name=\"http---www.ama-assn.org-go-cpt-44406\"> </a>44406</td><td>http://www.ama-assn.org/go/cpt</td><td>Colonoscopy through stoma; with endoscopic ultrasound examination, limited to the sigmoid, descending, transverse, or ascending colon and cecum and adjacent structures</td><td/></tr><tr><td style=\"white-space:nowrap\"><a name=\"http---www.ama-assn.org-go-cpt-44407\"> </a>44407</td><td>http://www.ama-assn.org/go/cpt</td><td>Colonoscopy through stoma; with transendoscopic ultrasound guided intramural or transmural fine needle aspiration/biopsy(s), includes endoscopic ultrasound examination limited to the sigmoid, descending, transverse, or ascending colon and cecum and adjacent structures</td><td/></tr><tr><td style=\"white-space:nowrap\"><a name=\"http---www.ama-assn.org-go-cpt-44408\"> </a>44408</td><td>http://www.ama-assn.org/go/cpt</td><td>Colonoscopy through stoma; with decompression (for pathologic distention) (eg, volvulus, megacolon), including placement of decompression tube, when performed</td><td/></tr><tr><td style=\"white-space:nowrap\"><a name=\"http---www.ama-assn.org-go-cpt-45378\"> </a>45378</td><td>http://www.ama-assn.org/go/cpt</td><td>Colonoscopy, flexible; diagnostic, including collection of specimen(s) by brushing or washing, when performed (separate procedure)</td><td/></tr><tr><td style=\"white-space:nowrap\"><a name=\"http---www.ama-assn.org-go-cpt-45379\"> </a>45379</td><td>http://www.ama-assn.org/go/cpt</td><td>Colonoscopy, flexible; with removal of foreign body(s)</td><td/></tr><tr><td style=\"white-space:nowrap\"><a name=\"http---www.ama-assn.org-go-cpt-45380\"> </a>45380</td><td>http://www.ama-assn.org/go/cpt</td><td>Colonoscopy, flexible; with biopsy, single or multiple</td><td/></tr><tr><td style=\"white-space:nowrap\"><a name=\"http---www.ama-assn.org-go-cpt-45381\"> </a>45381</td><td>http://www.ama-assn.org/go/cpt</td><td>Colonoscopy, flexible; with directed submucosal injection(s), any substance</td><td/></tr><tr><td style=\"white-space:nowrap\"><a name=\"http---www.ama-assn.org-go-cpt-45382\"> </a>45382</td><td>http://www.ama-assn.org/go/cpt</td><td>Colonoscopy, flexible; with control of bleeding, any method</td><td/></tr><tr><td style=\"white-space:nowrap\"><a name=\"http---www.ama-assn.org-go-cpt-45384\"> </a>45384</td><td>http://www.ama-assn.org/go/cpt</td><td>Colonoscopy, flexible; with removal of tumor(s), polyp(s), or other lesion(s) by hot biopsy forceps</td><td/></tr><tr><td style=\"white-space:nowrap\"><a name=\"http---www.ama-assn.org-go-cpt-45385\"> </a>45385</td><td>http://www.ama-assn.org/go/cpt</td><td>Colonoscopy, flexible; with removal of tumor(s), polyp(s), or other lesion(s) by snare technique</td><td/></tr><tr><td style=\"white-space:nowrap\"><a name=\"http---www.ama-assn.org-go-cpt-45386\"> </a>45386</td><td>http://www.ama-assn.org/go/cpt</td><td>Colonoscopy, flexible; with transendoscopic balloon dilation</td><td/></tr><tr><td style=\"white-space:nowrap\"><a name=\"http---www.ama-assn.org-go-cpt-45388\"> </a>45388</td><td>http://www.ama-assn.org/go/cpt</td><td>Colonoscopy, flexible; with ablation of tumor(s), polyp(s), or other lesion(s) (includes pre- and post-dilation and guide wire passage, when performed)</td><td/></tr><tr><td style=\"white-space:nowrap\"><a name=\"http---www.ama-assn.org-go-cpt-45389\"> </a>45389</td><td>http://www.ama-assn.org/go/cpt</td><td>Colonoscopy, flexible; with endoscopic stent placement (includes pre- and post-dilation and guide wire passage, when performed)</td><td/></tr><tr><td style=\"white-space:nowrap\"><a name=\"http---www.ama-assn.org-go-cpt-45390\"> </a>45390</td><td>http://www.ama-assn.org/go/cpt</td><td>Colonoscopy, flexible; with endoscopic mucosal resection</td><td/></tr><tr><td style=\"white-space:nowrap\"><a name=\"http---www.ama-assn.org-go-cpt-45391\"> </a>45391</td><td>http://www.ama-assn.org/go/cpt</td><td>Colonoscopy, flexible; with endoscopic ultrasound examination limited to the rectum, sigmoid, descending, transverse, or ascending colon and cecum, and adjacent structures</td><td/></tr><tr><td style=\"white-space:nowrap\"><a name=\"http---www.ama-assn.org-go-cpt-45392\"> </a>45392</td><td>http://www.ama-assn.org/go/cpt</td><td>Colonoscopy, flexible; with transendoscopic ultrasound guided intramural or transmural fine needle aspiration/biopsy(s), includes endoscopic ultrasound examination limited to the rectum, sigmoid, descending, transverse, or ascending colon and cecum, and adjacent structures</td><td/></tr><tr><td style=\"white-space:nowrap\"><a name=\"http---www.ama-assn.org-go-cpt-45393\"> </a>45393</td><td>http://www.ama-assn.org/go/cpt</td><td>Colonoscopy, flexible; with decompression (for pathologic distention) (eg, volvulus, megacolon), including placement of decompression tube, when performed</td><td/></tr><tr><td style=\"white-space:nowrap\"><a name=\"http---www.ama-assn.org-go-cpt-45398\"> </a>45398</td><td>http://www.ama-assn.org/go/cpt</td><td>Colonoscopy, flexible; with band ligation(s) (eg, hemorrhoids)</td><td/></tr><tr><td style=\"white-space:nowrap\"><a name=\"urn-oid-2.16.840.1.113883.6.285-G0105\"> </a>G0105</td><td>urn:oid:2.16.840.1.113883.6.285</td><td>Colorectal cancer screening; colonoscopy on individual at high risk</td><td/></tr><tr><td style=\"white-space:nowrap\"><a name=\"urn-oid-2.16.840.1.113883.6.285-G0121\"> </a>G0121</td><td>urn:oid:2.16.840.1.113883.6.285</td><td>Colorectal cancer screening; colonoscopy on individual not meeting criteria for high risk</td><td/></tr><tr><td style=\"white-space:nowrap\"><a name=\"http---snomed.info-sct-12350003\"> </a><a href=\"http://browser.ihtsdotools.org/?perspective=full&amp;conceptId1=12350003\">12350003</a></td><td>http://snomed.info/sct</td><td>Colonoscopy with rigid sigmoidoscope through colotomy (procedure)</td><td/></tr><tr><td style=\"white-space:nowrap\"><a name=\"http---snomed.info-sct-174158000\"> </a><a href=\"http://browser.ihtsdotools.org/?perspective=full&amp;conceptId1=174158000\">174158000</a></td><td>http://snomed.info/sct</td><td>Open colonoscopy (procedure)</td><td/></tr><tr><td style=\"white-space:nowrap\"><a name=\"http---snomed.info-sct-235150006\"> </a><a href=\"http://browser.ihtsdotools.org/?perspective=full&amp;conceptId1=235150006\">235150006</a></td><td>http://snomed.info/sct</td><td>Total colonoscopy (procedure)</td><td/></tr><tr><td style=\"white-space:nowrap\"><a name=\"http---snomed.info-sct-235151005\"> </a><a href=\"http://browser.ihtsdotools.org/?perspective=full&amp;conceptId1=235151005\">235151005</a></td><td>http://snomed.info/sct</td><td>Limited colonoscopy (procedure)</td><td/></tr><tr><td style=\"white-space:nowrap\"><a name=\"http---snomed.info-sct-25732003\"> </a><a href=\"http://browser.ihtsdotools.org/?perspective=full&amp;conceptId1=25732003\">25732003</a></td><td>http://snomed.info/sct</td><td>Fiberoptic colonoscopy with biopsy (procedure)</td><td/></tr><tr><td style=\"white-space:nowrap\"><a name=\"http---snomed.info-sct-310634005\"> </a><a href=\"http://browser.ihtsdotools.org/?perspective=full&amp;conceptId1=310634005\">310634005</a></td><td>http://snomed.info/sct</td><td>Check colonoscopy (procedure)</td><td/></tr><tr><td style=\"white-space:nowrap\"><a name=\"http---snomed.info-sct-34264006\"> </a><a href=\"http://browser.ihtsdotools.org/?perspective=full&amp;conceptId1=34264006\">34264006</a></td><td>http://snomed.info/sct</td><td>Intraoperative colonoscopy (procedure)</td><td/></tr><tr><td style=\"white-space:nowrap\"><a name=\"http---snomed.info-sct-367535003\"> </a><a href=\"http://browser.ihtsdotools.org/?perspective=full&amp;conceptId1=367535003\">367535003</a></td><td>http://snomed.info/sct</td><td>Fiberoptic colonoscopy (procedure)</td><td/></tr><tr><td style=\"white-space:nowrap\"><a name=\"http---snomed.info-sct-425672002\"> </a><a href=\"http://browser.ihtsdotools.org/?perspective=full&amp;conceptId1=425672002\">425672002</a></td><td>http://snomed.info/sct</td><td>Diagnostic endoscopic examination of ileoanal pouch and biopsy of ileoanal pouch using colonoscope (procedure)</td><td/></tr><tr><td style=\"white-space:nowrap\"><a name=\"http---snomed.info-sct-425937002\"> </a><a href=\"http://browser.ihtsdotools.org/?perspective=full&amp;conceptId1=425937002\">425937002</a></td><td>http://snomed.info/sct</td><td>Diagnostic endoscopic examination of enteric pouch using colonoscope (procedure)</td><td/></tr><tr><td style=\"white-space:nowrap\"><a name=\"http---snomed.info-sct-427459009\"> </a><a href=\"http://browser.ihtsdotools.org/?perspective=full&amp;conceptId1=427459009\">427459009</a></td><td>http://snomed.info/sct</td><td>Diagnostic endoscopic examination of colonic pouch and biopsy of colonic pouch using colonoscope (procedure)</td><td/></tr><tr><td style=\"white-space:nowrap\"><a name=\"http---snomed.info-sct-443998000\"> </a><a href=\"http://browser.ihtsdotools.org/?perspective=full&amp;conceptId1=443998000\">443998000</a></td><td>http://snomed.info/sct</td><td>Colonoscopy through colostomy with endoscopic biopsy of colon (procedure)</td><td/></tr><tr><td style=\"white-space:nowrap\"><a name=\"http---snomed.info-sct-444783004\"> </a><a href=\"http://browser.ihtsdotools.org/?perspective=full&amp;conceptId1=444783004\">444783004</a></td><td>http://snomed.info/sct</td><td>Screening colonoscopy (procedure)</td><td/></tr><tr><td style=\"white-space:nowrap\"><a name=\"http---snomed.info-sct-446521004\"> </a><a href=\"http://browser.ihtsdotools.org/?perspective=full&amp;conceptId1=446521004\">446521004</a></td><td>http://snomed.info/sct</td><td>Colonoscopy and excision of mucosa of colon (procedure)</td><td/></tr><tr><td style=\"white-space:nowrap\"><a name=\"http---snomed.info-sct-446745002\"> </a><a href=\"http://browser.ihtsdotools.org/?perspective=full&amp;conceptId1=446745002\">446745002</a></td><td>http://snomed.info/sct</td><td>Colonoscopy and biopsy of colon (procedure)</td><td/></tr><tr><td style=\"white-space:nowrap\"><a name=\"http---snomed.info-sct-447021001\"> </a><a href=\"http://browser.ihtsdotools.org/?perspective=full&amp;conceptId1=447021001\">447021001</a></td><td>http://snomed.info/sct</td><td>Colonoscopy and tattooing (procedure)</td><td/></tr><tr><td style=\"white-space:nowrap\"><a name=\"http---snomed.info-sct-709421007\"> </a><a href=\"http://browser.ihtsdotools.org/?perspective=full&amp;conceptId1=709421007\">709421007</a></td><td>http://snomed.info/sct</td><td>Colonoscopy and dilatation of stricture of colon (procedure)</td><td/></tr><tr><td style=\"white-space:nowrap\"><a name=\"http---snomed.info-sct-710293001\"> </a><a href=\"http://browser.ihtsdotools.org/?perspective=full&amp;conceptId1=710293001\">710293001</a></td><td>http://snomed.info/sct</td><td>Colonoscopy using fluoroscopic guidance (procedure)</td><td/></tr><tr><td style=\"white-space:nowrap\"><a name=\"http---snomed.info-sct-711307001\"> </a><a href=\"http://browser.ihtsdotools.org/?perspective=full&amp;conceptId1=711307001\">711307001</a></td><td>http://snomed.info/sct</td><td>Colonoscopy using X-ray guidance (procedure)</td><td/></tr><tr><td style=\"white-space:nowrap\"><a name=\"http---snomed.info-sct-713154003\"> </a><a href=\"http://browser.ihtsdotools.org/?perspective=full&amp;conceptId1=713154003\">713154003</a></td><td>http://snomed.info/sct</td><td>Endoscopic submucosal dissection of rectum using colonoscope (procedure)</td><td/></tr><tr><td style=\"white-space:nowrap\"><a name=\"http---snomed.info-sct-73761001\"> </a><a href=\"http://browser.ihtsdotools.org/?perspective=full&amp;conceptId1=73761001\">73761001</a></td><td>http://snomed.info/sct</td><td>Colonoscopy (procedure)</td><td/></tr><tr><td style=\"white-space:nowrap\"><a name=\"http---snomed.info-sct-8180007\"> </a><a href=\"http://browser.ihtsdotools.org/?perspective=full&amp;conceptId1=8180007\">8180007</a></td><td>http://snomed.info/sct</td><td>Fiberoptic colonoscopy through colostomy (procedure)</td><td/></tr><tr><td style=\"white-space:nowrap\"><a name=\"http---snomed.info-sct-851000119109\"> </a><a href=\"http://browser.ihtsdotools.org/?perspective=full&amp;conceptId1=851000119109\">851000119109</a></td><td>http://snomed.info/sct</td><td>History of colonoscopy (situation)</td><td/></tr></table></div>"
  },
  "url": "http://cts.nlm.nih.gov/fhir/ValueSet/2.16.840.1.113883.3.464.1003.108.12.1020",
  "identifier": [
    {
      "system": "urn:ietf:rfc:3986",
      "value": "2.16.840.1.113883.3.464.1003.108.12.1020"
    }
  ],
  "version": "1.0.0",
  "name": "Colonoscopy",
  "title": "Colonoscopy",
  "status": "active",
  "experimental": false,
  "date": "2021-09-03T16:48:06+00:00",
  "publisher": "U.S. Preventive Services Task Force (USPSTF)",
  "contact": [
    {
      "telecom": [
        {
          "system": "url",
          "value": "https://www.uspreventiveservicestaskforce.org/uspstf/"
        }
      ]
    }
  ],
  "jurisdiction": [
    {
      "coding": [
        {
          "system": "http://unstats.un.org/unsd/methods/m49/m49.htm",
          "code": "001"
        }
      ]
    }
  ],
  "expansion": {
    "identifier": "20200507",
    "timestamp": "2021-01-14T20:59:46-07:00",
    "contains": [
      {
        "system": "http://www.ama-assn.org/go/cpt",
        "version": "2020",
        "code": "44388",
        "display": "Colonoscopy through stoma; diagnostic, including collection of specimen(s) by brushing or washing, when performed (separate procedure)"
      },
      {
        "system": "http://www.ama-assn.org/go/cpt",
        "version": "2020",
        "code": "44389",
        "display": "Colonoscopy through stoma; with biopsy, single or multiple"
      },
      {
        "system": "http://www.ama-assn.org/go/cpt",
        "version": "2020",
        "code": "44390",
        "display": "Colonoscopy through stoma; with removal of foreign body(s)"
      },
      {
        "system": "http://www.ama-assn.org/go/cpt",
        "version": "2020",
        "code": "44391",
        "display": "Colonoscopy through stoma; with control of bleeding, any method"
      },
      {
        "system": "http://www.ama-assn.org/go/cpt",
        "version": "2020",
        "code": "44392",
        "display": "Colonoscopy through stoma; with removal of tumor(s), polyp(s), or other lesion(s) by hot biopsy forceps"
      },
      {
        "system": "http://www.ama-assn.org/go/cpt",
        "version": "2020",
        "code": "44394",
        "display": "Colonoscopy through stoma; with removal of tumor(s), polyp(s), or other lesion(s) by snare technique"
      },
      {
        "system": "http://www.ama-assn.org/go/cpt",
        "version": "2020",
        "code": "44401",
        "display": "Colonoscopy through stoma; with ablation of tumor(s), polyp(s), or other lesion(s) (includes pre-and post-dilation and guide wire passage, when performed)"
      },
      {
        "system": "http://www.ama-assn.org/go/cpt",
        "version": "2020",
        "code": "44402",
        "display": "Colonoscopy through stoma; with endoscopic stent placement (including pre- and post-dilation and guide wire passage, when performed)"
      },
      {
        "system": "http://www.ama-assn.org/go/cpt",
        "version": "2020",
        "code": "44403",
        "display": "Colonoscopy through stoma; with endoscopic mucosal resection"
      },
      {
        "system": "http://www.ama-assn.org/go/cpt",
        "version": "2020",
        "code": "44404",
        "display": "Colonoscopy through stoma; with directed submucosal injection(s), any substance"
      },
      {
        "system": "http://www.ama-assn.org/go/cpt",
        "version": "2020",
        "code": "44405",
        "display": "Colonoscopy through stoma; with transendoscopic balloon dilation"
      },
      {
        "system": "http://www.ama-assn.org/go/cpt",
        "version": "2020",
        "code": "44406",
        "display": "Colonoscopy through stoma; with endoscopic ultrasound examination, limited to the sigmoid, descending, transverse, or ascending colon and cecum and adjacent structures"
      },
      {
        "system": "http://www.ama-assn.org/go/cpt",
        "version": "2020",
        "code": "44407",
        "display": "Colonoscopy through stoma; with transendoscopic ultrasound guided intramural or transmural fine needle aspiration/biopsy(s), includes endoscopic ultrasound examination limited to the sigmoid, descending, transverse, or ascending colon and cecum and adjacent structures"
      },
      {
        "system": "http://www.ama-assn.org/go/cpt",
        "version": "2020",
        "code": "44408",
        "display": "Colonoscopy through stoma; with decompression (for pathologic distention) (eg, volvulus, megacolon), including placement of decompression tube, when performed"
      },
      {
        "system": "http://www.ama-assn.org/go/cpt",
        "version": "2020",
        "code": "45378",
        "display": "Colonoscopy, flexible; diagnostic, including collection of specimen(s) by brushing or washing, when performed (separate procedure)"
      },
      {
        "system": "http://www.ama-assn.org/go/cpt",
        "version": "2020",
        "code": "45379",
        "display": "Colonoscopy, flexible; with removal of foreign body(s)"
      },
      {
        "system": "http://www.ama-assn.org/go/cpt",
        "version": "2020",
        "code": "45380",
        "display": "Colonoscopy, flexible; with biopsy, single or multiple"
      },
      {
        "system": "http://www.ama-assn.org/go/cpt",
        "version": "2020",
        "code": "45381",
        "display": "Colonoscopy, flexible; with directed submucosal injection(s), any substance"
      },
      {
        "system": "http://www.ama-assn.org/go/cpt",
        "version": "2020",
        "code": "45382",
        "display": "Colonoscopy, flexible; with control of bleeding, any method"
      },
      {
        "system": "http://www.ama-assn.org/go/cpt",
        "version": "2020",
        "code": "45384",
        "display": "Colonoscopy, flexible; with removal of tumor(s), polyp(s), or other lesion(s) by hot biopsy forceps"
      },
      {
        "system": "http://www.ama-assn.org/go/cpt",
        "version": "2020",
        "code": "45385",
        "display": "Colonoscopy, flexible; with removal of tumor(s), polyp(s), or other lesion(s) by snare technique"
      },
      {
        "system": "http://www.ama-assn.org/go/cpt",
        "version": "2020",
        "code": "45386",
        "display": "Colonoscopy, flexible; with transendoscopic balloon dilation"
      },
      {
        "system": "http://www.ama-assn.org/go/cpt",
        "version": "2020",
        "code": "45388",
        "display": "Colonoscopy, flexible; with ablation of tumor(s), polyp(s), or other lesion(s) (includes pre- and post-dilation and guide wire passage, when performed)"
      },
      {
        "system": "http://www.ama-assn.org/go/cpt",
        "version": "2020",
        "code": "45389",
        "display": "Colonoscopy, flexible; with endoscopic stent placement (includes pre- and post-dilation and guide wire passage, when performed)"
      },
      {
        "system": "http://www.ama-assn.org/go/cpt",
        "version": "2020",
        "code": "45390",
        "display": "Colonoscopy, flexible; with endoscopic mucosal resection"
      },
      {
        "system": "http://www.ama-assn.org/go/cpt",
        "version": "2020",
        "code": "45391",
        "display": "Colonoscopy, flexible; with endoscopic ultrasound examination limited to the rectum, sigmoid, descending, transverse, or ascending colon and cecum, and adjacent structures"
      },
      {
        "system": "http://www.ama-assn.org/go/cpt",
        "version": "2020",
        "code": "45392",
        "display": "Colonoscopy, flexible; with transendoscopic ultrasound guided intramural or transmural fine needle aspiration/biopsy(s), includes endoscopic ultrasound examination limited to the rectum, sigmoid, descending, transverse, or ascending colon and cecum, and adjacent structures"
      },
      {
        "system": "http://www.ama-assn.org/go/cpt",
        "version": "2020",
        "code": "45393",
        "display": "Colonoscopy, flexible; with decompression (for pathologic distention) (eg, volvulus, megacolon), including placement of decompression tube, when performed"
      },
      {
        "system": "http://www.ama-assn.org/go/cpt",
        "version": "2020",
        "code": "45398",
        "display": "Colonoscopy, flexible; with band ligation(s) (eg, hemorrhoids)"
      },
      {
        "system": "urn:oid:2.16.840.1.113883.6.285",
        "version": "2020",
        "code": "G0105",
        "display": "Colorectal cancer screening; colonoscopy on individual at high risk"
      },
      {
        "system": "urn:oid:2.16.840.1.113883.6.285",
        "version": "2020",
        "code": "G0121",
        "display": "Colorectal cancer screening; colonoscopy on individual not meeting criteria for high risk"
      },
      {
        "system": "http://snomed.info/sct",
        "version": "2019-09",
        "code": "12350003",
        "display": "Colonoscopy with rigid sigmoidoscope through colotomy (procedure)"
      },
      {
        "system": "http://snomed.info/sct",
        "version": "2019-09",
        "code": "174158000",
        "display": "Open colonoscopy (procedure)"
      },
      {
        "system": "http://snomed.info/sct",
        "version": "2019-09",
        "code": "235150006",
        "display": "Total colonoscopy (procedure)"
      },
      {
        "system": "http://snomed.info/sct",
        "version": "2019-09",
        "code": "235151005",
        "display": "Limited colonoscopy (procedure)"
      },
      {
        "system": "http://snomed.info/sct",
        "version": "2019-09",
        "code": "25732003",
        "display": "Fiberoptic colonoscopy with biopsy (procedure)"
      },
      {
        "system": "http://snomed.info/sct",
        "version": "2019-09",
        "code": "310634005",
        "display": "Check colonoscopy (procedure)"
      },
      {
        "system": "http://snomed.info/sct",
        "version": "2019-09",
        "code": "34264006",
        "display": "Intraoperative colonoscopy (procedure)"
      },
      {
        "system": "http://snomed.info/sct",
        "version": "2019-09",
        "code": "367535003",
        "display": "Fiberoptic colonoscopy (procedure)"
      },
      {
        "system": "http://snomed.info/sct",
        "version": "2019-09",
        "code": "425672002",
        "display": "Diagnostic endoscopic examination of ileoanal pouch and biopsy of ileoanal pouch using colonoscope (procedure)"
      },
      {
        "system": "http://snomed.info/sct",
        "version": "2019-09",
        "code": "425937002",
        "display": "Diagnostic endoscopic examination of enteric pouch using colonoscope (procedure)"
      },
      {
        "system": "http://snomed.info/sct",
        "version": "2019-09",
        "code": "427459009",
        "display": "Diagnostic endoscopic examination of colonic pouch and biopsy of colonic pouch using colonoscope (procedure)"
      },
      {
        "system": "http://snomed.info/sct",
        "version": "2019-09",
        "code": "443998000",
        "display": "Colonoscopy through colostomy with endoscopic biopsy of colon (procedure)"
      },
      {
        "system": "http://snomed.info/sct",
        "version": "2019-09",
        "code": "444783004",
        "display": "Screening colonoscopy (procedure)"
      },
      {
        "system": "http://snomed.info/sct",
        "version": "2019-09",
        "code": "446521004",
        "display": "Colonoscopy and excision of mucosa of colon (procedure)"
      },
      {
        "system": "http://snomed.info/sct",
        "version": "2019-09",
        "code": "446745002",
        "display": "Colonoscopy and biopsy of colon (procedure)"
      },
      {
        "system": "http://snomed.info/sct",
        "version": "2019-09",
        "code": "447021001",
        "display": "Colonoscopy and tattooing (procedure)"
      },
      {
        "system": "http://snomed.info/sct",
        "version": "2019-09",
        "code": "709421007",
        "display": "Colonoscopy and dilatation of stricture of colon (procedure)"
      },
      {
        "system": "http://snomed.info/sct",
        "version": "2019-09",
        "code": "710293001",
        "display": "Colonoscopy using fluoroscopic guidance (procedure)"
      },
      {
        "system": "http://snomed.info/sct",
        "version": "2019-09",
        "code": "711307001",
        "display": "Colonoscopy using X-ray guidance (procedure)"
      },
      {
        "system": "http://snomed.info/sct",
        "version": "2019-09",
        "code": "713154003",
        "display": "Endoscopic submucosal dissection of rectum using colonoscope (procedure)"
      },
      {
        "system": "http://snomed.info/sct",
        "version": "2019-09",
        "code": "73761001",
        "display": "Colonoscopy (procedure)"
      },
      {
        "system": "http://snomed.info/sct",
        "version": "2019-09",
        "code": "8180007",
        "display": "Fiberoptic colonoscopy through colostomy (procedure)"
      },
      {
        "system": "http://snomed.info/sct",
        "version": "2019-09",
        "code": "851000119109",
        "display": "History of colonoscopy (situation)"
      }
    ]
  }
}