{
  "resourceType": "ValueSet",
  "id": "2.16.840.1.113883.3.464.1003.198.12.1069",
  "text": {
    "status": "generated",
    "div": "<div xmlns=\"http://www.w3.org/1999/xhtml\"><p>This value set contains 3 concepts</p><table class=\"codes\"><tr><td style=\"white-space:nowrap\"><b>Code</b></td><td><b>System</b></td><td><b>Display</b></td><td><b>Definition</b></td></tr><tr><td style=\"white-space:nowrap\"><a name=\"http---hl7.org-fhir-sid-icd-10-cm-Z90.12\"> </a>Z90.12</td><td>http://hl7.org/fhir/sid/icd-10-cm</td><td>Acquired absence of left breast and nipple</td><td/></tr><tr><td style=\"white-space:nowrap\"><a name=\"http---snomed.info-sct-137671000119105\"> </a><a href=\"http://browser.ihtsdotools.org/?perspective=full&amp;conceptId1=137671000119105\">137671000119105</a></td><td>http://snomed.info/sct</td><td>History of prophylactic mastectomy of left breast (situation)</td><td/></tr><tr><td style=\"white-space:nowrap\"><a name=\"http---snomed.info-sct-429009003\"> </a><a href=\"http://browser.ihtsdotools.org/?perspective=full&amp;conceptId1=429009003\">429009003</a></td><td>http://snomed.info/sct</td><td>History of left mastectomy (situation)</td><td/></tr></table></div>"
  },
  "url": "http://cts.nlm.nih.gov/fhir/ValueSet/2.16.840.1.113883.3.464.1003.198.12.1069",
  "identifier": [
    {
      "system": "urn:ietf:rfc:3986",
      "value": "2.16.840.1.113883.3.464.1003.198.12.1069"
    }
  ],
  "version": "1.0.0",
  "name": "StatusPostLeftMastectomy",
  "title": "Status Post Left Mastectomy",
  "status": "active",
  "experimental": false,
  "date": "2021-09-03T16:48:06+00:00",
  "publisher": "U.S. Preventive Services Task Force (USPSTF)",
  "contact": [
    {
      "telecom": [
        {
          "system": "url",
          "value": "https://www.uspreventiveservicestaskforce.org/uspstf/"
        }
      ]
    }
  ],
  "jurisdiction": [
    {
      "coding": [
        {
          "system": "http://unstats.un.org/unsd/methods/m49/m49.htm",
          "code": "001"
        }
      ]
    }
  ],
  "expansion": {
    "identifier": "20200507",
    "timestamp": "2021-01-14T20:59:46-07:00",
    "contains": [
      {
        "system": "http://hl7.org/fhir/sid/icd-10-cm",
        "version": "2020",
        "code": "Z90.12",
        "display": "Acquired absence of left breast and nipple"
      },
      {
        "system": "http://snomed.info/sct",
        "version": "2019-09",
        "code": "137671000119105",
        "display": "History of prophylactic mastectomy of left breast (situation)"
      },
      {
        "system": "http://snomed.info/sct",
        "version": "2019-09",
        "code": "429009003",
        "display": "History of left mastectomy (situation)"
      }
    ]
  }
}