<?xml version="1.0" encoding="UTF-8"?>

<ValueSet xmlns="http://hl7.org/fhir">
  <id value="2.16.840.1.113883.3.464.1003.198.12.1133"/>
  <text>
    <status value="generated"/><div xmlns="http://www.w3.org/1999/xhtml"><p>This value set contains 9 concepts</p><table class="codes"><tr><td style="white-space:nowrap"><b>Code</b></td><td><b>System</b></td><td><b>Display</b></td><td><b>Definition</b></td></tr><tr><td style="white-space:nowrap"><a name="http---www.cms.gov-Medicare-Coding-ICD10-0HTU0ZZ"> </a>0HTU0ZZ</td><td>http://www.cms.gov/Medicare/Coding/ICD10</td><td>Resection of Left Breast, Open Approach</td><td/></tr><tr><td style="white-space:nowrap"><a name="http---snomed.info-sct-12275221000119100"> </a><a href="http://browser.ihtsdotools.org/?perspective=full&amp;conceptId1=12275221000119100">12275221000119100</a></td><td>http://snomed.info/sct</td><td>Postmastectomy lymphedema syndrome of left upper limb (disorder)</td><td/></tr><tr><td style="white-space:nowrap"><a name="http---snomed.info-sct-137671000119105"> </a><a href="http://browser.ihtsdotools.org/?perspective=full&amp;conceptId1=137671000119105">137671000119105</a></td><td>http://snomed.info/sct</td><td>History of prophylactic mastectomy of left breast (situation)</td><td/></tr><tr><td style="white-space:nowrap"><a name="http---snomed.info-sct-428571003"> </a><a href="http://browser.ihtsdotools.org/?perspective=full&amp;conceptId1=428571003">428571003</a></td><td>http://snomed.info/sct</td><td>Mastectomy of left breast (procedure)</td><td/></tr><tr><td style="white-space:nowrap"><a name="http---snomed.info-sct-429009003"> </a><a href="http://browser.ihtsdotools.org/?perspective=full&amp;conceptId1=429009003">429009003</a></td><td>http://snomed.info/sct</td><td>History of left mastectomy (situation)</td><td/></tr><tr><td style="white-space:nowrap"><a name="http---snomed.info-sct-451211000124109"> </a><a href="http://browser.ihtsdotools.org/?perspective=full&amp;conceptId1=451211000124109">451211000124109</a></td><td>http://snomed.info/sct</td><td>Prophylactic mastectomy of left breast (procedure)</td><td/></tr><tr><td style="white-space:nowrap"><a name="http---snomed.info-sct-726429001"> </a><a href="http://browser.ihtsdotools.org/?perspective=full&amp;conceptId1=726429001">726429001</a></td><td>http://snomed.info/sct</td><td>Radical mastectomy of left breast (procedure)</td><td/></tr><tr><td style="white-space:nowrap"><a name="http---snomed.info-sct-726435001"> </a><a href="http://browser.ihtsdotools.org/?perspective=full&amp;conceptId1=726435001">726435001</a></td><td>http://snomed.info/sct</td><td>Subcutaneous mastectomy of left breast (procedure)</td><td/></tr><tr><td style="white-space:nowrap"><a name="http---snomed.info-sct-726437009"> </a><a href="http://browser.ihtsdotools.org/?perspective=full&amp;conceptId1=726437009">726437009</a></td><td>http://snomed.info/sct</td><td>Modified radical mastectomy of left breast (procedure)</td><td/></tr></table></div>
  </text>
  <url value="http://cts.nlm.nih.gov/fhir/ValueSet/2.16.840.1.113883.3.464.1003.198.12.1133"/>
  <identifier>
    <system value="urn:ietf:rfc:3986"/>
    <value value="2.16.840.1.113883.3.464.1003.198.12.1133"/>
  </identifier>
  <version value="1.0.0"/>
  <name value="UnilateralMastectomyLeft"/>
  <title value="Unilateral Mastectomy Left"/>
  <status value="active"/>
  <experimental value="false"/>
  <date value="2021-09-03T16:48:06+00:00"/>
  <publisher value="U.S. Preventive Services Task Force (USPSTF)"/>
  <contact>
    <telecom>
      <system value="url"/>
      <value value="https://www.uspreventiveservicestaskforce.org/uspstf/"/>
    </telecom>
  </contact>
  <jurisdiction>
    <coding>
      <system value="http://unstats.un.org/unsd/methods/m49/m49.htm"/>
      <code value="001"/>
    </coding>
  </jurisdiction>
  <expansion>
    <identifier value="20200507"/>
    <timestamp value="2021-01-14T20:59:46-07:00"/>
    <contains>
      <system value="http://www.cms.gov/Medicare/Coding/ICD10"/>
      <version value="2020"/>
      <code value="0HTU0ZZ"/>
      <display value="Resection of Left Breast, Open Approach"/>
    </contains>
    <contains>
      <system value="http://snomed.info/sct"/>
      <version value="2019-09"/>
      <code value="12275221000119100"/>
      <display value="Postmastectomy lymphedema syndrome of left upper limb (disorder)"/>
    </contains>
    <contains>
      <system value="http://snomed.info/sct"/>
      <version value="2019-09"/>
      <code value="137671000119105"/>
      <display value="History of prophylactic mastectomy of left breast (situation)"/>
    </contains>
    <contains>
      <system value="http://snomed.info/sct"/>
      <version value="2019-09"/>
      <code value="428571003"/>
      <display value="Mastectomy of left breast (procedure)"/>
    </contains>
    <contains>
      <system value="http://snomed.info/sct"/>
      <version value="2019-09"/>
      <code value="429009003"/>
      <display value="History of left mastectomy (situation)"/>
    </contains>
    <contains>
      <system value="http://snomed.info/sct"/>
      <version value="2019-09"/>
      <code value="451211000124109"/>
      <display value="Prophylactic mastectomy of left breast (procedure)"/>
    </contains>
    <contains>
      <system value="http://snomed.info/sct"/>
      <version value="2019-09"/>
      <code value="726429001"/>
      <display value="Radical mastectomy of left breast (procedure)"/>
    </contains>
    <contains>
      <system value="http://snomed.info/sct"/>
      <version value="2019-09"/>
      <code value="726435001"/>
      <display value="Subcutaneous mastectomy of left breast (procedure)"/>
    </contains>
    <contains>
      <system value="http://snomed.info/sct"/>
      <version value="2019-09"/>
      <code value="726437009"/>
      <display value="Modified radical mastectomy of left breast (procedure)"/>
    </contains>
  </expansion>
</ValueSet>