<?xml version="1.0" encoding="UTF-8"?>

<ValueSet xmlns="http://hl7.org/fhir">
  <id value="2.16.840.1.113883.3.464.1003.198.12.1071"/>
  <text>
    <status value="generated"/><div xmlns="http://www.w3.org/1999/xhtml"><p>This value set contains 8 concepts</p><table class="codes"><tr><td style="white-space:nowrap"><b>Code</b></td><td><b>System</b></td><td><b>Display</b></td><td><b>Definition</b></td></tr><tr><td style="white-space:nowrap"><a name="http---hl7.org-fhir-sid-icd-10-cm-Z90.10"> </a>Z90.10</td><td>http://hl7.org/fhir/sid/icd-10-cm</td><td>Acquired absence of unspecified breast and nipple</td><td/></tr><tr><td style="white-space:nowrap"><a name="http---terminology.hl7.org-CodeSystem-icd9cm-V45.71"> </a>V45.71</td><td>http://terminology.hl7.org/CodeSystem/icd9cm</td><td>Acquired absence of breast and nipple</td><td/></tr><tr><td style="white-space:nowrap"><a name="http---snomed.info-sct-22964006"> </a><a href="http://browser.ihtsdotools.org/?perspective=full&amp;conceptId1=22964006">22964006</a></td><td>http://snomed.info/sct</td><td>Unilateral simple mastectomy (situation)</td><td/></tr><tr><td style="white-space:nowrap"><a name="http---snomed.info-sct-72269009"> </a><a href="http://browser.ihtsdotools.org/?perspective=full&amp;conceptId1=72269009">72269009</a></td><td>http://snomed.info/sct</td><td>Unilateral modified radical mastectomy (situation)</td><td/></tr><tr><td style="white-space:nowrap"><a name="http---snomed.info-sct-73359007"> </a><a href="http://browser.ihtsdotools.org/?perspective=full&amp;conceptId1=73359007">73359007</a></td><td>http://snomed.info/sct</td><td>Unilateral mastectomy (situation)</td><td/></tr><tr><td style="white-space:nowrap"><a name="http---snomed.info-sct-8115005"> </a><a href="http://browser.ihtsdotools.org/?perspective=full&amp;conceptId1=8115005">8115005</a></td><td>http://snomed.info/sct</td><td>Unilateral radical mastectomy (situation)</td><td/></tr><tr><td style="white-space:nowrap"><a name="http---snomed.info-sct-88764002"> </a><a href="http://browser.ihtsdotools.org/?perspective=full&amp;conceptId1=88764002">88764002</a></td><td>http://snomed.info/sct</td><td>Unilateral extended simple mastectomy (situation)</td><td/></tr><tr><td style="white-space:nowrap"><a name="http---snomed.info-sct-248802009"> </a><a href="http://browser.ihtsdotools.org/?perspective=full&amp;conceptId1=248802009">248802009</a></td><td>http://snomed.info/sct</td><td>Absence of breast (finding)</td><td/></tr></table></div>
  </text>
  <url value="http://cts.nlm.nih.gov/fhir/ValueSet/2.16.840.1.113883.3.464.1003.198.12.1071"/>
  <identifier>
    <system value="urn:ietf:rfc:3986"/>
    <value value="2.16.840.1.113883.3.464.1003.198.12.1071"/>
  </identifier>
  <version value="1.0.0"/>
  <name value="UnilateralMastectomy,UnspecifiedLaterality"/>
  <title value="Unilateral Mastectomy, Unspecified Laterality"/>
  <status value="active"/>
  <experimental value="false"/>
  <date value="2021-09-03T16:48:06+00:00"/>
  <publisher value="U.S. Preventive Services Task Force (USPSTF)"/>
  <contact>
    <telecom>
      <system value="url"/>
      <value value="https://www.uspreventiveservicestaskforce.org/uspstf/"/>
    </telecom>
  </contact>
  <jurisdiction>
    <coding>
      <system value="http://unstats.un.org/unsd/methods/m49/m49.htm"/>
      <code value="001"/>
    </coding>
  </jurisdiction>
  <expansion>
    <identifier value="20200507"/>
    <timestamp value="2021-01-14T20:59:46-07:00"/>
    <contains>
      <system value="http://hl7.org/fhir/sid/icd-10-cm"/>
      <version value="2020"/>
      <code value="Z90.10"/>
      <display value="Acquired absence of unspecified breast and nipple"/>
    </contains>
    <contains>
      <system value="http://terminology.hl7.org/CodeSystem/icd9cm"/>
      <version value="2013"/>
      <code value="V45.71"/>
      <display value="Acquired absence of breast and nipple"/>
    </contains>
    <contains>
      <system value="http://snomed.info/sct"/>
      <version value="2017-09"/>
      <code value="22964006"/>
      <display value="Unilateral simple mastectomy (situation)"/>
    </contains>
    <contains>
      <system value="http://snomed.info/sct"/>
      <version value="2017-09"/>
      <code value="72269009"/>
      <display value="Unilateral modified radical mastectomy (situation)"/>
    </contains>
    <contains>
      <system value="http://snomed.info/sct"/>
      <version value="2017-09"/>
      <code value="73359007"/>
      <display value="Unilateral mastectomy (situation)"/>
    </contains>
    <contains>
      <system value="http://snomed.info/sct"/>
      <version value="2017-09"/>
      <code value="8115005"/>
      <display value="Unilateral radical mastectomy (situation)"/>
    </contains>
    <contains>
      <system value="http://snomed.info/sct"/>
      <version value="2017-09"/>
      <code value="88764002"/>
      <display value="Unilateral extended simple mastectomy (situation)"/>
    </contains>
    <contains>
      <system value="http://snomed.info/sct"/>
      <version value="2019-09"/>
      <code value="248802009"/>
      <display value="Absence of breast (finding)"/>
    </contains>
  </expansion>
</ValueSet>