{
  "resourceType": "ImplementationGuide",
  "id": "fhir.acep.covid19-ed-r4",
  "text": {
    "status": "extensions",
    "div": "<div xmlns=\"http://www.w3.org/1999/xhtml\"><h2>COVID19EDSeverityClassification</h2><p>The official URL for this implementation guide is: </p><pre>http://fhir.org/guides/acep/ImplementationGuide/fhir.acep.covid19-ed-r4</pre><div><p>Implementation guide for an Emergency Department COVID-19 Severity Classification and Disposition guideline defined by the American College of Emergency Physicians (ACEP)</p>\n</div></div>"
  },
  "url": "http://fhir.org/guides/acep/ImplementationGuide/fhir.acep.covid19-ed-r4",
  "version": "0.1.0",
  "name": "COVID19EDSeverityClassification",
  "title": "Emergency Department COVID-19 Severity Classification",
  "status": "draft",
  "experimental": false,
  "date": "2021-08-12T17:10:45+00:00",
  "publisher": "Veterans Health Administration (VHA)",
  "contact": [
    {
      "telecom": [
        {
          "system": "url",
          "value": "http://hl7.org/Special/committees/[something]"
        }
      ]
    }
  ],
  "description": "Implementation guide for an Emergency Department COVID-19 Severity Classification and Disposition guideline defined by the American College of Emergency Physicians (ACEP)",
  "jurisdiction": [
    {
      "coding": [
        {
          "system": "http://unstats.un.org/unsd/methods/m49/m49.htm",
          "code": "001"
        }
      ]
    }
  ],
  "packageId": "fhir.acep.covid19-ed-r4",
  "license": "Apache-2.0",
  "fhirVersion": [
    "4.0.1"
  ],
  "dependsOn": [
    {
      "id": "cpg",
      "uri": "http://hl7.org/fhir/uv/cpg/ImplementationGuide/hl7.fhir.uv.cpg",
      "packageId": "hl7.fhir.uv.cpg",
      "version": "dev"
    }
  ],
  "definition": {
    "extension": [
      {
        "extension": [
          {
            "url": "code",
            "valueString": "copyrightyear"
          },
          {
            "url": "value",
            "valueString": "2020+"
          }
        ],
        "url": "http://hl7.org/fhir/tools/StructureDefinition/ig-parameter"
      },
      {
        "extension": [
          {
            "url": "code",
            "valueString": "releaselabel"
          },
          {
            "url": "value",
            "valueString": "CI Build"
          }
        ],
        "url": "http://hl7.org/fhir/tools/StructureDefinition/ig-parameter"
      },
      {
        "extension": [
          {
            "url": "code",
            "valueString": "path-binary"
          },
          {
            "url": "value",
            "valueString": "input/cql"
          }
        ],
        "url": "http://hl7.org/fhir/tools/StructureDefinition/ig-parameter"
      },
      {
        "extension": [
          {
            "url": "code",
            "valueString": "excludettl"
          },
          {
            "url": "value",
            "valueString": "true"
          }
        ],
        "url": "http://hl7.org/fhir/tools/StructureDefinition/ig-parameter"
      },
      {
        "extension": [
          {
            "url": "code",
            "valueString": "excludemap"
          },
          {
            "url": "value",
            "valueString": "true"
          }
        ],
        "url": "http://hl7.org/fhir/tools/StructureDefinition/ig-parameter"
      },
      {
        "extension": [
          {
            "url": "code",
            "valueString": "path-suppressed-warnings"
          },
          {
            "url": "value",
            "valueString": "input/ignoreWarnings.txt"
          }
        ],
        "url": "http://hl7.org/fhir/tools/StructureDefinition/ig-parameter"
      },
      {
        "extension": [
          {
            "url": "code",
            "valueString": "autoload-resources"
          },
          {
            "url": "value",
            "valueString": "true"
          }
        ],
        "url": "http://hl7.org/fhir/tools/StructureDefinition/ig-parameter"
      },
      {
        "extension": [
          {
            "url": "code",
            "valueString": "path-liquid"
          },
          {
            "url": "value",
            "valueString": "template/liquid"
          }
        ],
        "url": "http://hl7.org/fhir/tools/StructureDefinition/ig-parameter"
      },
      {
        "extension": [
          {
            "url": "code",
            "valueString": "path-liquid"
          },
          {
            "url": "value",
            "valueString": "input/liquid"
          }
        ],
        "url": "http://hl7.org/fhir/tools/StructureDefinition/ig-parameter"
      },
      {
        "extension": [
          {
            "url": "code",
            "valueString": "path-qa"
          },
          {
            "url": "value",
            "valueString": "temp/qa"
          }
        ],
        "url": "http://hl7.org/fhir/tools/StructureDefinition/ig-parameter"
      },
      {
        "extension": [
          {
            "url": "code",
            "valueString": "path-temp"
          },
          {
            "url": "value",
            "valueString": "temp/pages"
          }
        ],
        "url": "http://hl7.org/fhir/tools/StructureDefinition/ig-parameter"
      },
      {
        "extension": [
          {
            "url": "code",
            "valueString": "path-output"
          },
          {
            "url": "value",
            "valueString": "output"
          }
        ],
        "url": "http://hl7.org/fhir/tools/StructureDefinition/ig-parameter"
      },
      {
        "extension": [
          {
            "url": "code",
            "valueString": "path-history"
          },
          {
            "url": "value",
            "valueString": "http://fhir.org/guides/acep/history.html"
          }
        ],
        "url": "http://hl7.org/fhir/tools/StructureDefinition/ig-parameter"
      },
      {
        "extension": [
          {
            "url": "code",
            "valueString": "template-html"
          },
          {
            "url": "value",
            "valueString": "template-page.html"
          }
        ],
        "url": "http://hl7.org/fhir/tools/StructureDefinition/ig-parameter"
      },
      {
        "extension": [
          {
            "url": "code",
            "valueString": "template-md"
          },
          {
            "url": "value",
            "valueString": "template-page-md.html"
          }
        ],
        "url": "http://hl7.org/fhir/tools/StructureDefinition/ig-parameter"
      },
      {
        "extension": [
          {
            "url": "code",
            "valueString": "apply-contact"
          },
          {
            "url": "value",
            "valueString": "true"
          }
        ],
        "url": "http://hl7.org/fhir/tools/StructureDefinition/ig-parameter"
      },
      {
        "extension": [
          {
            "url": "code",
            "valueString": "apply-context"
          },
          {
            "url": "value",
            "valueString": "true"
          }
        ],
        "url": "http://hl7.org/fhir/tools/StructureDefinition/ig-parameter"
      },
      {
        "extension": [
          {
            "url": "code",
            "valueString": "apply-copyright"
          },
          {
            "url": "value",
            "valueString": "true"
          }
        ],
        "url": "http://hl7.org/fhir/tools/StructureDefinition/ig-parameter"
      },
      {
        "extension": [
          {
            "url": "code",
            "valueString": "apply-jurisdiction"
          },
          {
            "url": "value",
            "valueString": "true"
          }
        ],
        "url": "http://hl7.org/fhir/tools/StructureDefinition/ig-parameter"
      },
      {
        "extension": [
          {
            "url": "code",
            "valueString": "apply-license"
          },
          {
            "url": "value",
            "valueString": "true"
          }
        ],
        "url": "http://hl7.org/fhir/tools/StructureDefinition/ig-parameter"
      },
      {
        "extension": [
          {
            "url": "code",
            "valueString": "apply-publisher"
          },
          {
            "url": "value",
            "valueString": "true"
          }
        ],
        "url": "http://hl7.org/fhir/tools/StructureDefinition/ig-parameter"
      },
      {
        "extension": [
          {
            "url": "code",
            "valueString": "apply-version"
          },
          {
            "url": "value",
            "valueString": "true"
          }
        ],
        "url": "http://hl7.org/fhir/tools/StructureDefinition/ig-parameter"
      },
      {
        "extension": [
          {
            "url": "code",
            "valueString": "active-tables"
          },
          {
            "url": "value",
            "valueString": "true"
          }
        ],
        "url": "http://hl7.org/fhir/tools/StructureDefinition/ig-parameter"
      }
    ],
    "resource": [
      {
        "extension": [
          {
            "url": "http://hl7.org/fhir/tools/StructureDefinition/resource-information",
            "valueString": "Library"
          }
        ],
        "reference": {
          "reference": "Library/COVID19EmergencyDeptAssessment"
        },
        "name": "CQL Library - ACEP Emergency Department COVID-19 Management Tool Logic",
        "description": "This library contains logic to support the ACEP Emergency Department COVID-19 Management Tool guideline, including caclculation of the risk score and severity."
      },
      {
        "extension": [
          {
            "url": "http://hl7.org/fhir/tools/StructureDefinition/resource-information",
            "valueString": "Library"
          }
        ],
        "reference": {
          "reference": "Library/COVID19Concepts"
        },
        "name": "CQL Library - COVID-19 Shared Concepts and Terminology",
        "description": "COVID-19 Shared Concepts and Terminology imported by other CQL logic libraries."
      },
      {
        "extension": [
          {
            "url": "http://hl7.org/fhir/tools/StructureDefinition/resource-information",
            "valueString": "Library"
          }
        ],
        "reference": {
          "reference": "Library/FHIRHelpers-4.0.1"
        },
        "name": "CQL Library - FHIR Helpers for CDS",
        "description": "CQL Library - FHIR Helpers for CDS"
      },
      {
        "extension": [
          {
            "url": "http://hl7.org/fhir/tools/StructureDefinition/resource-information",
            "valueString": "Library"
          }
        ],
        "reference": {
          "reference": "Library/CDSConnectCommons"
        },
        "name": "CQL Library - Common Logic for CDS",
        "description": "CQL Common Logic for CDS providing shared helper functions."
      },
      {
        "extension": [
          {
            "url": "http://hl7.org/fhir/tools/StructureDefinition/resource-information",
            "valueString": "Library"
          }
        ],
        "reference": {
          "reference": "Library/COVID19EmergencyDeptHooks"
        },
        "name": "CQL Library - CDS Hooks for ACEP Emergency Department COVID-19 Management Tool Logic",
        "description": "This library contains logic to support CDS Hooks for the ACEP Emergency Department COVID-19 Management Tool guideline."
      },
      {
        "extension": [
          {
            "url": "http://hl7.org/fhir/tools/StructureDefinition/resource-information",
            "valueString": "Library"
          }
        ],
        "reference": {
          "reference": "Library/COVID19EmergencyDeptSummary"
        },
        "name": "CQL Library - Summary of results for the ACEP Emergency Department COVID-19 Management Tool",
        "description": "This library contains logic to support the ACEP Emergency Department COVID-19 Management Tool guideline, summarizing clinical assessment, risk factores, diagnostic tests, and risk scores."
      },
      {
        "extension": [
          {
            "url": "http://hl7.org/fhir/tools/StructureDefinition/resource-information",
            "valueString": "PlanDefinition"
          }
        ],
        "reference": {
          "reference": "PlanDefinition/COVID19EmergencyDeptRecommendation"
        },
        "name": "PlanDefinition - ACEP COVID-19 ED Severity Classification and Disposition",
        "description": "CDS Hook definitions for ACEP COVID-19 ED Severity Classification and Disposition"
      },
      {
        "extension": [
          {
            "url": "http://hl7.org/fhir/tools/StructureDefinition/resource-information",
            "valueString": "ValueSet"
          }
        ],
        "reference": {
          "reference": "ValueSet/covid-19-lab-leukocyte"
        },
        "name": "COVID-19 Laboratory Value Set for Leukocytes",
        "description": "COVID-19 Laboratory Value Set for Leukocytes"
      },
      {
        "extension": [
          {
            "url": "http://hl7.org/fhir/tools/StructureDefinition/resource-information",
            "valueString": "ValueSet"
          }
        ],
        "reference": {
          "reference": "ValueSet/covid-19-lab-ast"
        },
        "name": "COVID-19 Laboratory Value Set for AST",
        "description": "COVID-19 Laboratory Value Set for AST"
      },
      {
        "extension": [
          {
            "url": "http://hl7.org/fhir/tools/StructureDefinition/resource-information",
            "valueString": "ValueSet"
          }
        ],
        "reference": {
          "reference": "ValueSet/2.16.840.1.113883.3.3616.200.110.102.6152"
        }
      },
      {
        "extension": [
          {
            "url": "http://hl7.org/fhir/tools/StructureDefinition/resource-information",
            "valueString": "ValueSet"
          }
        ],
        "reference": {
          "reference": "ValueSet/2.16.840.1.113883.3.3616.200.110.102.3174"
        }
      },
      {
        "extension": [
          {
            "url": "http://hl7.org/fhir/tools/StructureDefinition/resource-information",
            "valueString": "ValueSet"
          }
        ],
        "reference": {
          "reference": "ValueSet/covid-19-condition-vital-blood-pressure"
        },
        "name": "COVID-19 Condition Vital Blood Pressure Value Set",
        "description": "COVID-19 Condition Vital Blood Pressure Value Set"
      },
      {
        "extension": [
          {
            "url": "http://hl7.org/fhir/tools/StructureDefinition/resource-information",
            "valueString": "ValueSet"
          }
        ],
        "reference": {
          "reference": "ValueSet/covid-19-lab-pao2fio2"
        },
        "name": "COVID-19 Laboratory Value Set for PaO2FiO2 Ratio",
        "description": "COVID-19 Laboratory Value Set for PaO2FiO2 Ratio"
      },
      {
        "extension": [
          {
            "url": "http://hl7.org/fhir/tools/StructureDefinition/resource-information",
            "valueString": "ValueSet"
          }
        ],
        "reference": {
          "reference": "ValueSet/covid-19-lab-troponin"
        },
        "name": "COVID-19 Laboratory Value Set for Troponin",
        "description": "COVID-19 Laboratory Value Set for Troponin"
      },
      {
        "extension": [
          {
            "url": "http://hl7.org/fhir/tools/StructureDefinition/resource-information",
            "valueString": "ValueSet"
          }
        ],
        "reference": {
          "reference": "ValueSet/covid-19-condition-risk-obstructive-sleep-apnea-icd10"
        },
        "name": "COVID-19 ICD10CM Risk Factor Obstructive Sleep Apnea Conditions Value Set",
        "description": "COVID-19 ICD10CM Risk Factor Obstructive Sleep Apnea Conditions Value Set"
      },
      {
        "extension": [
          {
            "url": "http://hl7.org/fhir/tools/StructureDefinition/resource-information",
            "valueString": "ValueSet"
          }
        ],
        "reference": {
          "reference": "ValueSet/covid-19-condition-risk-obstructive-sleep-apnea-snomed"
        },
        "name": "COVID-19 SNOMED Risk Factor Obstructive Sleep Apnea Conditions Value Set",
        "description": "COVID-19 SNOMED Risk Factor Obstructive Sleep Apnea Conditions Value Set"
      },
      {
        "extension": [
          {
            "url": "http://hl7.org/fhir/tools/StructureDefinition/resource-information",
            "valueString": "ValueSet"
          }
        ],
        "reference": {
          "reference": "ValueSet/2.16.840.1.113883.3.3616.200.110.102.3102"
        }
      },
      {
        "extension": [
          {
            "url": "http://hl7.org/fhir/tools/StructureDefinition/resource-information",
            "valueString": "ValueSet"
          }
        ],
        "reference": {
          "reference": "ValueSet/2.16.840.1.113883.3.3616.200.110.102.6048"
        }
      },
      {
        "extension": [
          {
            "url": "http://hl7.org/fhir/tools/StructureDefinition/resource-information",
            "valueString": "ValueSet"
          }
        ],
        "reference": {
          "reference": "ValueSet/covid-19-condition-risk-downs-syndrome-icd10"
        },
        "name": "COVID-19 ICD10 Risk Factor Downs Syndrome Conditions Value Set",
        "description": "COVID-19 ICD10 Risk Factor Downs Syndrome Conditions Value Set"
      },
      {
        "extension": [
          {
            "url": "http://hl7.org/fhir/tools/StructureDefinition/resource-information",
            "valueString": "ValueSet"
          }
        ],
        "reference": {
          "reference": "ValueSet/2.16.840.1.113883.3.3616.200.110.102.6064"
        }
      },
      {
        "extension": [
          {
            "url": "http://hl7.org/fhir/tools/StructureDefinition/resource-information",
            "valueString": "ValueSet"
          }
        ],
        "reference": {
          "reference": "ValueSet/2.16.840.1.113883.3.3616.200.110.102.6100"
        }
      },
      {
        "extension": [
          {
            "url": "http://hl7.org/fhir/tools/StructureDefinition/resource-information",
            "valueString": "ValueSet"
          }
        ],
        "reference": {
          "reference": "ValueSet/covid-19-condition-risk-steroid-usage-snomed"
        },
        "name": "COVID-19 SNOMED Condition Risk Steroid Usage",
        "description": "COVID-19 SNOMED Condition Risk Steroid Usage"
      },
      {
        "extension": [
          {
            "url": "http://hl7.org/fhir/tools/StructureDefinition/resource-information",
            "valueString": "ValueSet"
          }
        ],
        "reference": {
          "reference": "ValueSet/covid-19-condition-risk-steroid-usage-icd10"
        },
        "name": "COVID-19 ICD10 Condition Risk Steroid Usage",
        "description": "COVID-19 ICD10 Condition Risk Steroid Usage"
      },
      {
        "extension": [
          {
            "url": "http://hl7.org/fhir/tools/StructureDefinition/resource-information",
            "valueString": "ValueSet"
          }
        ],
        "reference": {
          "reference": "ValueSet/who-performance-status"
        },
        "name": "WHO Performance Status Value Set",
        "description": "World Health Organization (WHO) performance status finding (finding)"
      },
      {
        "extension": [
          {
            "url": "http://hl7.org/fhir/tools/StructureDefinition/resource-information",
            "valueString": "ValueSet"
          }
        ],
        "reference": {
          "reference": "ValueSet/covid-19-lab-crp"
        },
        "name": "COVID-19 Laboratory Value Set for CRP",
        "description": "COVID-19 Laboratory Value Set for CRP"
      },
      {
        "extension": [
          {
            "url": "http://hl7.org/fhir/tools/StructureDefinition/resource-information",
            "valueString": "ValueSet"
          }
        ],
        "reference": {
          "reference": "ValueSet/covid-19-lab-neutrophils"
        },
        "name": "COVID-19 Laboratory Value Set for Neutrophils",
        "description": "COVID-19 Laboratory Value Set for Neutrophils"
      },
      {
        "extension": [
          {
            "url": "http://hl7.org/fhir/tools/StructureDefinition/resource-information",
            "valueString": "ValueSet"
          }
        ],
        "reference": {
          "reference": "ValueSet/2.16.840.1.113883.3.3616.200.110.102.3028"
        }
      },
      {
        "extension": [
          {
            "url": "http://hl7.org/fhir/tools/StructureDefinition/resource-information",
            "valueString": "ValueSet"
          }
        ],
        "reference": {
          "reference": "ValueSet/covid-19-lab-platelets"
        },
        "name": "COVID-19 Laboratory Value Set for Blood Platelets",
        "description": "COVID-19 Laboratory Value Set for Blood Platelets"
      },
      {
        "extension": [
          {
            "url": "http://hl7.org/fhir/tools/StructureDefinition/resource-information",
            "valueString": "ValueSet"
          }
        ],
        "reference": {
          "reference": "ValueSet/covid-19-lab-creatinine"
        },
        "name": "COVID-19 Laboratory Value Set for Creatinine",
        "description": "COVID-19 Laboratory Value Set for Creatinine"
      },
      {
        "extension": [
          {
            "url": "http://hl7.org/fhir/tools/StructureDefinition/resource-information",
            "valueString": "ValueSet"
          }
        ],
        "reference": {
          "reference": "ValueSet/covid-19-lab-ldh"
        },
        "name": "COVID-19 Laboratory Value Set for LDH",
        "description": "COVID-19 Laboratory Value Set for LDH"
      },
      {
        "extension": [
          {
            "url": "http://hl7.org/fhir/tools/StructureDefinition/resource-information",
            "valueString": "ValueSet"
          }
        ],
        "reference": {
          "reference": "ValueSet/covid-19-condition-risk-respiratory"
        },
        "name": "COVID-19 Risk Factor Chronic Respiratory Disease Conditions Value Set",
        "description": "COVID-19 Risk Factor Chronic Respiratory Disease Conditions Value Set"
      },
      {
        "extension": [
          {
            "url": "http://hl7.org/fhir/tools/StructureDefinition/resource-information",
            "valueString": "ValueSet"
          }
        ],
        "reference": {
          "reference": "ValueSet/covid-19-condition-risk-immunosuppression-icd10"
        },
        "name": "COVID-19 ICD10 Condition Risk Immunosuppression",
        "description": "COVID-19 ICD10 Condition Risk Immunosuppression"
      },
      {
        "extension": [
          {
            "url": "http://hl7.org/fhir/tools/StructureDefinition/resource-information",
            "valueString": "ValueSet"
          }
        ],
        "reference": {
          "reference": "ValueSet/covid-19-condition-risk-cardiovascular"
        },
        "name": "COVID-19 Risk Factor Cardiovascular Disease Conditions Value Set",
        "description": "Includes all SNOMED CT codes for Cardiovascular Disease, excluding Hypertension (which is a separate risk factor category in the ACEP guideline)."
      },
      {
        "extension": [
          {
            "url": "http://hl7.org/fhir/tools/StructureDefinition/resource-information",
            "valueString": "ValueSet"
          }
        ],
        "reference": {
          "reference": "ValueSet/covid-19-lab-alt"
        },
        "name": "COVID-19 Laboratory Value Set for ALT",
        "description": "COVID-19 Laboratory Value Set for ALT"
      },
      {
        "extension": [
          {
            "url": "http://hl7.org/fhir/tools/StructureDefinition/resource-information",
            "valueString": "ValueSet"
          }
        ],
        "reference": {
          "reference": "ValueSet/2.16.840.1.113883.3.3616.200.110.102.3091"
        },
        "name": "COVID19 ICD10CM Value Set for Obesity",
        "description": "This set of values contains terms related to obesity."
      },
      {
        "extension": [
          {
            "url": "http://hl7.org/fhir/tools/StructureDefinition/resource-information",
            "valueString": "ValueSet"
          }
        ],
        "reference": {
          "reference": "ValueSet/covid-19-lab-ddimer"
        },
        "name": "COVID-19 Laboratory Value Set for D-dimer",
        "description": "COVID-19 Laboratory Value Set for D-dimer"
      },
      {
        "extension": [
          {
            "url": "http://hl7.org/fhir/tools/StructureDefinition/resource-information",
            "valueString": "ValueSet"
          }
        ],
        "reference": {
          "reference": "ValueSet/covid-19-lab-ferritin"
        },
        "name": "COVID-19 Laboratory Value Set for Ferritin",
        "description": "COVID-19 Laboratory Value Set for Ferritin"
      },
      {
        "extension": [
          {
            "url": "http://hl7.org/fhir/tools/StructureDefinition/resource-information",
            "valueString": "ValueSet"
          }
        ],
        "reference": {
          "reference": "ValueSet/covid-19-lab-lymphocytes"
        },
        "name": "COVID-19 Laboratory Value Set for Lymphocytes",
        "description": "COVID-19 Laboratory Value Set for Lymphocytes"
      },
      {
        "extension": [
          {
            "url": "http://hl7.org/fhir/tools/StructureDefinition/resource-information",
            "valueString": "ValueSet"
          }
        ],
        "reference": {
          "reference": "ValueSet/2.16.840.1.113883.3.3616.200.110.102.3153"
        }
      },
      {
        "extension": [
          {
            "url": "http://hl7.org/fhir/tools/StructureDefinition/resource-information",
            "valueString": "ValueSet"
          }
        ],
        "reference": {
          "reference": "ValueSet/covid-19-obs-alertness"
        },
        "name": "COVID-19 Clinical Observation for Alertness",
        "description": "COVID-19 Clinical Observation for Alertness"
      },
      {
        "extension": [
          {
            "url": "http://hl7.org/fhir/tools/StructureDefinition/resource-information",
            "valueString": "ValueSet"
          }
        ],
        "reference": {
          "reference": "ValueSet/covid-19-condition-risk-renal-disease"
        },
        "name": "COVID-19 Risk Factor Renal Disease Conditions Value Set",
        "description": "COVID-19 Risk Factor Renal Disease Conditions Value Set"
      },
      {
        "extension": [
          {
            "url": "http://hl7.org/fhir/tools/StructureDefinition/resource-information",
            "valueString": "ValueSet"
          }
        ],
        "reference": {
          "reference": "ValueSet/covid-19-condition-risk-cancer"
        },
        "name": "COVID-19 Risk Factor Cancer Conditions Value Set",
        "description": "COVID-19 Risk Factor Cancer Conditions Value Set"
      },
      {
        "extension": [
          {
            "url": "http://hl7.org/fhir/tools/StructureDefinition/resource-information",
            "valueString": "ValueSet"
          }
        ],
        "reference": {
          "reference": "ValueSet/covid-19-condition-risk-immunosuppression-snomed"
        },
        "name": "COVID-19 SNOMED Condition Risk Immunosuppression",
        "description": "COVID-19 SNOMED Condition Risk Immunosuppression"
      },
      {
        "extension": [
          {
            "url": "http://hl7.org/fhir/tools/StructureDefinition/resource-information",
            "valueString": "ValueSet"
          }
        ],
        "reference": {
          "reference": "ValueSet/2.16.840.1.113883.3.3616.200.110.102.6203"
        },
        "name": "COVID19 SNOMED Value Set for Obesity",
        "description": "This set of values contains terms related to obesity."
      },
      {
        "extension": [
          {
            "url": "http://hl7.org/fhir/tools/StructureDefinition/resource-information",
            "valueString": "ValueSet"
          }
        ],
        "reference": {
          "reference": "ValueSet/covid-19-condition-risk-downs-syndrome-snomed"
        },
        "name": "COVID-19 SNOMED Risk Factor Downs Syndrome Conditions Value Set",
        "description": "COVID-19 SNOMED Risk Factor Downs Syndrome Conditions Value Set"
      }
    ],
    "page": {
      "nameUrl": "toc.html",
      "title": "Table of Contents",
      "generation": "html",
      "page": [
        {
          "nameUrl": "index.html",
          "title": "COVID-19 ED Severity Classification",
          "generation": "html"
        },
        {
          "nameUrl": "background.html",
          "title": "Background",
          "generation": "html"
        },
        {
          "nameUrl": "spec.html",
          "title": "Detailed Specification",
          "generation": "markdown"
        },
        {
          "nameUrl": "downloads.html",
          "title": "Useful Downloads",
          "generation": "html"
        },
        {
          "nameUrl": "changes.html",
          "title": "IG Change History",
          "generation": "html"
        }
      ]
    },
    "parameter": [
      {
        "code": "path-resource",
        "value": "input/resources/library"
      },
      {
        "code": "path-resource",
        "value": "input/resources/plandefinition"
      },
      {
        "code": "path-resource",
        "value": "input/resources/activitydefinition"
      },
      {
        "code": "path-resource",
        "value": "input/vocabulary/codesystem"
      },
      {
        "code": "path-resource",
        "value": "input/vocabulary/ValueSet"
      },
      {
        "code": "path-resource",
        "value": "input/capabilities"
      },
      {
        "code": "path-resource",
        "value": "input/examples"
      },
      {
        "code": "path-resource",
        "value": "input/extensions"
      },
      {
        "code": "path-resource",
        "value": "input/models"
      },
      {
        "code": "path-resource",
        "value": "input/operations"
      },
      {
        "code": "path-resource",
        "value": "input/profiles"
      },
      {
        "code": "path-resource",
        "value": "input/resources"
      },
      {
        "code": "path-resource",
        "value": "input/vocabulary"
      },
      {
        "code": "path-resource",
        "value": "input/testing"
      },
      {
        "code": "path-resource",
        "value": "input/history"
      },
      {
        "code": "path-resource",
        "value": "fsh-generated/resources"
      },
      {
        "code": "path-pages",
        "value": "template/config"
      },
      {
        "code": "path-pages",
        "value": "input/images"
      },
      {
        "code": "path-tx-cache",
        "value": "input-cache/txcache"
      }
    ]
  }
}