{
  "resourceType": "ValueSet",
  "id": "covid-19-condition-risk-steroid-usage-icd10",
  "language": "en",
  "text": {
    "status": "generated",
    "div": "<div xmlns=\"http://www.w3.org/1999/xhtml\" xml:lang=\"en\" lang=\"en\"><p>This value set contains 19 concepts</p><p>All codes in this table are from the system <a href=\"http://terminology.hl7.org/3.0.0/CodeSystem-icd10CM.html\"><code>http://hl7.org/fhir/sid/icd-10-cm</code></a></p><table class=\"codes\"><tr><td style=\"white-space:nowrap\"><b>Code</b></td><td><b>Display</b></td><td><b>Definition</b></td></tr><tr><td style=\"white-space:nowrap\"><a name=\"http---hl7.org-fhir-sid-icd-10-cm-T38.0X5A\"> </a>T38.0X5A</td><td>Adverse effect of glucocorticoids and synthetic analogues, initial encounter</td><td/></tr><tr><td style=\"white-space:nowrap\"><a name=\"http---hl7.org-fhir-sid-icd-10-cm-T38.0X5S\"> </a>T38.0X5S</td><td>Adverse effect of glucocorticoids and synthetic analogues, sequela</td><td/></tr><tr><td style=\"white-space:nowrap\"><a name=\"http---hl7.org-fhir-sid-icd-10-cm-T38.0X5D\"> </a>T38.0X5D</td><td>Adverse effect of glucocorticoids and synthetic analogues, subsequent encounter</td><td/></tr><tr><td style=\"white-space:nowrap\"><a name=\"http---hl7.org-fhir-sid-icd-10-cm-Z79.52\"> </a>Z79.52</td><td>Long term (current) use of systemic steroids</td><td/></tr><tr><td style=\"white-space:nowrap\"><a name=\"http---hl7.org-fhir-sid-icd-10-cm-T38.0X1A\"> </a>T38.0X1A</td><td>Poisoning by glucocorticoids and synthetic analogues, accidental (unintentional), initial encounter</td><td/></tr><tr><td style=\"white-space:nowrap\"><a name=\"http---hl7.org-fhir-sid-icd-10-cm-T38.0X1S\"> </a>T38.0X1S</td><td>Poisoning by glucocorticoids and synthetic analogues, accidental (unintentional), initial encounter</td><td/></tr><tr><td style=\"white-space:nowrap\"><a name=\"http---hl7.org-fhir-sid-icd-10-cm-T38.0X1D\"> </a>T38.0X1D</td><td>Poisoning by glucocorticoids and synthetic analogues, accidental (unintentional), subsequent encounter</td><td/></tr><tr><td style=\"white-space:nowrap\"><a name=\"http---hl7.org-fhir-sid-icd-10-cm-T38.0X3A\"> </a>T38.0X3A</td><td>Poisoning by glucocorticoids and synthetic analogues, assault, initial encounter</td><td/></tr><tr><td style=\"white-space:nowrap\"><a name=\"http---hl7.org-fhir-sid-icd-10-cm-T38.0X3S\"> </a>T38.0X3S</td><td>Poisoning by glucocorticoids and synthetic analogues, assault, sequela</td><td/></tr><tr><td style=\"white-space:nowrap\"><a name=\"http---hl7.org-fhir-sid-icd-10-cm-T38.0X3D\"> </a>T38.0X3D</td><td>Poisoning by glucocorticoids and synthetic analogues, assault, subsequent encounter</td><td/></tr><tr><td style=\"white-space:nowrap\"><a name=\"http---hl7.org-fhir-sid-icd-10-cm-T38.0X2A\"> </a>T38.0X2A</td><td>Poisoning by glucocorticoids and synthetic analogues, intentional self-harm, initial encounter</td><td/></tr><tr><td style=\"white-space:nowrap\"><a name=\"http---hl7.org-fhir-sid-icd-10-cm-T38.0X2S\"> </a>T38.0X2S</td><td>Poisoning by glucocorticoids and synthetic analogues, intentional self-harm, sequela</td><td/></tr><tr><td style=\"white-space:nowrap\"><a name=\"http---hl7.org-fhir-sid-icd-10-cm-T38.0X2D\"> </a>T38.0X2D</td><td>Poisoning by glucocorticoids and synthetic analogues, intentional self-harm, subsequent encounter</td><td/></tr><tr><td style=\"white-space:nowrap\"><a name=\"http---hl7.org-fhir-sid-icd-10-cm-T38.0X6D\"> </a>T38.0X6D</td><td>Underdosing of glucocorticoids and synthetic analogues, subsequent encounter</td><td/></tr><tr><td style=\"white-space:nowrap\"><a name=\"http---hl7.org-fhir-sid-icd-10-cm-T38.0X6S\"> </a>T38.0X6S</td><td>Underdosing of glucocorticoids and synthetic analogues, sequela</td><td/></tr><tr><td style=\"white-space:nowrap\"><a name=\"http---hl7.org-fhir-sid-icd-10-cm-T38.0X6A\"> </a>T38.0X6A</td><td>Underdosing of glucocorticoids and synthetic analogues, initial encounter encounter</td><td/></tr><tr><td style=\"white-space:nowrap\"><a name=\"http---hl7.org-fhir-sid-icd-10-cm-T38.0X4D\"> </a>T38.0X4D</td><td>Poisoning by glucocorticoids and synthetic analogues, undetermined, subsequent encounter</td><td/></tr><tr><td style=\"white-space:nowrap\"><a name=\"http---hl7.org-fhir-sid-icd-10-cm-T38.0X4S\"> </a>T38.0X4S</td><td>Poisoning by glucocorticoids and synthetic analogues, undetermined, sequela</td><td/></tr><tr><td style=\"white-space:nowrap\"><a name=\"http---hl7.org-fhir-sid-icd-10-cm-T38.0X4A\"> </a>T38.0X4A</td><td>Poisoning by glucocorticoids and synthetic analogues, undetermined, initial encounter</td><td/></tr></table></div>"
  },
  "url": "http://fhir.org/guides/acep/ValueSet/covid-19-condition-risk-steroid-usage-icd10",
  "version": "0.1.0",
  "name": "COVID19ICD10ConditionRiskSteroidUsage",
  "title": "COVID-19 ICD10 Condition Risk Steroid Usage",
  "status": "active",
  "date": "2021-12-20T17:36:36+00:00",
  "publisher": "Veterans Health Administration (VHA)",
  "contact": [
    {
      "telecom": [
        {
          "system": "url",
          "value": "http://hl7.org/Special/committees/[something]"
        }
      ]
    }
  ],
  "description": "COVID-19 ICD10 Condition Risk Steroid Usage",
  "jurisdiction": [
    {
      "coding": [
        {
          "system": "http://unstats.un.org/unsd/methods/m49/m49.htm",
          "code": "001"
        }
      ]
    }
  ],
  "expansion": {
    "contains": [
      {
        "system": "http://hl7.org/fhir/sid/icd-10-cm",
        "code": "T38.0X5A",
        "display": "Adverse effect of glucocorticoids and synthetic analogues, initial encounter"
      },
      {
        "system": "http://hl7.org/fhir/sid/icd-10-cm",
        "code": "T38.0X5S",
        "display": "Adverse effect of glucocorticoids and synthetic analogues, sequela"
      },
      {
        "system": "http://hl7.org/fhir/sid/icd-10-cm",
        "code": "T38.0X5D",
        "display": "Adverse effect of glucocorticoids and synthetic analogues, subsequent encounter"
      },
      {
        "system": "http://hl7.org/fhir/sid/icd-10-cm",
        "code": "Z79.52",
        "display": "Long term (current) use of systemic steroids"
      },
      {
        "system": "http://hl7.org/fhir/sid/icd-10-cm",
        "code": "T38.0X1A",
        "display": "Poisoning by glucocorticoids and synthetic analogues, accidental (unintentional), initial encounter"
      },
      {
        "system": "http://hl7.org/fhir/sid/icd-10-cm",
        "code": "T38.0X1S",
        "display": "Poisoning by glucocorticoids and synthetic analogues, accidental (unintentional), initial encounter"
      },
      {
        "system": "http://hl7.org/fhir/sid/icd-10-cm",
        "code": "T38.0X1D",
        "display": "Poisoning by glucocorticoids and synthetic analogues, accidental (unintentional), subsequent encounter"
      },
      {
        "system": "http://hl7.org/fhir/sid/icd-10-cm",
        "code": "T38.0X3A",
        "display": "Poisoning by glucocorticoids and synthetic analogues, assault, initial encounter"
      },
      {
        "system": "http://hl7.org/fhir/sid/icd-10-cm",
        "code": "T38.0X3S",
        "display": "Poisoning by glucocorticoids and synthetic analogues, assault, sequela"
      },
      {
        "system": "http://hl7.org/fhir/sid/icd-10-cm",
        "code": "T38.0X3D",
        "display": "Poisoning by glucocorticoids and synthetic analogues, assault, subsequent encounter"
      },
      {
        "system": "http://hl7.org/fhir/sid/icd-10-cm",
        "code": "T38.0X2A",
        "display": "Poisoning by glucocorticoids and synthetic analogues, intentional self-harm, initial encounter"
      },
      {
        "system": "http://hl7.org/fhir/sid/icd-10-cm",
        "code": "T38.0X2S",
        "display": "Poisoning by glucocorticoids and synthetic analogues, intentional self-harm, sequela"
      },
      {
        "system": "http://hl7.org/fhir/sid/icd-10-cm",
        "code": "T38.0X2D",
        "display": "Poisoning by glucocorticoids and synthetic analogues, intentional self-harm, subsequent encounter"
      },
      {
        "system": "http://hl7.org/fhir/sid/icd-10-cm",
        "code": "T38.0X6D",
        "display": "Underdosing of glucocorticoids and synthetic analogues, subsequent encounter"
      },
      {
        "system": "http://hl7.org/fhir/sid/icd-10-cm",
        "code": "T38.0X6S",
        "display": "Underdosing of glucocorticoids and synthetic analogues, sequela"
      },
      {
        "system": "http://hl7.org/fhir/sid/icd-10-cm",
        "code": "T38.0X6A",
        "display": "Underdosing of glucocorticoids and synthetic analogues, initial encounter encounter"
      },
      {
        "system": "http://hl7.org/fhir/sid/icd-10-cm",
        "code": "T38.0X4D",
        "display": "Poisoning by glucocorticoids and synthetic analogues, undetermined, subsequent encounter"
      },
      {
        "system": "http://hl7.org/fhir/sid/icd-10-cm",
        "code": "T38.0X4S",
        "display": "Poisoning by glucocorticoids and synthetic analogues, undetermined, sequela"
      },
      {
        "system": "http://hl7.org/fhir/sid/icd-10-cm",
        "code": "T38.0X4A",
        "display": "Poisoning by glucocorticoids and synthetic analogues, undetermined, initial encounter"
      }
    ]
  }
}