{
  "resourceType": "ValueSet",
  "id": "covid-19-condition-risk-immunosuppression-icd10",
  "language": "en",
  "text": {
    "status": "generated",
    "div": "<div xmlns=\"http://www.w3.org/1999/xhtml\" xml:lang=\"en\" lang=\"en\"><p>This value set contains 2 concepts</p><p>All codes in this table are from the system <a href=\"http://terminology.hl7.org/2.1.0/CodeSystem-icd10CM.html\"><code>http://hl7.org/fhir/sid/icd-10-cm</code></a></p><table class=\"codes\"><tr><td style=\"white-space:nowrap\"><b>Code</b></td><td><b>Display</b></td><td><b>Definition</b></td></tr><tr><td style=\"white-space:nowrap\"><a name=\"http---hl7.org-fhir-sid-icd-10-cm-Q89.01\"> </a>Q89.01</td><td>Asplenia (congenital)</td><td/></tr><tr><td style=\"white-space:nowrap\"><a name=\"http---hl7.org-fhir-sid-icd-10-cm-Z90.81\"> </a>Z90.81</td><td>Acquired absence of spleen</td><td/></tr></table></div>"
  },
  "url": "http://fhir.org/guides/acep/ValueSet/covid-19-condition-risk-immunosuppression-icd10",
  "version": "0.1.0",
  "name": "COVID19ICD10ConditionRiskImmunosuppression",
  "title": "COVID-19 ICD10 Condition Risk Immunosuppression",
  "status": "active",
  "date": "2021-10-27T18:21:42+00:00",
  "publisher": "Veterans Health Administration (VHA)",
  "contact": [
    {
      "telecom": [
        {
          "system": "url",
          "value": "http://hl7.org/Special/committees/[something]"
        }
      ]
    }
  ],
  "description": "COVID-19 ICD10 Condition Risk Immunosuppression",
  "jurisdiction": [
    {
      "coding": [
        {
          "system": "http://unstats.un.org/unsd/methods/m49/m49.htm",
          "code": "001"
        }
      ]
    }
  ],
  "expansion": {
    "contains": [
      {
        "system": "http://hl7.org/fhir/sid/icd-10-cm",
        "code": "Q89.01",
        "display": "Asplenia (congenital)"
      },
      {
        "system": "http://hl7.org/fhir/sid/icd-10-cm",
        "code": "Z90.81",
        "display": "Acquired absence of spleen"
      }
    ]
  }
}