{
  "resourceType": "ValueSet",
  "id": "covid-19-lab-interleukin-1",
  "meta": {
    "profile": [
      "http://hl7.org/fhir/uv/cpg/StructureDefinition/cpg-executablevalueset"
    ]
  },
  "language": "en",
  "text": {
    "status": "generated",
    "div": "<div xmlns=\"http://www.w3.org/1999/xhtml\" xml:lang=\"en\" lang=\"en\"><p>This value set contains 7 concepts</p><p>All codes in this table are from the system <a href=\"http://terminology.hl7.org/3.0.0/CodeSystem-v3-loinc.html\"><code>http://loinc.org</code></a></p><table class=\"codes\"><tr><td style=\"white-space:nowrap\"><b>Code</b></td><td><b>Display</b> - English (English, en)</td></tr><tr><td style=\"white-space:nowrap\"><a name=\"http---loinc.org-34407-7\"> </a><a href=\"http://details.loinc.org/LOINC/34407-7.html\">34407-7</a></td><td/></tr><tr><td style=\"white-space:nowrap\"><a name=\"http---loinc.org-4650-8\"> </a><a href=\"http://details.loinc.org/LOINC/4650-8.html\">4650-8</a></td><td/></tr><tr><td style=\"white-space:nowrap\"><a name=\"http---loinc.org-33821-0\"> </a><a href=\"http://details.loinc.org/LOINC/33821-0.html\">33821-0</a></td><td/></tr><tr><td style=\"white-space:nowrap\"><a name=\"http---loinc.org-13629-1\"> </a><a href=\"http://details.loinc.org/LOINC/13629-1.html\">13629-1</a></td><td/></tr><tr><td style=\"white-space:nowrap\"><a name=\"http---loinc.org-55926-0\"> </a><a href=\"http://details.loinc.org/LOINC/55926-0.html\">55926-0</a></td><td/></tr><tr><td style=\"white-space:nowrap\"><a name=\"http---loinc.org-55927-8\"> </a><a href=\"http://details.loinc.org/LOINC/55927-8.html\">55927-8</a></td><td/></tr><tr><td style=\"white-space:nowrap\"><a name=\"http---loinc.org-17022-5\"> </a><a href=\"http://details.loinc.org/LOINC/17022-5.html\">17022-5</a></td><td/></tr></table></div>"
  },
  "extension": [
    {
      "url": "http://hl7.org/fhir/uv/cpg/StructureDefinition/cpg-knowledgeCapability",
      "valueCode": "executable"
    },
    {
      "url": "http://hl7.org/fhir/uv/cpg/StructureDefinition/cpg-knowledgeRepresentationLevel",
      "valueCode": "executable"
    }
  ],
  "url": "http://fhir.org/guides/acep/ValueSet/covid-19-lab-interleukin-1",
  "version": "0.1.0",
  "name": "COVID19LabInterleukin1",
  "title": "COVID-19 Laboratory Value Set for Interleukin 1",
  "status": "active",
  "date": "2022-01-04T20:00:00+00:00",
  "publisher": "Veterans Health Administration (VHA)",
  "contact": [
    {
      "telecom": [
        {
          "system": "url",
          "value": "http://hl7.org/Special/committees/[something]"
        }
      ]
    }
  ],
  "description": "COVID-19 Laboratory Value Set for Interleukin 1",
  "jurisdiction": [
    {
      "coding": [
        {
          "system": "http://unstats.un.org/unsd/methods/m49/m49.htm",
          "code": "001"
        }
      ]
    }
  ],
  "compose": {
    "include": [
      {
        "system": "http://loinc.org",
        "concept": [
          {
            "code": "34407-7"
          },
          {
            "code": "4650-8"
          },
          {
            "code": "33821-0"
          },
          {
            "code": "13629-1"
          },
          {
            "code": "55926-0"
          },
          {
            "code": "55927-8"
          },
          {
            "code": "17022-5"
          }
        ]
      }
    ]
  },
  "expansion": {
    "timestamp": "2021-03-14T21:43:10-06:00",
    "contains": [
      {
        "system": "http://loinc.org",
        "code": "34407-7"
      },
      {
        "system": "http://loinc.org",
        "code": "4650-8"
      },
      {
        "system": "http://loinc.org",
        "code": "33821-0"
      },
      {
        "system": "http://loinc.org",
        "code": "13629-1"
      },
      {
        "system": "http://loinc.org",
        "code": "55926-0"
      },
      {
        "system": "http://loinc.org",
        "code": "55927-8"
      },
      {
        "system": "http://loinc.org",
        "code": "17022-5"
      }
    ]
  }
}