{
  "resourceType": "ValueSet",
  "id": "covid-19-lab-fibrin",
  "meta": {
    "profile": [
      "http://hl7.org/fhir/uv/cpg/StructureDefinition/cpg-executablevalueset"
    ]
  },
  "language": "en",
  "text": {
    "status": "generated",
    "div": "<div xmlns=\"http://www.w3.org/1999/xhtml\" xml:lang=\"en\" lang=\"en\"><p>This value set contains 6 concepts</p><p>All codes in this table are from the system <a href=\"http://terminology.hl7.org/3.1.0/CodeSystem-v3-loinc.html\"><code>http://loinc.org</code></a></p><table class=\"codes\"><tr><td style=\"white-space:nowrap\"><b>Code</b></td><td><b>Display</b> - English (English, en)</td></tr><tr><td style=\"white-space:nowrap\"><a name=\"http---loinc.org-91556-1\"> </a>  <a href=\"http://details.loinc.org/LOINC/91556-1.html\">91556-1</a></td><td/></tr><tr><td style=\"white-space:nowrap\"><a name=\"http---loinc.org-48066-5\"> </a>  <a href=\"http://details.loinc.org/LOINC/48066-5.html\">48066-5</a></td><td/></tr><tr><td style=\"white-space:nowrap\"><a name=\"http---loinc.org-48058-2\"> </a>  <a href=\"http://details.loinc.org/LOINC/48058-2.html\">48058-2</a></td><td/></tr><tr><td style=\"white-space:nowrap\"><a name=\"http---loinc.org-71427-9\"> </a>  <a href=\"http://details.loinc.org/LOINC/71427-9.html\">71427-9</a></td><td/></tr><tr><td style=\"white-space:nowrap\"><a name=\"http---loinc.org-48065-7\"> </a>  <a href=\"http://details.loinc.org/LOINC/48065-7.html\">48065-7</a></td><td/></tr><tr><td style=\"white-space:nowrap\"><a name=\"http---loinc.org-48067-3\"> </a>  <a href=\"http://details.loinc.org/LOINC/48067-3.html\">48067-3</a></td><td/></tr></table></div>"
  },
  "extension": [
    {
      "url": "http://hl7.org/fhir/uv/cpg/StructureDefinition/cpg-knowledgeCapability",
      "valueCode": "executable"
    },
    {
      "url": "http://hl7.org/fhir/uv/cpg/StructureDefinition/cpg-knowledgeRepresentationLevel",
      "valueCode": "executable"
    }
  ],
  "url": "http://fhir.org/guides/acep/ValueSet/covid-19-lab-fibrin",
  "version": "0.1.0",
  "name": "COVID19LabFibrin",
  "title": "COVID-19 Laboratory Value Set for Fibrin",
  "status": "active",
  "date": "2022-01-04T20:00:00+00:00",
  "publisher": "Veterans Health Administration (VHA)",
  "contact": [
    {
      "telecom": [
        {
          "system": "url",
          "value": "http://hl7.org/Special/committees/[something]"
        }
      ]
    }
  ],
  "description": "COVID-19 Laboratory Value Set for Fibrin",
  "jurisdiction": [
    {
      "coding": [
        {
          "system": "http://unstats.un.org/unsd/methods/m49/m49.htm",
          "code": "001"
        }
      ]
    }
  ],
  "compose": {
    "include": [
      {
        "system": "http://loinc.org",
        "concept": [
          {
            "code": "91556-1"
          },
          {
            "code": "48066-5"
          },
          {
            "code": "48058-2"
          },
          {
            "code": "71427-9"
          },
          {
            "code": "48065-7"
          },
          {
            "code": "48067-3"
          }
        ]
      }
    ]
  },
  "expansion": {
    "timestamp": "2021-03-14T21:43:10-06:00",
    "contains": [
      {
        "system": "http://loinc.org",
        "code": "91556-1"
      },
      {
        "system": "http://loinc.org",
        "code": "48066-5"
      },
      {
        "system": "http://loinc.org",
        "code": "48058-2"
      },
      {
        "system": "http://loinc.org",
        "code": "71427-9"
      },
      {
        "system": "http://loinc.org",
        "code": "48065-7"
      },
      {
        "system": "http://loinc.org",
        "code": "48067-3"
      }
    ]
  }
}