{
  "resourceType": "ValueSet",
  "id": "covid-19-condition-risk-immunosuppression-snomed",
  "language": "en",
  "text": {
    "status": "generated",
    "div": "<div xmlns=\"http://www.w3.org/1999/xhtml\" xml:lang=\"en\" lang=\"en\"><p>This value set contains 16 concepts</p><p>All codes in this table are from the system <a href=\"http://terminology.hl7.org/3.0.0/CodeSystem-v3-snomed-CT.html\"><code>http://snomed.info/sct</code></a></p><table class=\"codes\"><tr><td style=\"white-space:nowrap\"><b>Code</b></td><td><b>Display</b> - English (English, en)</td></tr><tr><td style=\"white-space:nowrap\"><a name=\"http---snomed.info-sct-17604001\"> </a><a href=\"http://snomed.info/id/17604001\">17604001</a></td><td>Bilateral right-sidedness sequence (disorder)</td></tr><tr><td style=\"white-space:nowrap\"><a name=\"http---snomed.info-sct-300564004\"> </a><a href=\"http://snomed.info/id/300564004\">300564004</a></td><td>Spleen absent (finding)</td></tr><tr><td style=\"white-space:nowrap\"><a name=\"http---snomed.info-sct-38096003\"> </a><a href=\"http://snomed.info/id/38096003\">38096003</a></td><td>Functional asplenia (disorder)</td></tr><tr><td style=\"white-space:nowrap\"><a name=\"http---snomed.info-sct-707147002\"> </a><a href=\"http://snomed.info/id/707147002\">707147002</a></td><td>Asplenia (disorder)</td></tr><tr><td style=\"white-space:nowrap\"><a name=\"http---snomed.info-sct-711407000\"> </a><a href=\"http://snomed.info/id/711407000\">711407000</a></td><td>Thrombocytopathy, asplenia and miosis (disorder)</td></tr><tr><td style=\"white-space:nowrap\"><a name=\"http---snomed.info-sct-724639003\"> </a><a href=\"http://snomed.info/id/724639003\">724639003</a></td><td>Asplenia following surgical procedure (disorder)</td></tr><tr><td style=\"white-space:nowrap\"><a name=\"http---snomed.info-sct-726708009\"> </a><a href=\"http://snomed.info/id/726708009\">726708009</a></td><td>Familial isolated congenital asplenia (disorder)</td></tr><tr><td style=\"white-space:nowrap\"><a name=\"http---snomed.info-sct-93030006\"> </a><a href=\"http://snomed.info/id/93030006\">93030006</a></td><td>Congenital absence of spleen (disorder)</td></tr><tr><td style=\"white-space:nowrap\"><a name=\"http---snomed.info-sct-1003551006\"> </a><a href=\"http://snomed.info/id/1003551006\">1003551006</a></td><td>Agenesis of spleen (disorder)</td></tr><tr><td style=\"white-space:nowrap\"><a name=\"http---snomed.info-sct-702624008\"> </a><a href=\"http://snomed.info/id/702624008\">702624008</a></td><td>Aplasia of spleen (disorder)</td></tr><tr><td style=\"white-space:nowrap\"><a name=\"http---snomed.info-sct-234511009\"> </a><a href=\"http://snomed.info/id/234511009\">234511009</a></td><td>Post-splenectomy disorder (disorder)</td></tr><tr><td style=\"white-space:nowrap\"><a name=\"http---snomed.info-sct-234513007\"> </a><a href=\"http://snomed.info/id/234513007\">234513007</a></td><td>Post-splenectomy leukocytosis (disorder)</td></tr><tr><td style=\"white-space:nowrap\"><a name=\"http---snomed.info-sct-700052007\"> </a><a href=\"http://snomed.info/id/700052007\">700052007</a></td><td>Post-splenectomy sepsis (disorder)</td></tr><tr><td style=\"white-space:nowrap\"><a name=\"http---snomed.info-sct-234512002\"> </a><a href=\"http://snomed.info/id/234512002\">234512002</a></td><td>Post-splenectomy thrombocytosis (disorder)</td></tr><tr><td style=\"white-space:nowrap\"><a name=\"http---snomed.info-sct-161626009\"> </a><a href=\"http://snomed.info/id/161626009\">161626009</a></td><td>History of splenectomy (situation)</td></tr><tr><td style=\"white-space:nowrap\"><a name=\"http---snomed.info-sct-700051000\"> </a><a href=\"http://snomed.info/id/700051000\">700051000</a></td><td>Sepsis in asplenic subject (disorder)</td></tr></table></div>"
  },
  "url": "http://fhir.org/guides/acep/ValueSet/covid-19-condition-risk-immunosuppression-snomed",
  "version": "0.1.0",
  "name": "COVID19SNOMEDConditionRiskImmunosuppression",
  "title": "COVID-19 SNOMED Condition Risk Immunosuppression",
  "status": "active",
  "date": "2022-02-23T18:16:24+00:00",
  "publisher": "Veterans Health Administration (VHA)",
  "contact": [
    {
      "telecom": [
        {
          "system": "url",
          "value": "http://hl7.org/Special/committees/[something]"
        }
      ]
    }
  ],
  "description": "COVID-19 SNOMED Condition Risk Immunosuppression",
  "jurisdiction": [
    {
      "coding": [
        {
          "system": "http://unstats.un.org/unsd/methods/m49/m49.htm",
          "code": "001"
        }
      ]
    }
  ],
  "expansion": {
    "contains": [
      {
        "system": "http://snomed.info/sct",
        "code": "17604001",
        "display": "Bilateral right-sidedness sequence (disorder)"
      },
      {
        "system": "http://snomed.info/sct",
        "code": "300564004",
        "display": "Spleen absent (finding)"
      },
      {
        "system": "http://snomed.info/sct",
        "code": "38096003",
        "display": "Functional asplenia (disorder)"
      },
      {
        "system": "http://snomed.info/sct",
        "code": "707147002",
        "display": "Asplenia (disorder)"
      },
      {
        "system": "http://snomed.info/sct",
        "code": "711407000",
        "display": "Thrombocytopathy, asplenia and miosis (disorder)"
      },
      {
        "system": "http://snomed.info/sct",
        "code": "724639003",
        "display": "Asplenia following surgical procedure (disorder)"
      },
      {
        "system": "http://snomed.info/sct",
        "code": "726708009",
        "display": "Familial isolated congenital asplenia (disorder)"
      },
      {
        "system": "http://snomed.info/sct",
        "code": "93030006",
        "display": "Congenital absence of spleen (disorder)"
      },
      {
        "system": "http://snomed.info/sct",
        "code": "1003551006",
        "display": "Agenesis of spleen (disorder)"
      },
      {
        "system": "http://snomed.info/sct",
        "code": "702624008",
        "display": "Aplasia of spleen (disorder)"
      },
      {
        "system": "http://snomed.info/sct",
        "code": "234511009",
        "display": "Post-splenectomy disorder (disorder)"
      },
      {
        "system": "http://snomed.info/sct",
        "code": "234513007",
        "display": "Post-splenectomy leukocytosis (disorder)"
      },
      {
        "system": "http://snomed.info/sct",
        "code": "700052007",
        "display": "Post-splenectomy sepsis (disorder)"
      },
      {
        "system": "http://snomed.info/sct",
        "code": "234512002",
        "display": "Post-splenectomy thrombocytosis (disorder)"
      },
      {
        "system": "http://snomed.info/sct",
        "code": "161626009",
        "display": "History of splenectomy (situation)"
      },
      {
        "system": "http://snomed.info/sct",
        "code": "700051000",
        "display": "Sepsis in asplenic subject (disorder)"
      }
    ]
  }
}