{
  "resourceType": "ValueSet",
  "id": "covid-19-condition-risk-obstructive-sleep-apnea",
  "language": "en",
  "text": {
    "status": "generated",
    "div": "<div xmlns=\"http://www.w3.org/1999/xhtml\" xml:lang=\"en\" lang=\"en\"><p>This value set contains 9 concepts</p><p style=\"border: black 1px dotted; background-color: #EEEEEE; padding: 8px; margin-bottom: 8px\">Expansion based on SNOMED CT Australian edition 04-Feb 2021</p><p>All codes from system <a href=\"http://terminology.hl7.org/2.1.0/CodeSystem-v3-snomed-CT.html\"><code>http://snomed.info/sct</code></a></p><table class=\"codes\"><tr><td style=\"white-space:nowrap\"><b>Code</b></td><td><b>Display</b></td><td><b>Definition</b></td></tr><tr><td style=\"white-space:nowrap\"><a name=\"http---snomed.info-sct-16275741000119100\"> </a><a href=\"http://browser.ihtsdotools.org/?perspective=full&amp;conceptId1=16275741000119100\">16275741000119100</a></td><td>Severe paediatric obstructive sleep apnea</td><td/></tr><tr><td style=\"white-space:nowrap\"><a name=\"http---snomed.info-sct-774068004\"> </a><a href=\"http://browser.ihtsdotools.org/?perspective=full&amp;conceptId1=774068004\">774068004</a></td><td>AHDC1-related intellectual disability, obstructive sleep apnoea, mild dysmorphism syndrome</td><td/></tr><tr><td style=\"white-space:nowrap\"><a name=\"http---snomed.info-sct-230493001\"> </a><a href=\"http://browser.ihtsdotools.org/?perspective=full&amp;conceptId1=230493001\">230493001</a></td><td>Mixed sleep apnoea</td><td/></tr><tr><td style=\"white-space:nowrap\"><a name=\"http---snomed.info-sct-1091000119108\"> </a><a href=\"http://browser.ihtsdotools.org/?perspective=full&amp;conceptId1=1091000119108\">1091000119108</a></td><td>Obstructive sleep apnea of child</td><td/></tr><tr><td style=\"white-space:nowrap\"><a name=\"http---snomed.info-sct-1101000119103\"> </a><a href=\"http://browser.ihtsdotools.org/?perspective=full&amp;conceptId1=1101000119103\">1101000119103</a></td><td>Obstructive sleep apnea of adult</td><td/></tr><tr><td style=\"white-space:nowrap\"><a name=\"http---snomed.info-sct-765751002\"> </a><a href=\"http://browser.ihtsdotools.org/?perspective=full&amp;conceptId1=765751002\">765751002</a></td><td>Autoimmune encephalopathy with parasomnia and obstructive sleep apnoea</td><td/></tr><tr><td style=\"white-space:nowrap\"><a name=\"http---snomed.info-sct-78275009\"> </a><a href=\"http://browser.ihtsdotools.org/?perspective=full&amp;conceptId1=78275009\">78275009</a></td><td>Obstructive sleep apnea</td><td/></tr><tr><td style=\"white-space:nowrap\"><a name=\"http---snomed.info-sct-101301000119106\"> </a><a href=\"http://browser.ihtsdotools.org/?perspective=full&amp;conceptId1=101301000119106\">101301000119106</a></td><td>Acute hypercapnic respiratory failure due to obstructive sleep apnea (disorder)</td><td/></tr><tr><td style=\"white-space:nowrap\"><a name=\"http---snomed.info-sct-971918681000119107\"> </a><a href=\"http://browser.ihtsdotools.org/?perspective=full&amp;conceptId1=971918681000119107\">971918681000119107</a></td><td>Chronic respiratory failure due to obstructive sleep apnea (disorder)</td><td/></tr></table></div>"
  },
  "url": "http://fhir.org/guides/acep/ValueSet/covid-19-condition-risk-obstructive-sleep-apnea",
  "version": "0.1.0",
  "name": "COVID19RiskFactorObstructiveSleepApnea",
  "title": "COVID-19 Risk Factor Obstructive Sleep Apnea Conditions Value Set",
  "status": "active",
  "date": "2021-08-04T22:02:31+00:00",
  "publisher": "Veterans Health Administration (VHA)",
  "contact": [
    {
      "telecom": [
        {
          "system": "url",
          "value": "http://hl7.org/Special/committees/[something]"
        }
      ]
    }
  ],
  "description": "COVID-19 Risk Factor Obstructive Sleep Apnea Conditions Value Set",
  "jurisdiction": [
    {
      "coding": [
        {
          "system": "http://unstats.un.org/unsd/methods/m49/m49.htm",
          "code": "001"
        }
      ]
    }
  ],
  "expansion": {
    "identifier": "25941b18-e89a-4350-ad5c-cda8cf23fe08",
    "timestamp": "2021-02-20T05:50:11+10:00",
    "total": 9,
    "offset": 0,
    "parameter": [
      {
        "name": "version",
        "valueUri": "http://snomed.info/sct|http://snomed.info/sct/32506021000036107/version/20210204"
      },
      {
        "name": "count",
        "valueInteger": 2147483647
      },
      {
        "name": "offset",
        "valueInteger": 0
      }
    ],
    "contains": [
      {
        "system": "http://snomed.info/sct",
        "code": "16275741000119100",
        "display": "Severe paediatric obstructive sleep apnea"
      },
      {
        "system": "http://snomed.info/sct",
        "code": "774068004",
        "display": "AHDC1-related intellectual disability, obstructive sleep apnoea, mild dysmorphism syndrome"
      },
      {
        "system": "http://snomed.info/sct",
        "code": "230493001",
        "display": "Mixed sleep apnoea"
      },
      {
        "system": "http://snomed.info/sct",
        "code": "1091000119108",
        "display": "Obstructive sleep apnea of child"
      },
      {
        "system": "http://snomed.info/sct",
        "code": "1101000119103",
        "display": "Obstructive sleep apnea of adult"
      },
      {
        "system": "http://snomed.info/sct",
        "code": "765751002",
        "display": "Autoimmune encephalopathy with parasomnia and obstructive sleep apnoea"
      },
      {
        "system": "http://snomed.info/sct",
        "code": "78275009",
        "display": "Obstructive sleep apnea"
      },
      {
        "system": "http://snomed.info/sct",
        "code": "101301000119106",
        "display": "Acute hypercapnic respiratory failure due to obstructive sleep apnea (disorder)"
      },
      {
        "system": "http://snomed.info/sct",
        "code": "971918681000119107",
        "display": "Chronic respiratory failure due to obstructive sleep apnea (disorder)"
      }
    ]
  }
}