{
  "resourceType": "ValueSet",
  "id": "covid-19-condition-risk-renal-disease",
  "language": "en",
  "text": {
    "status": "generated",
    "div": "<div xmlns=\"http://www.w3.org/1999/xhtml\" xml:lang=\"en\" lang=\"en\"><p>This value set contains 1 concepts</p><p>All codes from system <a href=\"http://terminology.hl7.org/2.1.0/CodeSystem-v3-snomed-CT.html\"><code>http://snomed.info/sct</code></a></p><table class=\"codes\"><tr><td style=\"white-space:nowrap\"><b>Code</b></td><td><b>Display</b></td><td><b>Definition</b></td></tr><tr><td style=\"white-space:nowrap\"><a name=\"http---snomed.info-sct-90708001\"> </a><a href=\"http://browser.ihtsdotools.org/?perspective=full&amp;conceptId1=90708001\">90708001</a></td><td>Kidney disease (disorder)</td><td/></tr></table></div>"
  },
  "url": "http://fhir.org/guides/acep/ValueSet/covid-19-condition-risk-renal-disease",
  "version": "0.1.0",
  "name": "COVID19RiskFactorRenalDisease",
  "title": "COVID-19 Risk Factor Renal Disease Conditions Value Set",
  "status": "active",
  "date": "2021-08-10T17:44:05+00:00",
  "publisher": "Veterans Health Administration (VHA)",
  "contact": [
    {
      "telecom": [
        {
          "system": "url",
          "value": "http://hl7.org/Special/committees/[something]"
        }
      ]
    }
  ],
  "description": "COVID-19 Risk Factor Renal Disease Conditions Value Set",
  "jurisdiction": [
    {
      "coding": [
        {
          "system": "http://unstats.un.org/unsd/methods/m49/m49.htm",
          "code": "001"
        }
      ]
    }
  ],
  "expansion": {
    "contains": [
      {
        "system": "http://snomed.info/sct",
        "code": "90708001",
        "display": "Kidney disease (disorder)"
      }
    ]
  }
}