{
  "resourceType": "ValueSet",
  "id": "covid-19-lab-platelets",
  "meta": {
    "profile": [
      "http://hl7.org/fhir/uv/cpg/StructureDefinition/cpg-executablevalueset"
    ]
  },
  "language": "en",
  "text": {
    "status": "generated",
    "div": "<div xmlns=\"http://www.w3.org/1999/xhtml\" xml:lang=\"en\" lang=\"en\"><p>This value set contains 3 concepts</p><p>All codes in this table are from the system <a href=\"http://terminology.hl7.org/3.0.0/CodeSystem-v3-loinc.html\"><code>http://loinc.org</code></a></p><table class=\"codes\"><tr><td style=\"white-space:nowrap\"><b>Code</b></td><td><b>Display</b></td><td><b>Definition</b></td></tr><tr><td style=\"white-space:nowrap\"><a name=\"http---loinc.org-26515-7\"> </a><a href=\"http://details.loinc.org/LOINC/26515-7.html\">26515-7</a></td><td/><td/></tr><tr><td style=\"white-space:nowrap\"><a name=\"http---loinc.org-777-3\"> </a><a href=\"http://details.loinc.org/LOINC/777-3.html\">777-3</a></td><td/><td/></tr><tr><td style=\"white-space:nowrap\"><a name=\"http---loinc.org-778-1\"> </a><a href=\"http://details.loinc.org/LOINC/778-1.html\">778-1</a></td><td/><td/></tr></table></div>"
  },
  "extension": [
    {
      "url": "http://hl7.org/fhir/uv/cpg/StructureDefinition/cpg-knowledgeCapability",
      "valueCode": "executable"
    },
    {
      "url": "http://hl7.org/fhir/uv/cpg/StructureDefinition/cpg-knowledgeRepresentationLevel",
      "valueCode": "executable"
    }
  ],
  "url": "http://fhir.org/guides/acep/ValueSet/covid-19-lab-platelets",
  "version": "0.1.0",
  "name": "COVID19LabBloodPlatelets",
  "title": "COVID-19 Laboratory Value Set for Blood Platelets",
  "status": "active",
  "date": "2021-02-26T20:00:00+00:00",
  "publisher": "Veterans Health Administration (VHA)",
  "contact": [
    {
      "telecom": [
        {
          "system": "url",
          "value": "http://hl7.org/Special/committees/[something]"
        }
      ]
    }
  ],
  "description": "COVID-19 Laboratory Value Set for Blood Platelets",
  "jurisdiction": [
    {
      "coding": [
        {
          "system": "http://unstats.un.org/unsd/methods/m49/m49.htm",
          "code": "001"
        }
      ]
    }
  ],
  "compose": {
    "include": [
      {
        "system": "http://loinc.org",
        "concept": [
          {
            "code": "26515-7"
          },
          {
            "code": "777-3"
          },
          {
            "code": "778-1"
          }
        ]
      }
    ]
  },
  "expansion": {
    "timestamp": "2021-03-14T21:43:10-06:00",
    "contains": [
      {
        "system": "http://loinc.org",
        "code": "26515-7"
      },
      {
        "system": "http://loinc.org",
        "code": "777-3"
      },
      {
        "system": "http://loinc.org",
        "code": "778-1"
      }
    ]
  }
}