[
  {
    "id": "2.16.840.1.113883.3.3616.200.110.102.3028",
    "type": "ValueSet",
    "url": "http://cts.nlm.nih.gov/fhir/ValueSet/2.16.840.1.113883.3.3616.200.110.102.3028",
    "version": "0.1.0",
    "name": "COVID19 ICD10CM Value Set for Cancer, All"
  },
  {
    "id": "2.16.840.1.113883.3.3616.200.110.102.3102",
    "type": "ValueSet",
    "url": "http://cts.nlm.nih.gov/fhir/ValueSet/2.16.840.1.113883.3.3616.200.110.102.3102",
    "version": "0.1.0",
    "name": "COVID19 ICD10CM Value Set for Chronic Kidney Diseases"
  },
  {
    "id": "2.16.840.1.113883.3.3616.200.110.102.3153",
    "type": "ValueSet",
    "url": "http://cts.nlm.nih.gov/fhir/ValueSet/2.16.840.1.113883.3.3616.200.110.102.3153",
    "version": "0.1.0",
    "name": "COVID19 ICD10CM Value Set for Diabetes Mellitus"
  },
  {
    "id": "2.16.840.1.113883.3.3616.200.110.102.6048",
    "type": "ValueSet",
    "url": "http://cts.nlm.nih.gov/fhir/ValueSet/2.16.840.1.113883.3.3616.200.110.102.6048",
    "version": "0.1.0",
    "name": "COVID19 SNOMED Value Set for Cancer, All"
  },
  {
    "id": "2.16.840.1.113883.3.3616.200.110.102.6064",
    "type": "ValueSet",
    "url": "http://cts.nlm.nih.gov/fhir/ValueSet/2.16.840.1.113883.3.3616.200.110.102.6064",
    "version": "0.1.0",
    "name": "COVID19 SNOMED Value Set for Chronic Kidney Diseases"
  },
  {
    "id": "2.16.840.1.113883.3.3616.200.110.102.6100",
    "type": "ValueSet",
    "url": "http://cts.nlm.nih.gov/fhir/ValueSet/2.16.840.1.113883.3.3616.200.110.102.6100",
    "version": "0.1.0",
    "name": "COVID19 SNOMED Value Set for Diabetes Mellitus"
  },
  {
    "id": "fhir.acep.covid19-ed-r4",
    "type": "ImplementationGuide",
    "url": "http://fhir.org/guides/acep/ImplementationGuide/fhir.acep.covid19-ed-r4",
    "version": "0.1.0",
    "name": "COVID19EDSeverityClassification"
  },
  {
    "id": "CDSConnectCommons",
    "type": "Library",
    "url": "http://fhir.org/guides/acep/Library/CDSConnectCommons",
    "version": "0.1.0",
    "name": "CDSConnectCommons"
  },
  {
    "id": "COVID19Concepts",
    "type": "Library",
    "url": "http://fhir.org/guides/acep/Library/COVID19Concepts",
    "version": "0.1.0",
    "name": "COVID19Concepts"
  },
  {
    "id": "COVID19EmergencyDeptAssessment",
    "type": "Library",
    "url": "http://fhir.org/guides/acep/Library/COVID19EmergencyDeptAssessment",
    "version": "0.1.0",
    "name": "COVID19EmergencyDeptAssessment"
  },
  {
    "id": "COVID19EmergencyDeptHooks",
    "type": "Library",
    "url": "http://fhir.org/guides/acep/Library/COVID19EmergencyDeptHooks",
    "version": "0.1.0",
    "name": "COVID19EmergencyDeptHooks"
  },
  {
    "id": "COVID19EmergencyDeptSummary",
    "type": "Library",
    "url": "http://fhir.org/guides/acep/Library/COVID19EmergencyDeptSummary",
    "version": "0.1.0",
    "name": "COVID19EmergencyDeptSummary"
  },
  {
    "id": "FHIRHelpers-4.0.1",
    "type": "Library",
    "url": "http://fhir.org/guides/acep/Library/FHIRHelpers-4.0.1",
    "version": "0.1.0",
    "name": "FHIRHelpers"
  },
  {
    "id": "COVID19EmergencyDeptRecommendation",
    "type": "PlanDefinition",
    "url": "http://fhir.org/guides/acep/PlanDefinition/COVID19EmergencyDeptRecommendation",
    "version": "0.1.0",
    "name": "COVID19EmergencyDeptHooks"
  },
  {
    "id": "covid-19-condition-risk-downs-syndrome-icd10",
    "type": "ValueSet",
    "url": "http://fhir.org/guides/acep/ValueSet/covid-19-condition-risk-downs-syndrome-icd10",
    "version": "0.1.0",
    "name": "COVID19ICD10RiskFactorDownsSyndrome"
  },
  {
    "id": "covid-19-condition-risk-downs-syndrome-snomed",
    "type": "ValueSet",
    "url": "http://fhir.org/guides/acep/ValueSet/covid-19-condition-risk-downs-syndrome-snomed",
    "version": "0.1.0",
    "name": "COVID19SNOMEDRiskFactorDownsSyndrome"
  },
  {
    "id": "covid-19-condition-risk-immunosuppression-icd10",
    "type": "ValueSet",
    "url": "http://fhir.org/guides/acep/ValueSet/covid-19-condition-risk-immunosuppression-icd10",
    "version": "0.1.0",
    "name": "COVID19ICD10ConditionRiskImmunosuppression"
  },
  {
    "id": "covid-19-condition-risk-immunosuppression-snomed",
    "type": "ValueSet",
    "url": "http://fhir.org/guides/acep/ValueSet/covid-19-condition-risk-immunosuppression-snomed",
    "version": "0.1.0",
    "name": "COVID19SNOMEDConditionRiskImmunosuppression"
  },
  {
    "id": "covid-19-condition-risk-steroid-usage-icd10",
    "type": "ValueSet",
    "url": "http://fhir.org/guides/acep/ValueSet/covid-19-condition-risk-steroid-usage-icd10",
    "version": "0.1.0",
    "name": "COVID19ICD10ConditionRiskSteroidUsage"
  },
  {
    "id": "covid-19-condition-risk-steroid-usage-snomed",
    "type": "ValueSet",
    "url": "http://fhir.org/guides/acep/ValueSet/covid-19-condition-risk-steroid-usage-snomed",
    "version": "0.1.0",
    "name": "COVID19SNOMEDConditionRiskSteroidUsage"
  },
  {
    "id": "covid-19-condition-vital-blood-pressure",
    "type": "ValueSet",
    "url": "http://fhir.org/guides/acep/ValueSet/covid-19-condition-vital-blood-pressure",
    "version": "0.1.0",
    "name": "COVID19ConditionVitalBloodPressure"
  },
  {
    "id": "covid-19-lab-alt",
    "type": "ValueSet",
    "url": "http://fhir.org/guides/acep/ValueSet/covid-19-lab-alt",
    "version": "0.1.0",
    "name": "COVID19LabAlt"
  },
  {
    "id": "covid-19-lab-ast",
    "type": "ValueSet",
    "url": "http://fhir.org/guides/acep/ValueSet/covid-19-lab-ast",
    "version": "0.1.0",
    "name": "COVID19LabAst"
  },
  {
    "id": "covid-19-lab-creatinine",
    "type": "ValueSet",
    "url": "http://fhir.org/guides/acep/ValueSet/covid-19-lab-creatinine",
    "version": "0.1.0",
    "name": "COVID19LabCreatinine"
  },
  {
    "id": "covid-19-lab-crp",
    "type": "ValueSet",
    "url": "http://fhir.org/guides/acep/ValueSet/covid-19-lab-crp",
    "version": "0.1.0",
    "name": "COVID19LabCrp"
  },
  {
    "id": "covid-19-lab-ddimer",
    "type": "ValueSet",
    "url": "http://fhir.org/guides/acep/ValueSet/covid-19-lab-ddimer",
    "version": "0.1.0",
    "name": "COVID19LabDdimer"
  },
  {
    "id": "covid-19-lab-ferritin",
    "type": "ValueSet",
    "url": "http://fhir.org/guides/acep/ValueSet/covid-19-lab-ferritin",
    "version": "0.1.0",
    "name": "COVID19LabFerritin"
  },
  {
    "id": "covid-19-lab-fibrin",
    "type": "ValueSet",
    "url": "http://fhir.org/guides/acep/ValueSet/covid-19-lab-fibrin",
    "version": "0.1.0",
    "name": "COVID19LabFibrin"
  },
  {
    "id": "covid-19-lab-immunedysregulation",
    "type": "ValueSet",
    "url": "http://fhir.org/guides/acep/ValueSet/covid-19-lab-immunedysregulation",
    "version": "0.1.0",
    "name": "COVID19LabImmunedysregulation"
  },
  {
    "id": "covid-19-lab-ldh",
    "type": "ValueSet",
    "url": "http://fhir.org/guides/acep/ValueSet/covid-19-lab-ldh",
    "version": "0.1.0",
    "name": "COVID19LabLdh"
  },
  {
    "id": "covid-19-lab-leukocyte",
    "type": "ValueSet",
    "url": "http://fhir.org/guides/acep/ValueSet/covid-19-lab-leukocyte",
    "version": "0.1.0",
    "name": "COVID19LabLeukocyte"
  },
  {
    "id": "covid-19-lab-lymphocytes",
    "type": "ValueSet",
    "url": "http://fhir.org/guides/acep/ValueSet/covid-19-lab-lymphocytes",
    "version": "0.1.0",
    "name": "COVID19LabLymphocytes"
  },
  {
    "id": "covid-19-lab-neutrophils",
    "type": "ValueSet",
    "url": "http://fhir.org/guides/acep/ValueSet/covid-19-lab-neutrophils",
    "version": "0.1.0",
    "name": "COVID19LabNeutrophils"
  },
  {
    "id": "covid-19-lab-pao2fio2",
    "type": "ValueSet",
    "url": "http://fhir.org/guides/acep/ValueSet/covid-19-lab-pao2fio2",
    "version": "0.1.0",
    "name": "COVID19LabPao2fio2"
  },
  {
    "id": "covid-19-lab-platelets",
    "type": "ValueSet",
    "url": "http://fhir.org/guides/acep/ValueSet/covid-19-lab-platelets",
    "version": "0.1.0",
    "name": "COVID19LabBloodPlatelets"
  },
  {
    "id": "covid-19-lab-procalcitonin",
    "type": "ValueSet",
    "url": "http://fhir.org/guides/acep/ValueSet/covid-19-lab-procalcitonin",
    "version": "0.1.0",
    "name": "COVID19LabProcalcitonin"
  },
  {
    "id": "covid-19-lab-troponin",
    "type": "ValueSet",
    "url": "http://fhir.org/guides/acep/ValueSet/covid-19-lab-troponin",
    "version": "0.1.0",
    "name": "COVID19LabTroponin"
  },
  {
    "id": "covid-19-lab-tumor-necrosis",
    "type": "ValueSet",
    "url": "http://fhir.org/guides/acep/ValueSet/covid-19-lab-tumor-necrosis",
    "version": "0.1.0",
    "name": "COVID19LabTumorNecrosis"
  },
  {
    "id": "covid-19-obs-alertness",
    "type": "ValueSet",
    "url": "http://fhir.org/guides/acep/ValueSet/covid-19-obs-alertness",
    "version": "0.1.0",
    "name": "COVID19ObservationAlertness"
  },
  {
    "id": "who-performance-status",
    "type": "ValueSet",
    "url": "http://fhir.org/guides/acep/ValueSet/who-performance-status",
    "version": "0.1.0",
    "name": "WHOPerformanceStatus"
  }
]