[
  {
    "id": "2.16.840.1.113883.3.3616.200.110.102.3028",
    "type": "ValueSet",
    "url": "http://cts.nlm.nih.gov/fhir/ValueSet/2.16.840.1.113883.3.3616.200.110.102.3028",
    "version": "0.1.0",
    "name": "COVID19 ICD10CM Value Set for Cancer, All"
  },
  {
    "id": "2.16.840.1.113883.3.3616.200.110.102.3091",
    "type": "ValueSet",
    "url": "http://cts.nlm.nih.gov/fhir/ValueSet/2.16.840.1.113883.3.3616.200.110.102.3091",
    "version": "0.1.0",
    "name": "COVID19ICD10CMValueSetForObesity"
  },
  {
    "id": "2.16.840.1.113883.3.3616.200.110.102.3102",
    "type": "ValueSet",
    "url": "http://cts.nlm.nih.gov/fhir/ValueSet/2.16.840.1.113883.3.3616.200.110.102.3102",
    "version": "0.1.0",
    "name": "COVID19 ICD10CM Value Set for Chronic Kidney Diseases"
  },
  {
    "id": "2.16.840.1.113883.3.3616.200.110.102.3153",
    "type": "ValueSet",
    "url": "http://cts.nlm.nih.gov/fhir/ValueSet/2.16.840.1.113883.3.3616.200.110.102.3153",
    "version": "0.1.0",
    "name": "COVID19 ICD10CM Value Set for Diabetes Mellitus"
  },
  {
    "id": "2.16.840.1.113883.3.3616.200.110.102.3174",
    "type": "ValueSet",
    "url": "http://cts.nlm.nih.gov/fhir/ValueSet/2.16.840.1.113883.3.3616.200.110.102.3174",
    "version": "0.1.0",
    "name": "COVID19 ICD10CM Value Set for Hypertension"
  },
  {
    "id": "2.16.840.1.113883.3.3616.200.110.102.6048",
    "type": "ValueSet",
    "url": "http://cts.nlm.nih.gov/fhir/ValueSet/2.16.840.1.113883.3.3616.200.110.102.6048",
    "version": "0.1.0",
    "name": "COVID19 SNOMED Value Set for Cancer, All"
  },
  {
    "id": "2.16.840.1.113883.3.3616.200.110.102.6064",
    "type": "ValueSet",
    "url": "http://cts.nlm.nih.gov/fhir/ValueSet/2.16.840.1.113883.3.3616.200.110.102.6064",
    "version": "0.1.0",
    "name": "COVID19 SNOMED Value Set for Chronic Kidney Diseases"
  },
  {
    "id": "2.16.840.1.113883.3.3616.200.110.102.6100",
    "type": "ValueSet",
    "url": "http://cts.nlm.nih.gov/fhir/ValueSet/2.16.840.1.113883.3.3616.200.110.102.6100",
    "version": "0.1.0",
    "name": "COVID19 SNOMED Value Set for Diabetes Mellitus"
  },
  {
    "id": "2.16.840.1.113883.3.3616.200.110.102.6152",
    "type": "ValueSet",
    "url": "http://cts.nlm.nih.gov/fhir/ValueSet/2.16.840.1.113883.3.3616.200.110.102.6152",
    "version": "0.1.0",
    "name": "COVID19 SNOMED Value Set for Hypertension"
  },
  {
    "id": "2.16.840.1.113883.3.3616.200.110.102.6203",
    "type": "ValueSet",
    "url": "http://cts.nlm.nih.gov/fhir/ValueSet/2.16.840.1.113883.3.3616.200.110.102.6203",
    "version": "0.1.0",
    "name": "COVID19SNOMEDValueSetForObesity"
  },
  {
    "id": "fhir.acep.covid19-ed-r4",
    "type": "ImplementationGuide",
    "url": "http://fhir.org/guides/acep/ImplementationGuide/fhir.acep.covid19-ed-r4",
    "version": "0.1.0",
    "name": "COVID19EDSeverityClassification"
  },
  {
    "id": "CDSConnectCommons",
    "type": "Library",
    "url": "http://fhir.org/guides/acep/Library/CDSConnectCommons",
    "version": "0.1.0",
    "name": "CDSConnectCommons"
  },
  {
    "id": "COVID19Concepts",
    "type": "Library",
    "url": "http://fhir.org/guides/acep/Library/COVID19Concepts",
    "version": "0.1.0",
    "name": "COVID19Concepts"
  },
  {
    "id": "COVID19EmergencyDeptAssessment",
    "type": "Library",
    "url": "http://fhir.org/guides/acep/Library/COVID19EmergencyDeptAssessment",
    "version": "0.1.0",
    "name": "COVID19EmergencyDeptAssessment"
  },
  {
    "id": "COVID19EmergencyDeptHooks",
    "type": "Library",
    "url": "http://fhir.org/guides/acep/Library/COVID19EmergencyDeptHooks",
    "version": "0.1.0",
    "name": "COVID19EmergencyDeptHooks"
  },
  {
    "id": "COVID19EmergencyDeptSummary",
    "type": "Library",
    "url": "http://fhir.org/guides/acep/Library/COVID19EmergencyDeptSummary",
    "version": "0.1.0",
    "name": "COVID19EmergencyDeptSummary"
  },
  {
    "id": "FHIRHelpers-4.0.1",
    "type": "Library",
    "url": "http://fhir.org/guides/acep/Library/FHIRHelpers-4.0.1",
    "version": "0.1.0",
    "name": "FHIRHelpers"
  },
  {
    "id": "COVID19EmergencyDeptRecommendation",
    "type": "PlanDefinition",
    "url": "http://fhir.org/guides/acep/PlanDefinition/COVID19EmergencyDeptRecommendation",
    "version": "0.1.0",
    "name": "COVID19EmergencyDeptHooks"
  },
  {
    "id": "covid-19-condition-risk-cardiovascular",
    "type": "ValueSet",
    "url": "http://fhir.org/guides/acep/ValueSet/covid-19-condition-risk-cardiovascular",
    "version": "0.1.0",
    "name": "COVID19RiskFactorCardiovascular"
  },
  {
    "id": "covid-19-condition-risk-downs-syndrome",
    "type": "ValueSet",
    "url": "http://fhir.org/guides/acep/ValueSet/covid-19-condition-risk-downs-syndrome",
    "version": "0.1.0",
    "name": "COVID19RiskFactorDownsSyndrome"
  },
  {
    "id": "covid-19-condition-risk-obstructive-sleep-apnea",
    "type": "ValueSet",
    "url": "http://fhir.org/guides/acep/ValueSet/covid-19-condition-risk-obstructive-sleep-apnea",
    "version": "0.1.0",
    "name": "COVID19RiskFactorObstructiveSleepApnea"
  },
  {
    "id": "covid-19-condition-risk-respiratory",
    "type": "ValueSet",
    "url": "http://fhir.org/guides/acep/ValueSet/covid-19-condition-risk-respiratory",
    "version": "0.1.0",
    "name": "COVID19RiskFactorChronicRespiratory"
  },
  {
    "id": "covid-19-lab-alt",
    "type": "ValueSet",
    "url": "http://fhir.org/guides/acep/ValueSet/covid-19-lab-alt",
    "version": "0.1.0",
    "name": "COVID19LabALT"
  },
  {
    "id": "covid-19-lab-ast",
    "type": "ValueSet",
    "url": "http://fhir.org/guides/acep/ValueSet/covid-19-lab-ast",
    "version": "0.1.0",
    "name": "COVID19LabAST"
  },
  {
    "id": "covid-19-lab-creatinine",
    "type": "ValueSet",
    "url": "http://fhir.org/guides/acep/ValueSet/covid-19-lab-creatinine",
    "version": "0.1.0",
    "name": "COVID19LabCreatinine"
  },
  {
    "id": "covid-19-lab-crp",
    "type": "ValueSet",
    "url": "http://fhir.org/guides/acep/ValueSet/covid-19-lab-crp",
    "version": "0.1.0",
    "name": "COVID19LabCRP"
  },
  {
    "id": "covid-19-lab-ddimer",
    "type": "ValueSet",
    "url": "http://fhir.org/guides/acep/ValueSet/covid-19-lab-ddimer",
    "version": "0.1.0",
    "name": "COVID19LabDDimer"
  },
  {
    "id": "covid-19-lab-ferritin",
    "type": "ValueSet",
    "url": "http://fhir.org/guides/acep/ValueSet/covid-19-lab-ferritin",
    "version": "0.1.0",
    "name": "COVID19LabFerritin"
  },
  {
    "id": "covid-19-lab-ldh",
    "type": "ValueSet",
    "url": "http://fhir.org/guides/acep/ValueSet/covid-19-lab-ldh",
    "version": "0.1.0",
    "name": "COVID19LabLDH"
  },
  {
    "id": "covid-19-lab-leukocyte",
    "type": "ValueSet",
    "url": "http://fhir.org/guides/acep/ValueSet/covid-19-lab-leukocyte",
    "version": "0.1.0",
    "name": "COVID19LabLeukocyte"
  },
  {
    "id": "covid-19-lab-lymphocytes",
    "type": "ValueSet",
    "url": "http://fhir.org/guides/acep/ValueSet/covid-19-lab-lymphocytes",
    "version": "0.1.0",
    "name": "COVID19LabLymphocytes"
  },
  {
    "id": "covid-19-lab-neutrophils",
    "type": "ValueSet",
    "url": "http://fhir.org/guides/acep/ValueSet/covid-19-lab-neutrophils",
    "version": "0.1.0",
    "name": "COVID19LabNeutrophils"
  },
  {
    "id": "covid-19-lab-pao2fio2",
    "type": "ValueSet",
    "url": "http://fhir.org/guides/acep/ValueSet/covid-19-lab-pao2fio2",
    "version": "0.1.0",
    "name": "COVID19LabPaO2FiO2Ratio"
  },
  {
    "id": "covid-19-lab-platelets",
    "type": "ValueSet",
    "url": "http://fhir.org/guides/acep/ValueSet/covid-19-lab-platelets",
    "version": "0.1.0",
    "name": "COVID19LabBloodPlatelets"
  },
  {
    "id": "covid-19-lab-troponin",
    "type": "ValueSet",
    "url": "http://fhir.org/guides/acep/ValueSet/covid-19-lab-troponin",
    "version": "0.1.0",
    "name": "COVID19LabTroponin"
  },
  {
    "id": "covid-19-obs-alertness",
    "type": "ValueSet",
    "url": "http://fhir.org/guides/acep/ValueSet/covid-19-obs-alertness",
    "version": "0.1.0",
    "name": "COVID19ObservationAlertness"
  },
  {
    "id": "who-performance-status",
    "type": "ValueSet",
    "url": "http://fhir.org/guides/acep/ValueSet/who-performance-status",
    "version": "0.1.0",
    "name": "WHOPerformanceStatus"
  }
]