<?xml version="1.0" encoding="UTF-8"?>
<library xmlns="urn:hl7-org:elm:r1" xmlns:t="urn:hl7-org:elm-types:r1" xmlns:xsi="http://www.w3.org/2001/XMLSchema-instance" xmlns:xsd="http://www.w3.org/2001/XMLSchema" xmlns:fhir="http://hl7.org/fhir" xmlns:qdm43="urn:healthit-gov:qdm:v4_3" xmlns:qdm53="urn:healthit-gov:qdm:v5_3" xmlns:a="urn:hl7-org:cql-annotations:r1">
   <annotation translatorOptions="EnableLocators,DisableListDemotion,DisableListPromotion" xsi:type="a:CqlToElmInfo"/>
   <identifier id="COVID19EmergencyDeptSummary" system="http://fhir.org/guides/acep" version="1.0.0"/>
   <schemaIdentifier id="urn:hl7-org:elm" version="r1"/>
   <usings>
      <def localIdentifier="System" uri="urn:hl7-org:elm-types:r1"/>
      <def locator="9:1-9:26" localIdentifier="FHIR" uri="http://hl7.org/fhir" version="4.0.1"/>
   </usings>
   <includes>
      <def locator="14:1-14:65" localIdentifier="C19" path="http://fhir.org/guides/acep/COVID19EmergencyDeptAssessment" version="1.0.0"/>
      <def locator="16:1-16:52" localIdentifier="C3F" path="http://fhir.org/guides/acep/CDSConnectCommons" version="1.0.3"/>
      <def locator="18:1-18:35" localIdentifier="FHIRHelpers" path="http://fhir.org/guides/acep/FHIRHelpers" version="4.0.1"/>
   </includes>
   <contexts>
      <def locator="20:1-20:15" name="Patient"/>
   </contexts>
   <statements>
      <def locator="20:1-20:15" name="Patient" context="Patient">
         <expression xsi:type="SingletonFrom">
            <operand locator="20:1-20:15" dataType="fhir:Patient" templateId="http://hl7.org/fhir/StructureDefinition/Patient" xsi:type="Retrieve"/>
         </expression>
      </def>
      <def locator="223:1-226:3" name="PatientName" context="Patient" accessLevel="Public">
         <expression locator="224:3-226:3" xsi:type="Coalesce">
            <operand locator="224:12-224:37" path="value" xsi:type="Property">
               <source locator="224:12-224:31" path="text" xsi:type="Property">
                  <source locator="224:12-224:26" xsi:type="Indexer">
                     <operand locator="224:12-224:23" path="name" xsi:type="Property">
                        <source locator="224:12-224:18" name="Patient" xsi:type="ExpressionRef"/>
                     </operand>
                     <operand locator="224:25" valueType="t:Integer" value="0" xsi:type="Literal"/>
                  </source>
               </source>
            </operand>
            <operand locator="225:5-225:114" xsi:type="Concatenate">
               <operand locator="225:6-225:60" xsi:type="Concatenate">
                  <operand locator="225:6-225:54" xsi:type="Combine">
                     <source locator="225:14-225:48" xsi:type="Query">
                        <source locator="225:14-225:33" alias="G">
                           <expression locator="225:14-225:31" xsi:type="Flatten">
                              <operand xsi:type="Query">
                                 <source alias="$this">
                                    <expression path="name" xsi:type="Property">
                                       <source name="Patient" xsi:type="ExpressionRef"/>
                                    </expression>
                                 </source>
                                 <where xsi:type="Not">
                                    <operand xsi:type="IsNull">
                                       <operand path="given" xsi:type="Property">
                                          <source name="$this" xsi:type="AliasRef"/>
                                       </operand>
                                    </operand>
                                 </where>
                                 <return distinct="false">
                                    <expression path="given" xsi:type="Property">
                                       <source name="$this" xsi:type="AliasRef"/>
                                    </expression>
                                 </return>
                              </operand>
                           </expression>
                        </source>
                        <return locator="225:35-225:48">
                           <expression locator="225:42-225:48" path="value" scope="G" xsi:type="Property"/>
                        </return>
                     </source>
                     <separator locator="225:51-225:53" valueType="t:String" value=" " xsi:type="Literal"/>
                  </operand>
                  <operand locator="225:58-225:60" valueType="t:String" value=" " xsi:type="Literal"/>
               </operand>
               <operand locator="225:64-225:113" xsi:type="Combine">
                  <source locator="225:72-225:107" xsi:type="Query">
                     <source locator="225:72-225:92" alias="F">
                        <expression locator="225:72-225:90" xsi:type="Query">
                           <source alias="$this">
                              <expression path="name" xsi:type="Property">
                                 <source name="Patient" xsi:type="ExpressionRef"/>
                              </expression>
                           </source>
                           <where xsi:type="Not">
                              <operand xsi:type="IsNull">
                                 <operand path="family" xsi:type="Property">
                                    <source name="$this" xsi:type="AliasRef"/>
                                 </operand>
                              </operand>
                           </where>
                           <return distinct="false">
                              <expression path="family" xsi:type="Property">
                                 <source name="$this" xsi:type="AliasRef"/>
                              </expression>
                           </return>
                        </expression>
                     </source>
                     <return locator="225:94-225:107">
                        <expression locator="225:101-225:107" path="value" scope="F" xsi:type="Property"/>
                     </return>
                  </source>
                  <separator locator="225:110-225:112" valueType="t:String" value=" " xsi:type="Literal"/>
               </operand>
            </operand>
         </expression>
      </def>
      <def locator="25:1-31:1" name="PatientSummary" context="Patient" accessLevel="Public">
         <expression locator="25:24-31:1" xsi:type="Tuple">
            <element name="Name">
               <value locator="26:9-26:19" name="PatientName" xsi:type="ExpressionRef"/>
            </element>
            <element name="Gender">
               <value locator="27:11-27:30" path="value" xsi:type="Property">
                  <source locator="27:11-27:24" path="gender" xsi:type="Property">
                     <source locator="27:11-27:17" name="Patient" xsi:type="ExpressionRef"/>
                  </source>
               </value>
            </element>
            <element name="BirthSex">
               <value locator="28:13-28:35" name="Patient Birth Sex" libraryName="C19" xsi:type="ExpressionRef"/>
            </element>
            <element name="Age">
               <value locator="29:8-29:19" precision="Year" xsi:type="CalculateAge">
                  <operand path="birthDate.value" xsi:type="Property">
                     <source name="Patient" xsi:type="ExpressionRef"/>
                  </operand>
               </value>
            </element>
            <element name="Race">
               <value locator="30:9-30:31" name="Patient Race Text" libraryName="C19" xsi:type="ExpressionRef"/>
            </element>
         </expression>
      </def>
      <def locator="210:1-211:119" name="ConceptText" context="Patient" accessLevel="Public" xsi:type="FunctionDef">
         <expression locator="211:3-211:119" xsi:type="Coalesce">
            <operand locator="211:12-211:23" path="value" xsi:type="Property">
               <source locator="211:12-211:17" path="text" xsi:type="Property">
                  <source locator="211:12" name="c" xsi:type="OperandRef"/>
               </source>
            </operand>
            <operand locator="211:26-211:72" xsi:type="Coalesce">
               <operand locator="211:35-211:71" xsi:type="Query">
                  <source locator="211:35-211:47" alias="c2">
                     <expression locator="211:35-211:44" path="coding" xsi:type="Property">
                        <source locator="211:36" name="c" xsi:type="OperandRef"/>
                     </expression>
                  </source>
                  <return locator="211:49-211:71">
                     <expression locator="211:56-211:71" path="value" xsi:type="Property">
                        <source locator="211:56-211:65" path="display" scope="c2" xsi:type="Property"/>
                     </expression>
                  </return>
               </operand>
            </operand>
            <operand locator="211:75-211:118" xsi:type="Coalesce">
               <operand locator="211:84-211:117" xsi:type="Query">
                  <source locator="211:84-211:96" alias="c3">
                     <expression locator="211:84-211:93" path="coding" xsi:type="Property">
                        <source locator="211:85" name="c" xsi:type="OperandRef"/>
                     </expression>
                  </source>
                  <return locator="211:98-211:117">
                     <expression locator="211:105-211:117" path="value" xsi:type="Property">
                        <source locator="211:105-211:111" path="code" scope="c3" xsi:type="Property"/>
                     </expression>
                  </return>
               </operand>
            </operand>
         </expression>
         <operand name="c">
            <operandTypeSpecifier locator="210:31-210:50" name="fhir:CodeableConcept" xsi:type="NamedTypeSpecifier"/>
         </operand>
      </def>
      <def locator="217:1-221:30" name="QuantityText" context="Patient" accessLevel="Public" xsi:type="FunctionDef">
         <expression locator="218:3-221:30" xsi:type="If">
            <condition asType="t:Boolean" xsi:type="As">
               <operand locator="218:6-218:16" xsi:type="IsNull">
                  <operand locator="218:7" name="q" xsi:type="OperandRef"/>
               </operand>
            </condition>
            <then asType="t:String" xsi:type="As">
               <operand locator="218:23-218:26" xsi:type="Null"/>
            </then>
            <else locator="219:8-221:30" xsi:type="If">
               <condition asType="t:Boolean" xsi:type="As">
                  <operand locator="219:11-219:60" xsi:type="And">
                     <operand locator="219:12-219:29" xsi:type="Not">
                        <operand locator="219:12-219:29" xsi:type="IsNull">
                           <operand locator="219:12-219:17" path="unit" xsi:type="Property">
                              <source locator="219:12" name="q" xsi:type="OperandRef"/>
                           </operand>
                        </operand>
                     </operand>
                     <operand locator="219:35-219:59" xsi:type="Not">
                        <operand locator="219:35-219:59" xsi:type="Equal">
                           <operand locator="219:35-219:46" path="value" xsi:type="Property">
                              <source locator="219:35-219:40" path="unit" xsi:type="Property">
                                 <source locator="219:35" name="q" xsi:type="OperandRef"/>
                              </source>
                           </operand>
                           <operand locator="219:51-219:59" valueType="t:String" value="{score}" xsi:type="Literal"/>
                        </operand>
                     </operand>
                  </operand>
               </condition>
               <then locator="219:67-219:110" xsi:type="Concatenate">
                  <operand locator="219:67-219:95" xsi:type="Concatenate">
                     <operand locator="219:67-219:89" xsi:type="ToString">
                        <operand locator="219:76-219:88" path="value" xsi:type="Property">
                           <source locator="219:76-219:82" path="value" xsi:type="Property">
                              <source locator="219:76" name="q" xsi:type="OperandRef"/>
                           </source>
                        </operand>
                     </operand>
                     <operand locator="219:93-219:95" valueType="t:String" value=" " xsi:type="Literal"/>
                  </operand>
                  <operand locator="219:99-219:110" path="value" xsi:type="Property">
                     <source locator="219:99-219:104" path="unit" xsi:type="Property">
                        <source locator="219:99" name="q" xsi:type="OperandRef"/>
                     </source>
                  </operand>
               </then>
               <else locator="220:8-221:30" xsi:type="If">
                  <condition asType="t:Boolean" xsi:type="As">
                     <operand locator="220:11-220:60" xsi:type="And">
                        <operand locator="220:12-220:29" xsi:type="Not">
                           <operand locator="220:12-220:29" xsi:type="IsNull">
                              <operand locator="220:12-220:17" path="code" xsi:type="Property">
                                 <source locator="220:12" name="q" xsi:type="OperandRef"/>
                              </operand>
                           </operand>
                        </operand>
                        <operand locator="220:35-220:59" xsi:type="Not">
                           <operand locator="220:35-220:59" xsi:type="Equal">
                              <operand locator="220:35-220:46" path="value" xsi:type="Property">
                                 <source locator="220:35-220:40" path="code" xsi:type="Property">
                                    <source locator="220:35" name="q" xsi:type="OperandRef"/>
                                 </source>
                              </operand>
                              <operand locator="220:51-220:59" valueType="t:String" value="{score}" xsi:type="Literal"/>
                           </operand>
                        </operand>
                     </operand>
                  </condition>
                  <then locator="220:67-220:110" xsi:type="Concatenate">
                     <operand locator="220:67-220:95" xsi:type="Concatenate">
                        <operand locator="220:67-220:89" xsi:type="ToString">
                           <operand locator="220:76-220:88" path="value" xsi:type="Property">
                              <source locator="220:76-220:82" path="value" xsi:type="Property">
                                 <source locator="220:76" name="q" xsi:type="OperandRef"/>
                              </source>
                           </operand>
                        </operand>
                        <operand locator="220:93-220:95" valueType="t:String" value=" " xsi:type="Literal"/>
                     </operand>
                     <operand locator="220:99-220:110" path="value" xsi:type="Property">
                        <source locator="220:99-220:104" path="code" xsi:type="Property">
                           <source locator="220:99" name="q" xsi:type="OperandRef"/>
                        </source>
                     </operand>
                  </then>
                  <else locator="221:8-221:30" xsi:type="ToString">
                     <operand locator="221:17-221:29" path="value" xsi:type="Property">
                        <source locator="221:17-221:23" path="value" xsi:type="Property">
                           <source locator="221:17" name="q" xsi:type="OperandRef"/>
                        </source>
                     </operand>
                  </else>
               </else>
            </else>
         </expression>
         <operand name="q">
            <operandTypeSpecifier locator="217:32-217:44" name="fhir:Quantity" xsi:type="NamedTypeSpecifier"/>
         </operand>
      </def>
      <def locator="261:1-262:35" name="LabReferenceRangeLow" context="Patient" accessLevel="Public" xsi:type="FunctionDef">
         <expression locator="262:3-262:35" path="value" xsi:type="Property">
            <source locator="262:3-262:29" path="low" xsi:type="Property">
               <source locator="262:3-262:25" xsi:type="First">
                  <source locator="262:9-262:24" path="referenceRange" xsi:type="Property">
                     <source locator="262:9" name="o" xsi:type="OperandRef"/>
                  </source>
               </source>
            </source>
         </expression>
         <operand name="o">
            <operandTypeSpecifier locator="261:40-261:55" name="fhir:Observation" xsi:type="NamedTypeSpecifier"/>
         </operand>
      </def>
      <def locator="264:1-265:36" name="LabReferenceRangeHigh" context="Patient" accessLevel="Public" xsi:type="FunctionDef">
         <expression locator="265:3-265:36" path="value" xsi:type="Property">
            <source locator="265:3-265:30" path="high" xsi:type="Property">
               <source locator="265:3-265:25" xsi:type="First">
                  <source locator="265:9-265:24" path="referenceRange" xsi:type="Property">
                     <source locator="265:9" name="o" xsi:type="OperandRef"/>
                  </source>
               </source>
            </source>
         </expression>
         <operand name="o">
            <operandTypeSpecifier locator="264:41-264:56" name="fhir:Observation" xsi:type="NamedTypeSpecifier"/>
         </operand>
      </def>
      <def locator="254:1-259:5" name="LabReferenceRange" context="Patient" accessLevel="Public" xsi:type="FunctionDef">
         <expression locator="255:3-259:5" xsi:type="If">
            <condition asType="t:Boolean" xsi:type="As">
               <operand locator="255:6-255:44" xsi:type="Or">
                  <operand locator="255:7-255:15" xsi:type="IsNull">
                     <operand locator="255:7" name="o" xsi:type="OperandRef"/>
                  </operand>
                  <operand locator="255:20-255:43" xsi:type="IsNull">
                     <operand locator="255:20-255:35" path="referenceRange" xsi:type="Property">
                        <source locator="255:20" name="o" xsi:type="OperandRef"/>
                     </operand>
                  </operand>
               </operand>
            </condition>
            <then asType="t:String" xsi:type="As">
               <operand locator="255:51-255:54" xsi:type="Null"/>
            </then>
            <else locator="257:5-259:5" xsi:type="Coalesce">
               <operand name="ToString" libraryName="FHIRHelpers" xsi:type="FunctionRef">
                  <operand locator="257:14-257:41" xsi:type="First">
                     <source locator="257:20-257:40" xsi:type="Query">
                        <source alias="$this">
                           <expression locator="257:20-257:35" path="referenceRange" xsi:type="Property">
                              <source locator="257:20" name="o" xsi:type="OperandRef"/>
                           </expression>
                        </source>
                        <where xsi:type="Not">
                           <operand xsi:type="IsNull">
                              <operand path="text" xsi:type="Property">
                                 <source name="$this" xsi:type="AliasRef"/>
                              </operand>
                           </operand>
                        </where>
                        <return distinct="false">
                           <expression path="text" xsi:type="Property">
                              <source name="$this" xsi:type="AliasRef"/>
                           </expression>
                        </return>
                     </source>
                  </operand>
               </operand>
               <operand locator="258:7-258:84" xsi:type="Concatenate">
                  <operand locator="258:7-258:47" xsi:type="Concatenate">
                     <operand locator="258:7-258:39" xsi:type="ToString">
                        <operand name="ToDecimal" libraryName="FHIRHelpers" xsi:type="FunctionRef">
                           <operand locator="258:16-258:38" name="LabReferenceRangeLow" xsi:type="FunctionRef">
                              <operand locator="258:37" name="o" xsi:type="OperandRef"/>
                           </operand>
                        </operand>
                     </operand>
                     <operand locator="258:43-258:47" valueType="t:String" value=" - " xsi:type="Literal"/>
                  </operand>
                  <operand locator="258:51-258:84" xsi:type="ToString">
                     <operand name="ToDecimal" libraryName="FHIRHelpers" xsi:type="FunctionRef">
                        <operand locator="258:60-258:83" name="LabReferenceRangeHigh" xsi:type="FunctionRef">
                           <operand locator="258:82" name="o" xsi:type="OperandRef"/>
                        </operand>
                     </operand>
                  </operand>
               </operand>
            </else>
         </expression>
         <operand name="o">
            <operandTypeSpecifier locator="254:37-254:52" name="fhir:Observation" xsi:type="NamedTypeSpecifier"/>
         </operand>
      </def>
      <def locator="272:1-281:8" name="LabInterpretation" context="Patient" accessLevel="Public" xsi:type="FunctionDef">
         <expression locator="273:3-281:8" xsi:type="If">
            <condition asType="t:Boolean" xsi:type="As">
               <operand locator="273:6-273:35" xsi:type="Not">
                  <operand locator="273:7-273:34" xsi:type="IsNull">
                     <operand locator="273:7-273:22" path="interpretation" xsi:type="Property">
                        <source locator="273:7" name="o" xsi:type="OperandRef"/>
                     </operand>
                  </operand>
               </operand>
            </condition>
            <then name="ToString" libraryName="FHIRHelpers" xsi:type="FunctionRef">
               <operand locator="274:5-274:89" xsi:type="Coalesce">
                  <operand locator="274:14-274:41" xsi:type="First">
                     <source locator="274:20-274:40" xsi:type="Query">
                        <source alias="$this">
                           <expression locator="274:20-274:35" path="interpretation" xsi:type="Property">
                              <source locator="274:20" name="o" xsi:type="OperandRef"/>
                           </expression>
                        </source>
                        <where xsi:type="Not">
                           <operand xsi:type="IsNull">
                              <operand path="text" xsi:type="Property">
                                 <source name="$this" xsi:type="AliasRef"/>
                              </operand>
                           </operand>
                        </where>
                        <return distinct="false">
                           <expression path="text" xsi:type="Property">
                              <source name="$this" xsi:type="AliasRef"/>
                           </expression>
                        </return>
                     </source>
                  </operand>
                  <operand locator="274:44-274:88" xsi:type="First">
                     <source locator="274:50-274:87" xsi:type="Query">
                        <source alias="$this">
                           <expression locator="274:50-274:79" path="coding" xsi:type="Property">
                              <source locator="274:50-274:72" xsi:type="First">
                                 <source locator="274:56-274:71" path="interpretation" xsi:type="Property">
                                    <source locator="274:56" name="o" xsi:type="OperandRef"/>
                                 </source>
                              </source>
                           </expression>
                        </source>
                        <where xsi:type="Not">
                           <operand xsi:type="IsNull">
                              <operand path="display" xsi:type="Property">
                                 <source name="$this" xsi:type="AliasRef"/>
                              </operand>
                           </operand>
                        </where>
                        <return distinct="false">
                           <expression path="display" xsi:type="Property">
                              <source name="$this" xsi:type="AliasRef"/>
                           </expression>
                        </return>
                     </source>
                  </operand>
               </operand>
            </then>
            <else locator="275:8-281:8" xsi:type="If">
               <condition asType="t:Boolean" xsi:type="As">
                  <operand locator="275:11-275:38" xsi:type="Not">
                     <operand locator="275:11-275:38" xsi:type="IsNull">
                        <operand locator="275:11-275:26" path="referenceRange" xsi:type="Property">
                           <source locator="275:11" name="o" xsi:type="OperandRef"/>
                        </operand>
                     </operand>
                  </operand>
               </condition>
               <then locator="277:5-279:13" xsi:type="If">
                  <condition asType="t:Boolean" xsi:type="As">
                     <operand locator="277:8-277:46" xsi:type="Less">
                        <operand xsi:type="Case">
                           <caseItem>
                              <when isType="t:Integer" xsi:type="Is">
                                 <operand locator="277:8-277:20" path="value" xsi:type="Property">
                                    <source locator="277:8-277:14" path="value" xsi:type="Property">
                                       <source locator="277:8" name="o" xsi:type="OperandRef"/>
                                    </source>
                                 </operand>
                              </when>
                              <then xsi:type="ToDecimal">
                                 <operand asType="t:Integer" xsi:type="As">
                                    <operand locator="277:8-277:20" path="value" xsi:type="Property">
                                       <source locator="277:8-277:14" path="value" xsi:type="Property">
                                          <source locator="277:8" name="o" xsi:type="OperandRef"/>
                                       </source>
                                    </operand>
                                 </operand>
                              </then>
                           </caseItem>
                           <caseItem>
                              <when isType="fhir:decimal" xsi:type="Is">
                                 <operand locator="277:8-277:20" path="value" xsi:type="Property">
                                    <source locator="277:8-277:14" path="value" xsi:type="Property">
                                       <source locator="277:8" name="o" xsi:type="OperandRef"/>
                                    </source>
                                 </operand>
                              </when>
                              <then name="ToDecimal" libraryName="FHIRHelpers" xsi:type="FunctionRef">
                                 <operand asType="fhir:decimal" xsi:type="As">
                                    <operand locator="277:8-277:20" path="value" xsi:type="Property">
                                       <source locator="277:8-277:14" path="value" xsi:type="Property">
                                          <source locator="277:8" name="o" xsi:type="OperandRef"/>
                                       </source>
                                    </operand>
                                 </operand>
                              </then>
                           </caseItem>
                           <else resultTypeName="t:Decimal" xsi:type="Null"/>
                        </operand>
                        <operand name="ToDecimal" libraryName="FHIRHelpers" xsi:type="FunctionRef">
                           <operand locator="277:24-277:46" name="LabReferenceRangeLow" xsi:type="FunctionRef">
                              <operand locator="277:45" name="o" xsi:type="OperandRef"/>
                           </operand>
                        </operand>
                     </operand>
                  </condition>
                  <then locator="277:53-277:55" valueType="t:String" value="L" xsi:type="Literal"/>
                  <else locator="278:10-279:13" xsi:type="If">
                     <condition asType="t:Boolean" xsi:type="As">
                        <operand locator="278:13-278:52" xsi:type="Greater">
                           <operand xsi:type="Case">
                              <caseItem>
                                 <when isType="t:Integer" xsi:type="Is">
                                    <operand locator="278:13-278:25" path="value" xsi:type="Property">
                                       <source locator="278:13-278:19" path="value" xsi:type="Property">
                                          <source locator="278:13" name="o" xsi:type="OperandRef"/>
                                       </source>
                                    </operand>
                                 </when>
                                 <then xsi:type="ToDecimal">
                                    <operand asType="t:Integer" xsi:type="As">
                                       <operand locator="278:13-278:25" path="value" xsi:type="Property">
                                          <source locator="278:13-278:19" path="value" xsi:type="Property">
                                             <source locator="278:13" name="o" xsi:type="OperandRef"/>
                                          </source>
                                       </operand>
                                    </operand>
                                 </then>
                              </caseItem>
                              <caseItem>
                                 <when isType="fhir:decimal" xsi:type="Is">
                                    <operand locator="278:13-278:25" path="value" xsi:type="Property">
                                       <source locator="278:13-278:19" path="value" xsi:type="Property">
                                          <source locator="278:13" name="o" xsi:type="OperandRef"/>
                                       </source>
                                    </operand>
                                 </when>
                                 <then name="ToDecimal" libraryName="FHIRHelpers" xsi:type="FunctionRef">
                                    <operand asType="fhir:decimal" xsi:type="As">
                                       <operand locator="278:13-278:25" path="value" xsi:type="Property">
                                          <source locator="278:13-278:19" path="value" xsi:type="Property">
                                             <source locator="278:13" name="o" xsi:type="OperandRef"/>
                                          </source>
                                       </operand>
                                    </operand>
                                 </then>
                              </caseItem>
                              <else resultTypeName="t:Decimal" xsi:type="Null"/>
                           </operand>
                           <operand name="ToDecimal" libraryName="FHIRHelpers" xsi:type="FunctionRef">
                              <operand locator="278:29-278:52" name="LabReferenceRangeHigh" xsi:type="FunctionRef">
                                 <operand locator="278:51" name="o" xsi:type="OperandRef"/>
                              </operand>
                           </operand>
                        </operand>
                     </condition>
                     <then locator="278:59-278:61" valueType="t:String" value="H" xsi:type="Literal"/>
                     <else asType="t:String" xsi:type="As">
                        <operand locator="279:10-279:13" xsi:type="Null"/>
                     </else>
                  </else>
               </then>
               <else asType="t:String" xsi:type="As">
                  <operand locator="281:5-281:8" xsi:type="Null"/>
               </else>
            </else>
         </expression>
         <operand name="o">
            <operandTypeSpecifier locator="272:37-272:52" name="fhir:Observation" xsi:type="NamedTypeSpecifier"/>
         </operand>
      </def>
      <def locator="267:1-270:12" name="LabReferenceRangeFlag" context="Patient" accessLevel="Public" xsi:type="FunctionDef">
         <expression locator="268:3-270:12" xsi:type="If">
            <condition asType="t:Boolean" xsi:type="As">
               <operand locator="268:6-269:50" xsi:type="Or">
                  <operand locator="268:7-268:45" xsi:type="Less">
                     <operand xsi:type="Case">
                        <caseItem>
                           <when isType="t:Integer" xsi:type="Is">
                              <operand locator="268:7-268:19" path="value" xsi:type="Property">
                                 <source locator="268:7-268:13" path="value" xsi:type="Property">
                                    <source locator="268:7" name="o" xsi:type="OperandRef"/>
                                 </source>
                              </operand>
                           </when>
                           <then xsi:type="ToDecimal">
                              <operand asType="t:Integer" xsi:type="As">
                                 <operand locator="268:7-268:19" path="value" xsi:type="Property">
                                    <source locator="268:7-268:13" path="value" xsi:type="Property">
                                       <source locator="268:7" name="o" xsi:type="OperandRef"/>
                                    </source>
                                 </operand>
                              </operand>
                           </then>
                        </caseItem>
                        <caseItem>
                           <when isType="fhir:decimal" xsi:type="Is">
                              <operand locator="268:7-268:19" path="value" xsi:type="Property">
                                 <source locator="268:7-268:13" path="value" xsi:type="Property">
                                    <source locator="268:7" name="o" xsi:type="OperandRef"/>
                                 </source>
                              </operand>
                           </when>
                           <then name="ToDecimal" libraryName="FHIRHelpers" xsi:type="FunctionRef">
                              <operand asType="fhir:decimal" xsi:type="As">
                                 <operand locator="268:7-268:19" path="value" xsi:type="Property">
                                    <source locator="268:7-268:13" path="value" xsi:type="Property">
                                       <source locator="268:7" name="o" xsi:type="OperandRef"/>
                                    </source>
                                 </operand>
                              </operand>
                           </then>
                        </caseItem>
                        <else resultTypeName="t:Decimal" xsi:type="Null"/>
                     </operand>
                     <operand name="ToDecimal" libraryName="FHIRHelpers" xsi:type="FunctionRef">
                        <operand locator="268:23-268:45" name="LabReferenceRangeLow" xsi:type="FunctionRef">
                           <operand locator="268:44" name="o" xsi:type="OperandRef"/>
                        </operand>
                     </operand>
                  </operand>
                  <operand locator="269:10-269:49" xsi:type="Greater">
                     <operand xsi:type="Case">
                        <caseItem>
                           <when isType="t:Integer" xsi:type="Is">
                              <operand locator="269:10-269:22" path="value" xsi:type="Property">
                                 <source locator="269:10-269:16" path="value" xsi:type="Property">
                                    <source locator="269:10" name="o" xsi:type="OperandRef"/>
                                 </source>
                              </operand>
                           </when>
                           <then xsi:type="ToDecimal">
                              <operand asType="t:Integer" xsi:type="As">
                                 <operand locator="269:10-269:22" path="value" xsi:type="Property">
                                    <source locator="269:10-269:16" path="value" xsi:type="Property">
                                       <source locator="269:10" name="o" xsi:type="OperandRef"/>
                                    </source>
                                 </operand>
                              </operand>
                           </then>
                        </caseItem>
                        <caseItem>
                           <when isType="fhir:decimal" xsi:type="Is">
                              <operand locator="269:10-269:22" path="value" xsi:type="Property">
                                 <source locator="269:10-269:16" path="value" xsi:type="Property">
                                    <source locator="269:10" name="o" xsi:type="OperandRef"/>
                                 </source>
                              </operand>
                           </when>
                           <then name="ToDecimal" libraryName="FHIRHelpers" xsi:type="FunctionRef">
                              <operand asType="fhir:decimal" xsi:type="As">
                                 <operand locator="269:10-269:22" path="value" xsi:type="Property">
                                    <source locator="269:10-269:16" path="value" xsi:type="Property">
                                       <source locator="269:10" name="o" xsi:type="OperandRef"/>
                                    </source>
                                 </operand>
                              </operand>
                           </then>
                        </caseItem>
                        <else resultTypeName="t:Decimal" xsi:type="Null"/>
                     </operand>
                     <operand name="ToDecimal" libraryName="FHIRHelpers" xsi:type="FunctionRef">
                        <operand locator="269:26-269:49" name="LabReferenceRangeHigh" xsi:type="FunctionRef">
                           <operand locator="269:48" name="o" xsi:type="OperandRef"/>
                        </operand>
                     </operand>
                  </operand>
               </operand>
            </condition>
            <then locator="269:57-269:60" valueType="t:Boolean" value="true" xsi:type="Literal"/>
            <else locator="270:8-270:12" valueType="t:Boolean" value="false" xsi:type="Literal"/>
         </expression>
         <operand name="o">
            <operandTypeSpecifier locator="267:41-267:56" name="fhir:Observation" xsi:type="NamedTypeSpecifier"/>
         </operand>
      </def>
      <def locator="240:1-252:5" name="ReportLabObservation" context="Patient" accessLevel="Public" xsi:type="FunctionDef">
         <expression locator="241:3-252:5" xsi:type="If">
            <condition asType="t:Boolean" xsi:type="As">
               <operand locator="241:6-241:16" xsi:type="IsNull">
                  <operand locator="241:7" name="o" xsi:type="OperandRef"/>
               </operand>
            </condition>
            <then xsi:type="As">
               <operand locator="241:23-241:26" xsi:type="Null"/>
               <asTypeSpecifier xsi:type="TupleTypeSpecifier">
                  <element name="Date">
                     <type name="t:String" xsi:type="NamedTypeSpecifier"/>
                  </element>
                  <element name="Name">
                     <type name="t:String" xsi:type="NamedTypeSpecifier"/>
                  </element>
                  <element name="ResultText">
                     <type name="t:String" xsi:type="NamedTypeSpecifier"/>
                  </element>
                  <element name="ResultValue">
                     <type name="t:Decimal" xsi:type="NamedTypeSpecifier"/>
                  </element>
                  <element name="ResultUnits">
                     <type name="t:String" xsi:type="NamedTypeSpecifier"/>
                  </element>
                  <element name="ReferenceRange">
                     <type name="t:String" xsi:type="NamedTypeSpecifier"/>
                  </element>
                  <element name="Interpretation">
                     <type name="t:String" xsi:type="NamedTypeSpecifier"/>
                  </element>
                  <element name="Flag">
                     <type name="t:Boolean" xsi:type="NamedTypeSpecifier"/>
                  </element>
               </asTypeSpecifier>
            </then>
            <else locator="243:5-252:5" xsi:type="Tuple">
               <element name="Date">
                  <value locator="244:15-244:39" xsi:type="ToString">
                     <operand locator="244:24-244:38" name="FindDate" libraryName="C3F" xsi:type="FunctionRef">
                        <operand locator="244:37" name="o" xsi:type="OperandRef"/>
                     </operand>
                  </value>
               </element>
               <element name="Name">
                  <value locator="245:15-245:33" name="ConceptText" xsi:type="FunctionRef">
                     <operand locator="245:27-245:32" path="code" xsi:type="Property">
                        <source locator="245:27" name="o" xsi:type="OperandRef"/>
                     </operand>
                  </value>
               </element>
               <element name="ResultText">
                  <value locator="246:19-246:56" name="QuantityText" xsi:type="FunctionRef">
                     <operand locator="246:32-246:55" strict="false" xsi:type="As">
                        <operand locator="246:32-246:38" path="value" xsi:type="Property">
                           <source locator="246:32" name="o" xsi:type="OperandRef"/>
                        </operand>
                        <asTypeSpecifier locator="246:43-246:55" name="fhir:Quantity" xsi:type="NamedTypeSpecifier"/>
                     </operand>
                  </value>
               </element>
               <element name="ResultValue">
                  <value locator="247:20-247:83" path="value" xsi:type="Property">
                     <source locator="247:20-247:77" classType="t:Quantity" xsi:type="Instance">
                        <element name="value">
                           <value name="ToDecimal" libraryName="FHIRHelpers" xsi:type="FunctionRef">
                              <operand locator="247:45-247:76" path="value" xsi:type="Property">
                                 <source locator="247:45-247:70" strict="false" xsi:type="As">
                                    <operand locator="247:46-247:52" path="value" xsi:type="Property">
                                       <source locator="247:46" name="o" xsi:type="OperandRef"/>
                                    </operand>
                                    <asTypeSpecifier locator="247:57-247:69" name="fhir:Quantity" xsi:type="NamedTypeSpecifier"/>
                                 </source>
                              </operand>
                           </value>
                        </element>
                     </source>
                  </value>
               </element>
               <element name="ResultUnits">
                  <value locator="248:20-248:56" path="value" xsi:type="Property">
                     <source locator="248:20-248:50" path="unit" xsi:type="Property">
                        <source locator="248:20-248:45" strict="false" xsi:type="As">
                           <operand locator="248:21-248:27" path="value" xsi:type="Property">
                              <source locator="248:21" name="o" xsi:type="OperandRef"/>
                           </operand>
                           <asTypeSpecifier locator="248:32-248:44" name="fhir:Quantity" xsi:type="NamedTypeSpecifier"/>
                        </source>
                     </source>
                  </value>
               </element>
               <element name="ReferenceRange">
                  <value locator="249:23-249:42" name="LabReferenceRange" xsi:type="FunctionRef">
                     <operand locator="249:41" name="o" xsi:type="OperandRef"/>
                  </value>
               </element>
               <element name="Interpretation">
                  <value locator="250:23-250:42" name="LabInterpretation" xsi:type="FunctionRef">
                     <operand locator="250:41" name="o" xsi:type="OperandRef"/>
                  </value>
               </element>
               <element name="Flag">
                  <value locator="251:13-251:36" name="LabReferenceRangeFlag" xsi:type="FunctionRef">
                     <operand locator="251:35" name="o" xsi:type="OperandRef"/>
                  </value>
               </element>
            </else>
         </expression>
         <operand name="o">
            <operandTypeSpecifier locator="240:40-240:55" name="fhir:Observation" xsi:type="NamedTypeSpecifier"/>
         </operand>
      </def>
      <def locator="92:1-108:1" name="DiagnosticSummary" context="Patient" accessLevel="Public">
         <expression locator="92:27-108:1" xsi:type="Tuple">
            <element name="ALT">
               <value locator="93:8-93:54" name="ReportLabObservation" xsi:type="FunctionRef">
                  <operand locator="93:29-93:53" name="Last ALT Lab Result" libraryName="C19" xsi:type="ExpressionRef"/>
               </value>
            </element>
            <element name="AST">
               <value locator="94:8-94:54" name="ReportLabObservation" xsi:type="FunctionRef">
                  <operand locator="94:29-94:53" name="Last AST Lab Result" libraryName="C19" xsi:type="ExpressionRef"/>
               </value>
            </element>
            <element name="Creatinine">
               <value locator="95:15-95:68" name="ReportLabObservation" xsi:type="FunctionRef">
                  <operand locator="95:36-95:67" name="Last Creatinine Lab Result" libraryName="C19" xsi:type="ExpressionRef"/>
               </value>
            </element>
            <element name="CRP">
               <value locator="96:8-96:54" name="ReportLabObservation" xsi:type="FunctionRef">
                  <operand locator="96:29-96:53" name="Last CRP Lab Result" libraryName="C19" xsi:type="ExpressionRef"/>
               </value>
            </element>
            <element name="DDimer">
               <value locator="97:11-97:61" name="ReportLabObservation" xsi:type="FunctionRef">
                  <operand locator="97:32-97:60" name="Last D-dimer Lab Result" libraryName="C19" xsi:type="ExpressionRef"/>
               </value>
            </element>
            <element name="Ferritin">
               <value locator="98:13-98:64" name="ReportLabObservation" xsi:type="FunctionRef">
                  <operand locator="98:34-98:63" name="Last Ferritin Lab Result" libraryName="C19" xsi:type="ExpressionRef"/>
               </value>
            </element>
            <element name="LDH">
               <value locator="99:8-99:54" name="ReportLabObservation" xsi:type="FunctionRef">
                  <operand locator="99:29-99:53" name="Last LDH Lab Result" libraryName="C19" xsi:type="ExpressionRef"/>
               </value>
            </element>
            <element name="Lymphopenia">
               <value locator="100:16-100:70" name="ReportLabObservation" xsi:type="FunctionRef">
                  <operand locator="100:37-100:69" name="Last Lymphocytes Lab Result" libraryName="C19" xsi:type="ExpressionRef"/>
               </value>
            </element>
            <element name="Neutrophils">
               <value locator="101:16-101:70" name="ReportLabObservation" xsi:type="FunctionRef">
                  <operand locator="101:37-101:69" name="Last Neutrophils Lab Result" libraryName="C19" xsi:type="ExpressionRef"/>
               </value>
            </element>
            <element name="Thrombocytopenia">
               <value locator="102:21-102:73" name="ReportLabObservation" xsi:type="FunctionRef">
                  <operand locator="102:42-102:72" name="Last Platelets Lab Result" libraryName="C19" xsi:type="ExpressionRef"/>
               </value>
            </element>
            <element name="Troponin">
               <value locator="103:13-103:64" name="ReportLabObservation" xsi:type="FunctionRef">
                  <operand locator="103:34-103:63" name="Last Troponin Lab Result" libraryName="C19" xsi:type="ExpressionRef"/>
               </value>
            </element>
            <element name="WBC">
               <value locator="104:8-104:60" name="ReportLabObservation" xsi:type="FunctionRef">
                  <operand locator="104:29-104:59" name="Last Leukocyte Lab Result" libraryName="C19" xsi:type="ExpressionRef"/>
               </value>
            </element>
            <element name="PaO2FiO2">
               <value locator="107:13-107:70" name="ReportLabObservation" xsi:type="FunctionRef">
                  <operand locator="107:34-107:69" name="Last PaO2FiO2 Ratio Lab Result" libraryName="C19" xsi:type="ExpressionRef"/>
               </value>
            </element>
         </expression>
      </def>
      <def locator="110:1-123:1" name="LabResultList" context="Patient" accessLevel="Public">
         <expression locator="110:23-123:1" xsi:type="List">
            <element locator="111:3-111:23" path="ALT" xsi:type="Property">
               <source locator="111:3-111:19" name="DiagnosticSummary" xsi:type="ExpressionRef"/>
            </element>
            <element locator="112:3-112:23" path="AST" xsi:type="Property">
               <source locator="112:3-112:19" name="DiagnosticSummary" xsi:type="ExpressionRef"/>
            </element>
            <element locator="113:3-113:30" path="Creatinine" xsi:type="Property">
               <source locator="113:3-113:19" name="DiagnosticSummary" xsi:type="ExpressionRef"/>
            </element>
            <element locator="114:3-114:23" path="CRP" xsi:type="Property">
               <source locator="114:3-114:19" name="DiagnosticSummary" xsi:type="ExpressionRef"/>
            </element>
            <element locator="115:3-115:26" path="DDimer" xsi:type="Property">
               <source locator="115:3-115:19" name="DiagnosticSummary" xsi:type="ExpressionRef"/>
            </element>
            <element locator="116:3-116:28" path="Ferritin" xsi:type="Property">
               <source locator="116:3-116:19" name="DiagnosticSummary" xsi:type="ExpressionRef"/>
            </element>
            <element locator="117:3-117:23" path="LDH" xsi:type="Property">
               <source locator="117:3-117:19" name="DiagnosticSummary" xsi:type="ExpressionRef"/>
            </element>
            <element locator="118:3-118:31" path="Lymphopenia" xsi:type="Property">
               <source locator="118:3-118:19" name="DiagnosticSummary" xsi:type="ExpressionRef"/>
            </element>
            <element locator="119:3-119:31" path="Neutrophils" xsi:type="Property">
               <source locator="119:3-119:19" name="DiagnosticSummary" xsi:type="ExpressionRef"/>
            </element>
            <element locator="120:3-120:36" path="Thrombocytopenia" xsi:type="Property">
               <source locator="120:3-120:19" name="DiagnosticSummary" xsi:type="ExpressionRef"/>
            </element>
            <element locator="121:3-121:28" path="Troponin" xsi:type="Property">
               <source locator="121:3-121:19" name="DiagnosticSummary" xsi:type="ExpressionRef"/>
            </element>
            <element locator="122:3-122:23" path="WBC" xsi:type="Property">
               <source locator="122:3-122:19" name="DiagnosticSummary" xsi:type="ExpressionRef"/>
            </element>
         </expression>
      </def>
      <def locator="134:1-138:3" name="ConcerningLabCount" context="Patient" accessLevel="Public">
         <expression locator="135:3-138:3" xsi:type="Coalesce">
            <operand locator="136:5-136:46" path="ConcerningLabCount" xsi:type="Property">
               <source locator="136:5-136:27" name="ClinicalAssessments" libraryName="C19" xsi:type="ParameterRef"/>
            </operand>
            <operand xsi:type="ToDecimal">
               <operand locator="137:5-137:57" xsi:type="Count">
                  <source locator="137:11-137:56" xsi:type="Query">
                     <source locator="137:11-137:30" alias="result">
                        <expression locator="137:11-137:23" name="LabResultList" xsi:type="ExpressionRef"/>
                     </source>
                     <where locator="137:32-137:56" xsi:type="IsTrue">
                        <operand locator="137:38-137:48" path="Flag" scope="result" xsi:type="Property"/>
                     </where>
                  </source>
               </operand>
            </operand>
         </expression>
      </def>
      <def locator="146:1-149:69" name="ConcerningImagingCount" context="Patient" accessLevel="Public">
         <expression locator="147:3-149:69" xsi:type="Add">
            <operand locator="147:3-148:77" xsi:type="Add">
               <operand locator="147:3-147:72" xsi:type="If">
                  <condition asType="t:Boolean" xsi:type="As">
                     <operand locator="147:7-147:57" xsi:type="IsTrue">
                        <operand locator="147:7-147:49" path="ChestXRayConcerning" xsi:type="Property">
                           <source locator="147:7-147:29" name="ClinicalAssessments" libraryName="C19" xsi:type="ParameterRef"/>
                        </operand>
                     </operand>
                  </condition>
                  <then locator="147:64" valueType="t:Integer" value="1" xsi:type="Literal"/>
                  <else locator="147:71" valueType="t:Integer" value="0" xsi:type="Literal"/>
               </operand>
               <operand locator="148:7-148:77" xsi:type="If">
                  <condition asType="t:Boolean" xsi:type="As">
                     <operand locator="148:11-148:62" xsi:type="IsTrue">
                        <operand locator="148:11-148:54" path="UltrasoundConcerning" xsi:type="Property">
                           <source locator="148:11-148:33" name="ClinicalAssessments" libraryName="C19" xsi:type="ParameterRef"/>
                        </operand>
                     </operand>
                  </condition>
                  <then locator="148:69" valueType="t:Integer" value="1" xsi:type="Literal"/>
                  <else locator="148:76" valueType="t:Integer" value="0" xsi:type="Literal"/>
               </operand>
            </operand>
            <operand locator="149:7-149:69" xsi:type="If">
               <condition asType="t:Boolean" xsi:type="As">
                  <operand locator="149:11-149:54" xsi:type="IsTrue">
                     <operand locator="149:11-149:46" path="CTConcerning" xsi:type="Property">
                        <source locator="149:11-149:33" name="ClinicalAssessments" libraryName="C19" xsi:type="ParameterRef"/>
                     </operand>
                  </operand>
               </condition>
               <then locator="149:61" valueType="t:Integer" value="1" xsi:type="Literal"/>
               <else locator="149:68" valueType="t:Integer" value="0" xsi:type="Literal"/>
            </operand>
         </expression>
      </def>
      <def locator="154:1-155:47" name="DiagnosticInterpretation" context="Patient" accessLevel="Public">
         <expression locator="155:5-155:47" xsi:type="Add">
            <operand locator="155:5-155:22" name="ConcerningLabCount" xsi:type="ExpressionRef"/>
            <operand xsi:type="ToDecimal">
               <operand locator="155:26-155:47" name="ConcerningImagingCount" xsi:type="ExpressionRef"/>
            </operand>
         </expression>
      </def>
      <def locator="33:1-41:1" name="RiskSummary" context="Patient" accessLevel="Public">
         <expression locator="33:21-41:1" xsi:type="Tuple">
            <element name="SeverityClassification">
               <value locator="34:27-34:55" name="Severity Classification" libraryName="C19" xsi:type="ExpressionRef"/>
            </element>
            <element name="RiskScore">
               <value locator="35:14-35:35" name="Total Risk Score" libraryName="C19" xsi:type="ExpressionRef"/>
            </element>
            <element name="RiskPercent">
               <value locator="36:16-36:33" name="Risk Percent" libraryName="C19" xsi:type="ExpressionRef"/>
            </element>
            <element name="RiskFactorCount">
               <value locator="37:20-37:43" name="Risk Factors count" libraryName="C19" xsi:type="ExpressionRef"/>
            </element>
            <element name="DiagnosticInterpretation">
               <value locator="38:29-38:52" name="DiagnosticInterpretation" xsi:type="ExpressionRef"/>
            </element>
            <element name="ConcerningLabCount">
               <value locator="39:23-39:40" name="ConcerningLabCount" xsi:type="ExpressionRef"/>
            </element>
            <element name="ConcerningImagingCount">
               <value locator="40:27-40:48" name="ConcerningImagingCount" xsi:type="ExpressionRef"/>
            </element>
         </expression>
      </def>
      <def locator="43:1-52:1" name="SmartPhrases" context="Patient" accessLevel="Public">
         <expression locator="43:22-52:1" xsi:type="Tuple">
            <element name="Severity">
               <value locator="44:13-44:158" xsi:type="Concatenate">
                  <operand locator="44:13-44:143" xsi:type="Concatenate">
                     <operand locator="44:13-44:106" valueType="t:String" value="Based on the criteria present at the time of evaluation, the patient was determined to have " xsi:type="Literal"/>
                     <operand locator="44:110-44:143" path="SeverityClassification" xsi:type="Property">
                        <source locator="44:110-44:120" name="RiskSummary" xsi:type="ExpressionRef"/>
                     </operand>
                  </operand>
                  <operand locator="44:147-44:158" valueType="t:String" value=" Severity." xsi:type="Literal"/>
               </value>
            </element>
            <element name="RiskPrognostication">
               <value locator="45:24-45:175" xsi:type="Concatenate">
                  <operand locator="45:24-45:163" xsi:type="Concatenate">
                     <operand locator="45:24-45:127" xsi:type="Concatenate">
                        <operand locator="45:24-45:86" xsi:type="Concatenate">
                           <operand locator="45:24-45:52" valueType="t:String" value="Based on a PRIEST Score of " xsi:type="Literal"/>
                           <operand locator="45:56-45:86" xsi:type="ToString">
                              <operand locator="45:65-45:85" path="RiskScore" xsi:type="Property">
                                 <source locator="45:65-45:75" name="RiskSummary" xsi:type="ExpressionRef"/>
                              </operand>
                           </operand>
                        </operand>
                        <operand locator="45:90-45:127" valueType="t:String" value=" the patient is estimated to have a " xsi:type="Literal"/>
                     </operand>
                     <operand locator="45:131-45:163" xsi:type="ToString">
                        <operand locator="45:140-45:162" path="RiskPercent" xsi:type="Property">
                           <source locator="45:140-45:150" name="RiskSummary" xsi:type="ExpressionRef"/>
                        </operand>
                     </operand>
                  </operand>
                  <operand locator="45:167-45:175" valueType="t:String" value="% risk." xsi:type="Literal"/>
               </value>
            </element>
            <element name="RiskAssessment">
               <value locator="46:19-51:7" xsi:type="Case">
                  <comparand locator="46:24-46:50" path="RiskFactorCount" xsi:type="Property">
                     <source locator="46:24-46:34" name="RiskSummary" xsi:type="ExpressionRef"/>
                  </comparand>
                  <caseItem locator="47:5-47:23">
                     <when asType="t:Integer" xsi:type="As">
                        <operand locator="47:10-47:13" xsi:type="Null"/>
                     </when>
                     <then asType="t:String" xsi:type="As">
                        <operand locator="47:20-47:23" xsi:type="Null"/>
                     </then>
                  </caseItem>
                  <caseItem locator="48:5-48:108">
                     <when locator="48:10" valueType="t:Integer" value="0" xsi:type="Literal"/>
                     <then locator="48:17-48:108" valueType="t:String" value="Patient did not have any additional risk factors based on those included within this tool." xsi:type="Literal"/>
                  </caseItem>
                  <caseItem locator="49:5-49:70">
                     <when locator="49:10" valueType="t:Integer" value="1" xsi:type="Literal"/>
                     <then locator="49:17-49:70" valueType="t:String" value="Patient was noted to have an additional risk factor." xsi:type="Literal"/>
                  </caseItem>
                  <else locator="50:10-50:73" valueType="t:String" value="Patient was noted to have 2 (or more) additional risk factors." xsi:type="Literal"/>
               </value>
            </element>
         </expression>
      </def>
      <def locator="131:1-132:54" name="LabResultCount" context="Patient" accessLevel="Public">
         <expression locator="132:3-132:54" xsi:type="Count">
            <source locator="132:9-132:53" xsi:type="Query">
               <source locator="132:9-132:28" alias="result">
                  <expression locator="132:9-132:21" name="LabResultList" xsi:type="ExpressionRef"/>
               </source>
               <where locator="132:30-132:53" xsi:type="Not">
                  <operand locator="132:36-132:53" xsi:type="IsNull">
                     <operand locator="132:36-132:41" name="result" xsi:type="AliasRef"/>
                  </operand>
               </where>
            </source>
         </expression>
      </def>
      <def locator="171:1-174:92" name="Recommend Obtain Diagnostics" context="Patient" accessLevel="Public">
         <expression locator="172:3-174:92" xsi:type="And">
            <operand locator="172:3-172:20" xsi:type="Less">
               <operand locator="172:3-172:16" name="LabResultCount" xsi:type="ExpressionRef"/>
               <operand locator="172:20" valueType="t:Integer" value="1" xsi:type="Literal"/>
            </operand>
            <operand locator="173:3-174:92" xsi:type="Or">
               <operand locator="173:4-173:93" xsi:type="And">
                  <operand locator="173:5-173:26" name="Is Mild Severity" libraryName="C19" xsi:type="ExpressionRef"/>
                  <operand locator="173:32-173:92" xsi:type="Or">
                     <operand locator="173:33-173:59" xsi:type="GreaterOrEqual">
                        <operand locator="173:33-173:54" name="Total Risk Score" libraryName="C19" xsi:type="ExpressionRef"/>
                        <operand locator="173:59" valueType="t:Integer" value="5" xsi:type="Literal"/>
                     </operand>
                     <operand locator="173:64-173:91" xsi:type="Greater">
                        <operand locator="173:64-173:87" name="Risk Factors count" libraryName="C19" xsi:type="ExpressionRef"/>
                        <operand locator="173:91" valueType="t:Integer" value="1" xsi:type="Literal"/>
                     </operand>
                  </operand>
               </operand>
               <operand locator="174:6-174:91" xsi:type="Or">
                  <operand locator="174:7-174:60" xsi:type="Or">
                     <operand locator="174:7-174:32" name="Is Moderate Severity" libraryName="C19" xsi:type="ExpressionRef"/>
                     <operand locator="174:37-174:60" name="Is Severe Severity" libraryName="C19" xsi:type="ExpressionRef"/>
                  </operand>
                  <operand locator="174:65-174:90" name="Is Critical Severity" libraryName="C19" xsi:type="ExpressionRef"/>
               </operand>
            </operand>
         </expression>
      </def>
      <def locator="151:1-152:56" name="ConcerningLabsOrImaging" context="Patient" accessLevel="Public">
         <expression locator="152:3-152:56" xsi:type="Or">
            <operand locator="152:3-152:25" xsi:type="GreaterOrEqual">
               <operand locator="152:3-152:20" name="ConcerningLabCount" xsi:type="ExpressionRef"/>
               <operand xsi:type="ToDecimal">
                  <operand locator="152:25" valueType="t:Integer" value="1" xsi:type="Literal"/>
               </operand>
            </operand>
            <operand locator="152:30-152:56" xsi:type="GreaterOrEqual">
               <operand locator="152:30-152:51" name="ConcerningImagingCount" xsi:type="ExpressionRef"/>
               <operand locator="152:56" valueType="t:Integer" value="1" xsi:type="Literal"/>
            </operand>
         </expression>
      </def>
      <def locator="176:1-180:40" name="Recommend Discharge Home" context="Patient" accessLevel="Public">
         <expression locator="177:3-180:40" xsi:type="And">
            <operand locator="177:3-179:37" xsi:type="And">
               <operand locator="177:3-178:35" xsi:type="And">
                  <operand locator="177:3-177:24" name="Is Mild Severity" libraryName="C19" xsi:type="ExpressionRef"/>
                  <operand locator="178:9-178:35" xsi:type="LessOrEqual">
                     <operand locator="178:9-178:30" name="Total Risk Score" libraryName="C19" xsi:type="ExpressionRef"/>
                     <operand locator="178:35" valueType="t:Integer" value="4" xsi:type="Literal"/>
                  </operand>
               </operand>
               <operand locator="179:9-179:37" xsi:type="LessOrEqual">
                  <operand locator="179:9-179:32" name="Risk Factors count" libraryName="C19" xsi:type="ExpressionRef"/>
                  <operand locator="179:37" valueType="t:Integer" value="1" xsi:type="Literal"/>
               </operand>
            </operand>
            <operand locator="180:9-180:40" xsi:type="IsFalse">
               <operand locator="180:9-180:31" name="ConcerningLabsOrImaging" xsi:type="ExpressionRef"/>
            </operand>
         </expression>
      </def>
      <def locator="189:1-194:27" name="Recommend Consider Admission" context="Patient" accessLevel="Public">
         <expression locator="190:3-194:27" xsi:type="And">
            <operand locator="190:3-193:40" xsi:type="And">
               <operand locator="190:3-190:56" xsi:type="Or">
                  <operand locator="190:4-190:25" name="Is Mild Severity" libraryName="C19" xsi:type="ExpressionRef"/>
                  <operand locator="190:30-190:55" name="Is Moderate Severity" libraryName="C19" xsi:type="ExpressionRef"/>
               </operand>
               <operand locator="191:9-193:40" xsi:type="Or">
                  <operand locator="191:10-192:37" xsi:type="Or">
                     <operand locator="191:10-191:40" xsi:type="IsTrue">
                        <operand locator="191:10-191:32" name="ConcerningLabsOrImaging" xsi:type="ExpressionRef"/>
                     </operand>
                     <operand locator="192:12-192:37" xsi:type="Greater">
                        <operand locator="192:12-192:33" name="Total Risk Score" libraryName="C19" xsi:type="ExpressionRef"/>
                        <operand locator="192:37" valueType="t:Integer" value="4" xsi:type="Literal"/>
                     </operand>
                  </operand>
                  <operand locator="193:12-193:39" xsi:type="Greater">
                     <operand locator="193:12-193:35" name="Risk Factors count" libraryName="C19" xsi:type="ExpressionRef"/>
                     <operand locator="193:39" valueType="t:Integer" value="1" xsi:type="Literal"/>
                  </operand>
               </operand>
            </operand>
            <operand locator="194:9-194:27" xsi:type="GreaterOrEqual">
               <operand locator="194:9-194:22" name="LabResultCount" xsi:type="ExpressionRef"/>
               <operand locator="194:27" valueType="t:Integer" value="1" xsi:type="Literal"/>
            </operand>
         </expression>
      </def>
      <def locator="182:1-187:27" name="Recommend Consider Discharging Home" context="Patient" accessLevel="Public">
         <expression locator="183:3-187:27" xsi:type="And">
            <operand locator="183:3-186:40" xsi:type="And">
               <operand locator="183:3-185:37" xsi:type="And">
                  <operand locator="183:3-184:35" xsi:type="And">
                     <operand locator="183:3-183:28" name="Is Moderate Severity" libraryName="C19" xsi:type="ExpressionRef"/>
                     <operand locator="184:9-184:35" xsi:type="LessOrEqual">
                        <operand locator="184:9-184:30" name="Total Risk Score" libraryName="C19" xsi:type="ExpressionRef"/>
                        <operand locator="184:35" valueType="t:Integer" value="4" xsi:type="Literal"/>
                     </operand>
                  </operand>
                  <operand locator="185:9-185:37" xsi:type="LessOrEqual">
                     <operand locator="185:9-185:32" name="Risk Factors count" libraryName="C19" xsi:type="ExpressionRef"/>
                     <operand locator="185:37" valueType="t:Integer" value="1" xsi:type="Literal"/>
                  </operand>
               </operand>
               <operand locator="186:9-186:40" xsi:type="IsFalse">
                  <operand locator="186:9-186:31" name="ConcerningLabsOrImaging" xsi:type="ExpressionRef"/>
               </operand>
            </operand>
            <operand locator="187:9-187:27" xsi:type="GreaterOrEqual">
               <operand locator="187:9-187:22" name="LabResultCount" xsi:type="ExpressionRef"/>
               <operand locator="187:27" valueType="t:Integer" value="1" xsi:type="Literal"/>
            </operand>
         </expression>
      </def>
      <def locator="196:1-197:26" name="Recommend Severe Admission" context="Patient" accessLevel="Public">
         <expression locator="197:3-197:26" name="Is Severe Severity" libraryName="C19" xsi:type="ExpressionRef"/>
      </def>
      <def locator="199:1-200:28" name="Recommend Critical Admission" context="Patient" accessLevel="Public">
         <expression locator="200:3-200:28" name="Is Critical Severity" libraryName="C19" xsi:type="ExpressionRef"/>
      </def>
      <def locator="54:1-61:1" name="RecommendationSummary" context="Patient" accessLevel="Public">
         <expression locator="54:31-61:1" xsi:type="Tuple">
            <element name="ObtainDiagnostics">
               <value locator="55:22-55:51" name="Recommend Obtain Diagnostics" xsi:type="ExpressionRef"/>
            </element>
            <element name="DischargeHome">
               <value locator="56:18-56:43" name="Recommend Discharge Home" xsi:type="ExpressionRef"/>
            </element>
            <element name="ConsiderAdmission">
               <value locator="57:22-57:51" name="Recommend Consider Admission" xsi:type="ExpressionRef"/>
            </element>
            <element name="ConsiderDischargingHome">
               <value locator="58:28-58:64" name="Recommend Consider Discharging Home" xsi:type="ExpressionRef"/>
            </element>
            <element name="SevereAdmission">
               <value locator="59:20-59:47" name="Recommend Severe Admission" xsi:type="ExpressionRef"/>
            </element>
            <element name="CriticalAdmission">
               <value locator="60:22-60:51" name="Recommend Critical Admission" xsi:type="ExpressionRef"/>
            </element>
         </expression>
      </def>
      <def locator="63:1-74:1" name="AssessmentSummary" context="Patient" accessLevel="Public">
         <expression locator="63:27-74:1" xsi:type="Tuple">
            <element name="RespiratoryRate">
               <value locator="64:20-64:52" name="Last Respiratory Rate value" libraryName="C19" xsi:type="ExpressionRef"/>
            </element>
            <element name="O2Saturation">
               <value locator="65:17-65:48" name="Last O2 Saturation percent" libraryName="C19" xsi:type="ExpressionRef"/>
            </element>
            <element name="HeartRate">
               <value locator="66:14-66:40" name="Last Heart Rate value" libraryName="C19" xsi:type="ExpressionRef"/>
            </element>
            <element name="BloodPressure">
               <value locator="67:18-67:64" path="Display" xsi:type="Property">
                  <source locator="67:18-67:56" xsi:type="Last">
                     <source locator="67:23-67:55" name="Blood Pressure Observations" libraryName="C19" xsi:type="ExpressionRef"/>
                  </source>
               </value>
            </element>
            <element name="SystolicBloodPressure">
               <value locator="68:26-68:45" name="Last SBP value" libraryName="C19" xsi:type="ExpressionRef"/>
            </element>
            <element name="TemperatureC">
               <value locator="69:17-69:54" name="Last Body Temperature value in C" libraryName="C19" xsi:type="ExpressionRef"/>
            </element>
            <element name="TemperatureF">
               <value locator="70:17-70:54" name="Last Body Temperature value in F" libraryName="C19" xsi:type="ExpressionRef"/>
            </element>
            <element name="SupplementalOxygen">
               <value locator="71:23-71:64" path="SupplementalOxygen" xsi:type="Property">
                  <source locator="71:23-71:45" name="ClinicalAssessments" libraryName="C19" xsi:type="ParameterRef"/>
               </value>
            </element>
            <element name="Alertness">
               <value locator="72:14-72:44" name="Alertness Assessment Code" libraryName="C19" xsi:type="ExpressionRef"/>
            </element>
            <element name="PerformanceStatus">
               <value locator="73:22-73:50" name="Performance Status Code" libraryName="C19" xsi:type="ExpressionRef"/>
            </element>
         </expression>
      </def>
      <def locator="76:1-90:1" name="RiskFactorSummary" context="Patient" accessLevel="Public">
         <expression locator="76:27-90:1" xsi:type="Tuple">
            <element name="Cancer">
               <value locator="77:11-77:38" name="Has Cancer Risk Factor" libraryName="C19" xsi:type="ExpressionRef"/>
            </element>
            <element name="CardiovascularDisease">
               <value locator="78:26-78:69" name="Has Cardiovascular Disease Risk Factor" libraryName="C19" xsi:type="ExpressionRef"/>
            </element>
            <element name="ChronicRespiratoryDisease">
               <value locator="79:30-79:78" name="Has Chronic Respiratory Disease Risk Factor" libraryName="C19" xsi:type="ExpressionRef"/>
            </element>
            <element name="DiabetesType2">
               <value locator="80:18-80:54" name="Has Diabetes Type 2 Risk Factor" libraryName="C19" xsi:type="ExpressionRef"/>
            </element>
            <element name="DownsSyndrome">
               <value locator="81:18-81:53" name="Has Downs Syndrome Risk Factor" libraryName="C19" xsi:type="ExpressionRef"/>
            </element>
            <element name="Hypertension">
               <value locator="82:17-82:50" name="Has Hypertension Risk Factor" libraryName="C19" xsi:type="ExpressionRef"/>
            </element>
            <element name="Immunosuppression">
               <value locator="83:22-83:60" name="Has Immunosuppression Risk Factor" libraryName="C19" xsi:type="ExpressionRef"/>
            </element>
            <element name="NeurologicDisease">
               <value locator="84:22-84:61" name="Has Neurologic Disease Risk Factor" libraryName="C19" xsi:type="ExpressionRef"/>
            </element>
            <element name="Obesity">
               <value locator="85:12-85:40" name="Has Obesity Risk Factor" libraryName="C19" xsi:type="ExpressionRef"/>
            </element>
            <element name="ObstructiveSleepApnea">
               <value locator="86:26-86:70" name="Has Obstructive Sleep Apnea Risk Factor" libraryName="C19" xsi:type="ExpressionRef"/>
            </element>
            <element name="Pregnancy">
               <value locator="87:14-87:44" name="Has Pregnancy Risk Factor" libraryName="C19" xsi:type="ExpressionRef"/>
            </element>
            <element name="RenalDisease">
               <value locator="88:17-88:51" name="Has Renal Disease Risk Factor" libraryName="C19" xsi:type="ExpressionRef"/>
            </element>
            <element name="SteroidUsage">
               <value locator="89:17-89:51" name="Has Steroid Usage Risk Factor" libraryName="C19" xsi:type="ExpressionRef"/>
            </element>
         </expression>
      </def>
      <def locator="125:1-129:1" name="ImagingResultList" context="Patient" accessLevel="Public">
         <expression locator="125:27-129:1" xsi:type="List">
            <element locator="126:3-126:45" path="ChestXRayConcerning" xsi:type="Property">
               <source locator="126:3-126:25" name="ClinicalAssessments" libraryName="C19" xsi:type="ParameterRef"/>
            </element>
            <element locator="127:3-127:46" path="UltrasoundConcerning" xsi:type="Property">
               <source locator="127:3-127:25" name="ClinicalAssessments" libraryName="C19" xsi:type="ParameterRef"/>
            </element>
            <element locator="128:3-128:38" path="CTConcerning" xsi:type="Property">
               <source locator="128:3-128:25" name="ClinicalAssessments" libraryName="C19" xsi:type="ParameterRef"/>
            </element>
         </expression>
      </def>
      <def locator="229:1-238:20" name="ReportObservations" context="Patient" accessLevel="Public" xsi:type="FunctionDef">
         <expression locator="230:3-238:20" xsi:type="Query">
            <source locator="230:3-230:11" alias="o">
               <expression locator="230:3-230:9" name="ObsList" xsi:type="OperandRef"/>
            </source>
            <return locator="231:5-237:5">
               <expression locator="231:12-237:5" xsi:type="Tuple">
                  <element name="Date">
                     <value locator="232:15-232:39" xsi:type="ToString">
                        <operand locator="232:24-232:38" name="FindDate" libraryName="C3F" xsi:type="FunctionRef">
                           <operand locator="232:37" name="o" xsi:type="AliasRef"/>
                        </operand>
                     </value>
                  </element>
                  <element name="Name">
                     <value locator="234:15-234:33" name="ConceptText" xsi:type="FunctionRef">
                        <operand locator="234:27-234:32" path="code" scope="o" xsi:type="Property"/>
                     </value>
                  </element>
                  <element name="Result">
                     <value locator="235:15-235:52" name="QuantityText" xsi:type="FunctionRef">
                        <operand locator="235:28-235:51" strict="false" xsi:type="As">
                           <operand locator="235:28-235:34" path="value" scope="o" xsi:type="Property"/>
                           <asTypeSpecifier locator="235:39-235:51" name="fhir:Quantity" xsi:type="NamedTypeSpecifier"/>
                        </operand>
                     </value>
                  </element>
                  <element name="ResultValue">
                     <value locator="236:20-236:61" xsi:type="ToString">
                        <operand name="ToDecimal" libraryName="FHIRHelpers" xsi:type="FunctionRef">
                           <operand locator="236:29-236:60" path="value" xsi:type="Property">
                              <source locator="236:29-236:54" strict="false" xsi:type="As">
                                 <operand locator="236:30-236:36" path="value" scope="o" xsi:type="Property"/>
                                 <asTypeSpecifier locator="236:41-236:53" name="fhir:Quantity" xsi:type="NamedTypeSpecifier"/>
                              </source>
                           </operand>
                        </operand>
                     </value>
                  </element>
               </expression>
            </return>
            <sort locator="238:5-238:20">
               <by locator="238:13-238:20" direction="asc" path="Date" xsi:type="ByColumn"/>
            </sort>
         </expression>
         <operand name="ObsList">
            <operandTypeSpecifier locator="229:44-229:60" xsi:type="ListTypeSpecifier">
               <elementType locator="229:49-229:59" name="fhir:Observation" xsi:type="NamedTypeSpecifier"/>
            </operandTypeSpecifier>
         </operand>
      </def>
   </statements>
</library>
