<?xml version="1.0" encoding="UTF-8"?>
<library xmlns="urn:hl7-org:elm:r1" xmlns:t="urn:hl7-org:elm-types:r1" xmlns:xsi="http://www.w3.org/2001/XMLSchema-instance" xmlns:xsd="http://www.w3.org/2001/XMLSchema" xmlns:fhir="http://hl7.org/fhir" xmlns:qdm43="urn:healthit-gov:qdm:v4_3" xmlns:qdm53="urn:healthit-gov:qdm:v5_3" xmlns:a="urn:hl7-org:cql-annotations:r1">
   <annotation translatorOptions="EnableLocators,DisableListDemotion,DisableListPromotion" xsi:type="a:CqlToElmInfo"/>
   <identifier id="COVID19EmergencyDeptSummary" system="http://fhir.org/guides/acep" version="1.0.0"/>
   <schemaIdentifier id="urn:hl7-org:elm" version="r1"/>
   <usings>
      <def localIdentifier="System" uri="urn:hl7-org:elm-types:r1"/>
      <def locator="9:1-9:26" localIdentifier="FHIR" uri="http://hl7.org/fhir" version="4.0.1"/>
   </usings>
   <includes>
      <def locator="14:1-14:65" localIdentifier="C19" path="http://fhir.org/guides/acep/COVID19EmergencyDeptAssessment" version="1.0.0"/>
      <def locator="16:1-16:52" localIdentifier="C3F" path="http://fhir.org/guides/acep/CDSConnectCommons" version="1.0.3"/>
      <def locator="18:1-18:35" localIdentifier="FHIRHelpers" path="http://fhir.org/guides/acep/FHIRHelpers" version="4.0.1"/>
   </includes>
   <contexts>
      <def locator="20:1-20:15" name="Patient"/>
   </contexts>
   <statements>
      <def locator="20:1-20:15" name="Patient" context="Patient">
         <expression xsi:type="SingletonFrom">
            <operand locator="20:1-20:15" dataType="fhir:Patient" templateId="http://hl7.org/fhir/StructureDefinition/Patient" xsi:type="Retrieve"/>
         </expression>
      </def>
      <def locator="222:1-225:3" name="PatientName" context="Patient" accessLevel="Public">
         <expression locator="223:3-225:3" xsi:type="Coalesce">
            <operand locator="223:12-223:37" path="value" xsi:type="Property">
               <source locator="223:12-223:31" path="text" xsi:type="Property">
                  <source locator="223:12-223:26" xsi:type="Indexer">
                     <operand locator="223:12-223:23" path="name" xsi:type="Property">
                        <source locator="223:12-223:18" name="Patient" xsi:type="ExpressionRef"/>
                     </operand>
                     <operand locator="223:25" valueType="t:Integer" value="0" xsi:type="Literal"/>
                  </source>
               </source>
            </operand>
            <operand locator="224:5-224:114" xsi:type="Concatenate">
               <operand locator="224:6-224:60" xsi:type="Concatenate">
                  <operand locator="224:6-224:54" xsi:type="Combine">
                     <source locator="224:14-224:48" xsi:type="Query">
                        <source locator="224:14-224:33" alias="G">
                           <expression locator="224:14-224:31" xsi:type="Flatten">
                              <operand xsi:type="Query">
                                 <source alias="$this">
                                    <expression path="name" xsi:type="Property">
                                       <source name="Patient" xsi:type="ExpressionRef"/>
                                    </expression>
                                 </source>
                                 <where xsi:type="Not">
                                    <operand xsi:type="IsNull">
                                       <operand path="given" xsi:type="Property">
                                          <source name="$this" xsi:type="AliasRef"/>
                                       </operand>
                                    </operand>
                                 </where>
                                 <return distinct="false">
                                    <expression path="given" xsi:type="Property">
                                       <source name="$this" xsi:type="AliasRef"/>
                                    </expression>
                                 </return>
                              </operand>
                           </expression>
                        </source>
                        <return locator="224:35-224:48">
                           <expression locator="224:42-224:48" path="value" scope="G" xsi:type="Property"/>
                        </return>
                     </source>
                     <separator locator="224:51-224:53" valueType="t:String" value=" " xsi:type="Literal"/>
                  </operand>
                  <operand locator="224:58-224:60" valueType="t:String" value=" " xsi:type="Literal"/>
               </operand>
               <operand locator="224:64-224:113" xsi:type="Combine">
                  <source locator="224:72-224:107" xsi:type="Query">
                     <source locator="224:72-224:92" alias="F">
                        <expression locator="224:72-224:90" xsi:type="Query">
                           <source alias="$this">
                              <expression path="name" xsi:type="Property">
                                 <source name="Patient" xsi:type="ExpressionRef"/>
                              </expression>
                           </source>
                           <where xsi:type="Not">
                              <operand xsi:type="IsNull">
                                 <operand path="family" xsi:type="Property">
                                    <source name="$this" xsi:type="AliasRef"/>
                                 </operand>
                              </operand>
                           </where>
                           <return distinct="false">
                              <expression path="family" xsi:type="Property">
                                 <source name="$this" xsi:type="AliasRef"/>
                              </expression>
                           </return>
                        </expression>
                     </source>
                     <return locator="224:94-224:107">
                        <expression locator="224:101-224:107" path="value" scope="F" xsi:type="Property"/>
                     </return>
                  </source>
                  <separator locator="224:110-224:112" valueType="t:String" value=" " xsi:type="Literal"/>
               </operand>
            </operand>
         </expression>
      </def>
      <def locator="25:1-31:1" name="PatientSummary" context="Patient" accessLevel="Public">
         <expression locator="25:24-31:1" xsi:type="Tuple">
            <element name="Name">
               <value locator="26:9-26:19" name="PatientName" xsi:type="ExpressionRef"/>
            </element>
            <element name="Gender">
               <value locator="27:11-27:30" path="value" xsi:type="Property">
                  <source locator="27:11-27:24" path="gender" xsi:type="Property">
                     <source locator="27:11-27:17" name="Patient" xsi:type="ExpressionRef"/>
                  </source>
               </value>
            </element>
            <element name="BirthSex">
               <value locator="28:13-28:35" name="Patient Birth Sex" libraryName="C19" xsi:type="ExpressionRef"/>
            </element>
            <element name="Age">
               <value locator="29:8-29:19" precision="Year" xsi:type="CalculateAge">
                  <operand path="birthDate.value" xsi:type="Property">
                     <source name="Patient" xsi:type="ExpressionRef"/>
                  </operand>
               </value>
            </element>
            <element name="Race">
               <value locator="30:9-30:31" name="Patient Race Text" libraryName="C19" xsi:type="ExpressionRef"/>
            </element>
         </expression>
      </def>
      <def locator="209:1-210:119" name="ConceptText" context="Patient" accessLevel="Public" xsi:type="FunctionDef">
         <expression locator="210:3-210:119" xsi:type="Coalesce">
            <operand locator="210:12-210:23" path="value" xsi:type="Property">
               <source locator="210:12-210:17" path="text" xsi:type="Property">
                  <source locator="210:12" name="c" xsi:type="OperandRef"/>
               </source>
            </operand>
            <operand locator="210:26-210:72" xsi:type="Coalesce">
               <operand locator="210:35-210:71" xsi:type="Query">
                  <source locator="210:35-210:47" alias="c2">
                     <expression locator="210:35-210:44" path="coding" xsi:type="Property">
                        <source locator="210:36" name="c" xsi:type="OperandRef"/>
                     </expression>
                  </source>
                  <return locator="210:49-210:71">
                     <expression locator="210:56-210:71" path="value" xsi:type="Property">
                        <source locator="210:56-210:65" path="display" scope="c2" xsi:type="Property"/>
                     </expression>
                  </return>
               </operand>
            </operand>
            <operand locator="210:75-210:118" xsi:type="Coalesce">
               <operand locator="210:84-210:117" xsi:type="Query">
                  <source locator="210:84-210:96" alias="c3">
                     <expression locator="210:84-210:93" path="coding" xsi:type="Property">
                        <source locator="210:85" name="c" xsi:type="OperandRef"/>
                     </expression>
                  </source>
                  <return locator="210:98-210:117">
                     <expression locator="210:105-210:117" path="value" xsi:type="Property">
                        <source locator="210:105-210:111" path="code" scope="c3" xsi:type="Property"/>
                     </expression>
                  </return>
               </operand>
            </operand>
         </expression>
         <operand name="c">
            <operandTypeSpecifier locator="209:31-209:50" name="fhir:CodeableConcept" xsi:type="NamedTypeSpecifier"/>
         </operand>
      </def>
      <def locator="216:1-220:30" name="QuantityText" context="Patient" accessLevel="Public" xsi:type="FunctionDef">
         <expression locator="217:3-220:30" xsi:type="If">
            <condition asType="t:Boolean" xsi:type="As">
               <operand locator="217:6-217:16" xsi:type="IsNull">
                  <operand locator="217:7" name="q" xsi:type="OperandRef"/>
               </operand>
            </condition>
            <then asType="t:String" xsi:type="As">
               <operand locator="217:23-217:26" xsi:type="Null"/>
            </then>
            <else locator="218:8-220:30" xsi:type="If">
               <condition asType="t:Boolean" xsi:type="As">
                  <operand locator="218:11-218:60" xsi:type="And">
                     <operand locator="218:12-218:29" xsi:type="Not">
                        <operand locator="218:12-218:29" xsi:type="IsNull">
                           <operand locator="218:12-218:17" path="unit" xsi:type="Property">
                              <source locator="218:12" name="q" xsi:type="OperandRef"/>
                           </operand>
                        </operand>
                     </operand>
                     <operand locator="218:35-218:59" xsi:type="Not">
                        <operand locator="218:35-218:59" xsi:type="Equal">
                           <operand locator="218:35-218:46" path="value" xsi:type="Property">
                              <source locator="218:35-218:40" path="unit" xsi:type="Property">
                                 <source locator="218:35" name="q" xsi:type="OperandRef"/>
                              </source>
                           </operand>
                           <operand locator="218:51-218:59" valueType="t:String" value="{score}" xsi:type="Literal"/>
                        </operand>
                     </operand>
                  </operand>
               </condition>
               <then locator="218:67-218:110" xsi:type="Concatenate">
                  <operand locator="218:67-218:95" xsi:type="Concatenate">
                     <operand locator="218:67-218:89" xsi:type="ToString">
                        <operand locator="218:76-218:88" path="value" xsi:type="Property">
                           <source locator="218:76-218:82" path="value" xsi:type="Property">
                              <source locator="218:76" name="q" xsi:type="OperandRef"/>
                           </source>
                        </operand>
                     </operand>
                     <operand locator="218:93-218:95" valueType="t:String" value=" " xsi:type="Literal"/>
                  </operand>
                  <operand locator="218:99-218:110" path="value" xsi:type="Property">
                     <source locator="218:99-218:104" path="unit" xsi:type="Property">
                        <source locator="218:99" name="q" xsi:type="OperandRef"/>
                     </source>
                  </operand>
               </then>
               <else locator="219:8-220:30" xsi:type="If">
                  <condition asType="t:Boolean" xsi:type="As">
                     <operand locator="219:11-219:60" xsi:type="And">
                        <operand locator="219:12-219:29" xsi:type="Not">
                           <operand locator="219:12-219:29" xsi:type="IsNull">
                              <operand locator="219:12-219:17" path="code" xsi:type="Property">
                                 <source locator="219:12" name="q" xsi:type="OperandRef"/>
                              </operand>
                           </operand>
                        </operand>
                        <operand locator="219:35-219:59" xsi:type="Not">
                           <operand locator="219:35-219:59" xsi:type="Equal">
                              <operand locator="219:35-219:46" path="value" xsi:type="Property">
                                 <source locator="219:35-219:40" path="code" xsi:type="Property">
                                    <source locator="219:35" name="q" xsi:type="OperandRef"/>
                                 </source>
                              </operand>
                              <operand locator="219:51-219:59" valueType="t:String" value="{score}" xsi:type="Literal"/>
                           </operand>
                        </operand>
                     </operand>
                  </condition>
                  <then locator="219:67-219:110" xsi:type="Concatenate">
                     <operand locator="219:67-219:95" xsi:type="Concatenate">
                        <operand locator="219:67-219:89" xsi:type="ToString">
                           <operand locator="219:76-219:88" path="value" xsi:type="Property">
                              <source locator="219:76-219:82" path="value" xsi:type="Property">
                                 <source locator="219:76" name="q" xsi:type="OperandRef"/>
                              </source>
                           </operand>
                        </operand>
                        <operand locator="219:93-219:95" valueType="t:String" value=" " xsi:type="Literal"/>
                     </operand>
                     <operand locator="219:99-219:110" path="value" xsi:type="Property">
                        <source locator="219:99-219:104" path="code" xsi:type="Property">
                           <source locator="219:99" name="q" xsi:type="OperandRef"/>
                        </source>
                     </operand>
                  </then>
                  <else locator="220:8-220:30" xsi:type="ToString">
                     <operand locator="220:17-220:29" path="value" xsi:type="Property">
                        <source locator="220:17-220:23" path="value" xsi:type="Property">
                           <source locator="220:17" name="q" xsi:type="OperandRef"/>
                        </source>
                     </operand>
                  </else>
               </else>
            </else>
         </expression>
         <operand name="q">
            <operandTypeSpecifier locator="216:32-216:44" name="fhir:Quantity" xsi:type="NamedTypeSpecifier"/>
         </operand>
      </def>
      <def locator="260:1-261:35" name="LabReferenceRangeLow" context="Patient" accessLevel="Public" xsi:type="FunctionDef">
         <expression locator="261:3-261:35" path="value" xsi:type="Property">
            <source locator="261:3-261:29" path="low" xsi:type="Property">
               <source locator="261:3-261:25" xsi:type="First">
                  <source locator="261:9-261:24" path="referenceRange" xsi:type="Property">
                     <source locator="261:9" name="o" xsi:type="OperandRef"/>
                  </source>
               </source>
            </source>
         </expression>
         <operand name="o">
            <operandTypeSpecifier locator="260:40-260:55" name="fhir:Observation" xsi:type="NamedTypeSpecifier"/>
         </operand>
      </def>
      <def locator="263:1-264:36" name="LabReferenceRangeHigh" context="Patient" accessLevel="Public" xsi:type="FunctionDef">
         <expression locator="264:3-264:36" path="value" xsi:type="Property">
            <source locator="264:3-264:30" path="high" xsi:type="Property">
               <source locator="264:3-264:25" xsi:type="First">
                  <source locator="264:9-264:24" path="referenceRange" xsi:type="Property">
                     <source locator="264:9" name="o" xsi:type="OperandRef"/>
                  </source>
               </source>
            </source>
         </expression>
         <operand name="o">
            <operandTypeSpecifier locator="263:41-263:56" name="fhir:Observation" xsi:type="NamedTypeSpecifier"/>
         </operand>
      </def>
      <def locator="253:1-258:5" name="LabReferenceRange" context="Patient" accessLevel="Public" xsi:type="FunctionDef">
         <expression locator="254:3-258:5" xsi:type="If">
            <condition asType="t:Boolean" xsi:type="As">
               <operand locator="254:6-254:44" xsi:type="Or">
                  <operand locator="254:7-254:15" xsi:type="IsNull">
                     <operand locator="254:7" name="o" xsi:type="OperandRef"/>
                  </operand>
                  <operand locator="254:20-254:43" xsi:type="IsNull">
                     <operand locator="254:20-254:35" path="referenceRange" xsi:type="Property">
                        <source locator="254:20" name="o" xsi:type="OperandRef"/>
                     </operand>
                  </operand>
               </operand>
            </condition>
            <then asType="t:String" xsi:type="As">
               <operand locator="254:51-254:54" xsi:type="Null"/>
            </then>
            <else locator="256:5-258:5" xsi:type="Coalesce">
               <operand name="ToString" libraryName="FHIRHelpers" xsi:type="FunctionRef">
                  <operand locator="256:14-256:41" xsi:type="First">
                     <source locator="256:20-256:40" xsi:type="Query">
                        <source alias="$this">
                           <expression locator="256:20-256:35" path="referenceRange" xsi:type="Property">
                              <source locator="256:20" name="o" xsi:type="OperandRef"/>
                           </expression>
                        </source>
                        <where xsi:type="Not">
                           <operand xsi:type="IsNull">
                              <operand path="text" xsi:type="Property">
                                 <source name="$this" xsi:type="AliasRef"/>
                              </operand>
                           </operand>
                        </where>
                        <return distinct="false">
                           <expression path="text" xsi:type="Property">
                              <source name="$this" xsi:type="AliasRef"/>
                           </expression>
                        </return>
                     </source>
                  </operand>
               </operand>
               <operand locator="257:7-257:84" xsi:type="Concatenate">
                  <operand locator="257:7-257:47" xsi:type="Concatenate">
                     <operand locator="257:7-257:39" xsi:type="ToString">
                        <operand name="ToDecimal" libraryName="FHIRHelpers" xsi:type="FunctionRef">
                           <operand locator="257:16-257:38" name="LabReferenceRangeLow" xsi:type="FunctionRef">
                              <operand locator="257:37" name="o" xsi:type="OperandRef"/>
                           </operand>
                        </operand>
                     </operand>
                     <operand locator="257:43-257:47" valueType="t:String" value=" - " xsi:type="Literal"/>
                  </operand>
                  <operand locator="257:51-257:84" xsi:type="ToString">
                     <operand name="ToDecimal" libraryName="FHIRHelpers" xsi:type="FunctionRef">
                        <operand locator="257:60-257:83" name="LabReferenceRangeHigh" xsi:type="FunctionRef">
                           <operand locator="257:82" name="o" xsi:type="OperandRef"/>
                        </operand>
                     </operand>
                  </operand>
               </operand>
            </else>
         </expression>
         <operand name="o">
            <operandTypeSpecifier locator="253:37-253:52" name="fhir:Observation" xsi:type="NamedTypeSpecifier"/>
         </operand>
      </def>
      <def locator="271:1-280:8" name="LabInterpretation" context="Patient" accessLevel="Public" xsi:type="FunctionDef">
         <expression locator="272:3-280:8" xsi:type="If">
            <condition asType="t:Boolean" xsi:type="As">
               <operand locator="272:6-272:35" xsi:type="Not">
                  <operand locator="272:7-272:34" xsi:type="IsNull">
                     <operand locator="272:7-272:22" path="interpretation" xsi:type="Property">
                        <source locator="272:7" name="o" xsi:type="OperandRef"/>
                     </operand>
                  </operand>
               </operand>
            </condition>
            <then name="ToString" libraryName="FHIRHelpers" xsi:type="FunctionRef">
               <operand locator="273:5-273:89" xsi:type="Coalesce">
                  <operand locator="273:14-273:41" xsi:type="First">
                     <source locator="273:20-273:40" xsi:type="Query">
                        <source alias="$this">
                           <expression locator="273:20-273:35" path="interpretation" xsi:type="Property">
                              <source locator="273:20" name="o" xsi:type="OperandRef"/>
                           </expression>
                        </source>
                        <where xsi:type="Not">
                           <operand xsi:type="IsNull">
                              <operand path="text" xsi:type="Property">
                                 <source name="$this" xsi:type="AliasRef"/>
                              </operand>
                           </operand>
                        </where>
                        <return distinct="false">
                           <expression path="text" xsi:type="Property">
                              <source name="$this" xsi:type="AliasRef"/>
                           </expression>
                        </return>
                     </source>
                  </operand>
                  <operand locator="273:44-273:88" xsi:type="First">
                     <source locator="273:50-273:87" xsi:type="Query">
                        <source alias="$this">
                           <expression locator="273:50-273:79" path="coding" xsi:type="Property">
                              <source locator="273:50-273:72" xsi:type="First">
                                 <source locator="273:56-273:71" path="interpretation" xsi:type="Property">
                                    <source locator="273:56" name="o" xsi:type="OperandRef"/>
                                 </source>
                              </source>
                           </expression>
                        </source>
                        <where xsi:type="Not">
                           <operand xsi:type="IsNull">
                              <operand path="display" xsi:type="Property">
                                 <source name="$this" xsi:type="AliasRef"/>
                              </operand>
                           </operand>
                        </where>
                        <return distinct="false">
                           <expression path="display" xsi:type="Property">
                              <source name="$this" xsi:type="AliasRef"/>
                           </expression>
                        </return>
                     </source>
                  </operand>
               </operand>
            </then>
            <else locator="274:8-280:8" xsi:type="If">
               <condition asType="t:Boolean" xsi:type="As">
                  <operand locator="274:11-274:38" xsi:type="Not">
                     <operand locator="274:11-274:38" xsi:type="IsNull">
                        <operand locator="274:11-274:26" path="referenceRange" xsi:type="Property">
                           <source locator="274:11" name="o" xsi:type="OperandRef"/>
                        </operand>
                     </operand>
                  </operand>
               </condition>
               <then locator="276:5-278:13" xsi:type="If">
                  <condition asType="t:Boolean" xsi:type="As">
                     <operand locator="276:8-276:46" xsi:type="Less">
                        <operand xsi:type="Case">
                           <caseItem>
                              <when isType="t:Integer" xsi:type="Is">
                                 <operand locator="276:8-276:20" path="value" xsi:type="Property">
                                    <source locator="276:8-276:14" path="value" xsi:type="Property">
                                       <source locator="276:8" name="o" xsi:type="OperandRef"/>
                                    </source>
                                 </operand>
                              </when>
                              <then xsi:type="ToDecimal">
                                 <operand asType="t:Integer" xsi:type="As">
                                    <operand locator="276:8-276:20" path="value" xsi:type="Property">
                                       <source locator="276:8-276:14" path="value" xsi:type="Property">
                                          <source locator="276:8" name="o" xsi:type="OperandRef"/>
                                       </source>
                                    </operand>
                                 </operand>
                              </then>
                           </caseItem>
                           <caseItem>
                              <when isType="fhir:decimal" xsi:type="Is">
                                 <operand locator="276:8-276:20" path="value" xsi:type="Property">
                                    <source locator="276:8-276:14" path="value" xsi:type="Property">
                                       <source locator="276:8" name="o" xsi:type="OperandRef"/>
                                    </source>
                                 </operand>
                              </when>
                              <then name="ToDecimal" libraryName="FHIRHelpers" xsi:type="FunctionRef">
                                 <operand asType="fhir:decimal" xsi:type="As">
                                    <operand locator="276:8-276:20" path="value" xsi:type="Property">
                                       <source locator="276:8-276:14" path="value" xsi:type="Property">
                                          <source locator="276:8" name="o" xsi:type="OperandRef"/>
                                       </source>
                                    </operand>
                                 </operand>
                              </then>
                           </caseItem>
                           <else resultTypeName="t:Decimal" xsi:type="Null"/>
                        </operand>
                        <operand name="ToDecimal" libraryName="FHIRHelpers" xsi:type="FunctionRef">
                           <operand locator="276:24-276:46" name="LabReferenceRangeLow" xsi:type="FunctionRef">
                              <operand locator="276:45" name="o" xsi:type="OperandRef"/>
                           </operand>
                        </operand>
                     </operand>
                  </condition>
                  <then locator="276:53-276:55" valueType="t:String" value="L" xsi:type="Literal"/>
                  <else locator="277:10-278:13" xsi:type="If">
                     <condition asType="t:Boolean" xsi:type="As">
                        <operand locator="277:13-277:52" xsi:type="Greater">
                           <operand xsi:type="Case">
                              <caseItem>
                                 <when isType="t:Integer" xsi:type="Is">
                                    <operand locator="277:13-277:25" path="value" xsi:type="Property">
                                       <source locator="277:13-277:19" path="value" xsi:type="Property">
                                          <source locator="277:13" name="o" xsi:type="OperandRef"/>
                                       </source>
                                    </operand>
                                 </when>
                                 <then xsi:type="ToDecimal">
                                    <operand asType="t:Integer" xsi:type="As">
                                       <operand locator="277:13-277:25" path="value" xsi:type="Property">
                                          <source locator="277:13-277:19" path="value" xsi:type="Property">
                                             <source locator="277:13" name="o" xsi:type="OperandRef"/>
                                          </source>
                                       </operand>
                                    </operand>
                                 </then>
                              </caseItem>
                              <caseItem>
                                 <when isType="fhir:decimal" xsi:type="Is">
                                    <operand locator="277:13-277:25" path="value" xsi:type="Property">
                                       <source locator="277:13-277:19" path="value" xsi:type="Property">
                                          <source locator="277:13" name="o" xsi:type="OperandRef"/>
                                       </source>
                                    </operand>
                                 </when>
                                 <then name="ToDecimal" libraryName="FHIRHelpers" xsi:type="FunctionRef">
                                    <operand asType="fhir:decimal" xsi:type="As">
                                       <operand locator="277:13-277:25" path="value" xsi:type="Property">
                                          <source locator="277:13-277:19" path="value" xsi:type="Property">
                                             <source locator="277:13" name="o" xsi:type="OperandRef"/>
                                          </source>
                                       </operand>
                                    </operand>
                                 </then>
                              </caseItem>
                              <else resultTypeName="t:Decimal" xsi:type="Null"/>
                           </operand>
                           <operand name="ToDecimal" libraryName="FHIRHelpers" xsi:type="FunctionRef">
                              <operand locator="277:29-277:52" name="LabReferenceRangeHigh" xsi:type="FunctionRef">
                                 <operand locator="277:51" name="o" xsi:type="OperandRef"/>
                              </operand>
                           </operand>
                        </operand>
                     </condition>
                     <then locator="277:59-277:61" valueType="t:String" value="H" xsi:type="Literal"/>
                     <else asType="t:String" xsi:type="As">
                        <operand locator="278:10-278:13" xsi:type="Null"/>
                     </else>
                  </else>
               </then>
               <else asType="t:String" xsi:type="As">
                  <operand locator="280:5-280:8" xsi:type="Null"/>
               </else>
            </else>
         </expression>
         <operand name="o">
            <operandTypeSpecifier locator="271:37-271:52" name="fhir:Observation" xsi:type="NamedTypeSpecifier"/>
         </operand>
      </def>
      <def locator="266:1-269:12" name="LabReferenceRangeFlag" context="Patient" accessLevel="Public" xsi:type="FunctionDef">
         <expression locator="267:3-269:12" xsi:type="If">
            <condition asType="t:Boolean" xsi:type="As">
               <operand locator="267:6-268:50" xsi:type="Or">
                  <operand locator="267:7-267:45" xsi:type="Less">
                     <operand xsi:type="Case">
                        <caseItem>
                           <when isType="t:Integer" xsi:type="Is">
                              <operand locator="267:7-267:19" path="value" xsi:type="Property">
                                 <source locator="267:7-267:13" path="value" xsi:type="Property">
                                    <source locator="267:7" name="o" xsi:type="OperandRef"/>
                                 </source>
                              </operand>
                           </when>
                           <then xsi:type="ToDecimal">
                              <operand asType="t:Integer" xsi:type="As">
                                 <operand locator="267:7-267:19" path="value" xsi:type="Property">
                                    <source locator="267:7-267:13" path="value" xsi:type="Property">
                                       <source locator="267:7" name="o" xsi:type="OperandRef"/>
                                    </source>
                                 </operand>
                              </operand>
                           </then>
                        </caseItem>
                        <caseItem>
                           <when isType="fhir:decimal" xsi:type="Is">
                              <operand locator="267:7-267:19" path="value" xsi:type="Property">
                                 <source locator="267:7-267:13" path="value" xsi:type="Property">
                                    <source locator="267:7" name="o" xsi:type="OperandRef"/>
                                 </source>
                              </operand>
                           </when>
                           <then name="ToDecimal" libraryName="FHIRHelpers" xsi:type="FunctionRef">
                              <operand asType="fhir:decimal" xsi:type="As">
                                 <operand locator="267:7-267:19" path="value" xsi:type="Property">
                                    <source locator="267:7-267:13" path="value" xsi:type="Property">
                                       <source locator="267:7" name="o" xsi:type="OperandRef"/>
                                    </source>
                                 </operand>
                              </operand>
                           </then>
                        </caseItem>
                        <else resultTypeName="t:Decimal" xsi:type="Null"/>
                     </operand>
                     <operand name="ToDecimal" libraryName="FHIRHelpers" xsi:type="FunctionRef">
                        <operand locator="267:23-267:45" name="LabReferenceRangeLow" xsi:type="FunctionRef">
                           <operand locator="267:44" name="o" xsi:type="OperandRef"/>
                        </operand>
                     </operand>
                  </operand>
                  <operand locator="268:10-268:49" xsi:type="Greater">
                     <operand xsi:type="Case">
                        <caseItem>
                           <when isType="t:Integer" xsi:type="Is">
                              <operand locator="268:10-268:22" path="value" xsi:type="Property">
                                 <source locator="268:10-268:16" path="value" xsi:type="Property">
                                    <source locator="268:10" name="o" xsi:type="OperandRef"/>
                                 </source>
                              </operand>
                           </when>
                           <then xsi:type="ToDecimal">
                              <operand asType="t:Integer" xsi:type="As">
                                 <operand locator="268:10-268:22" path="value" xsi:type="Property">
                                    <source locator="268:10-268:16" path="value" xsi:type="Property">
                                       <source locator="268:10" name="o" xsi:type="OperandRef"/>
                                    </source>
                                 </operand>
                              </operand>
                           </then>
                        </caseItem>
                        <caseItem>
                           <when isType="fhir:decimal" xsi:type="Is">
                              <operand locator="268:10-268:22" path="value" xsi:type="Property">
                                 <source locator="268:10-268:16" path="value" xsi:type="Property">
                                    <source locator="268:10" name="o" xsi:type="OperandRef"/>
                                 </source>
                              </operand>
                           </when>
                           <then name="ToDecimal" libraryName="FHIRHelpers" xsi:type="FunctionRef">
                              <operand asType="fhir:decimal" xsi:type="As">
                                 <operand locator="268:10-268:22" path="value" xsi:type="Property">
                                    <source locator="268:10-268:16" path="value" xsi:type="Property">
                                       <source locator="268:10" name="o" xsi:type="OperandRef"/>
                                    </source>
                                 </operand>
                              </operand>
                           </then>
                        </caseItem>
                        <else resultTypeName="t:Decimal" xsi:type="Null"/>
                     </operand>
                     <operand name="ToDecimal" libraryName="FHIRHelpers" xsi:type="FunctionRef">
                        <operand locator="268:26-268:49" name="LabReferenceRangeHigh" xsi:type="FunctionRef">
                           <operand locator="268:48" name="o" xsi:type="OperandRef"/>
                        </operand>
                     </operand>
                  </operand>
               </operand>
            </condition>
            <then locator="268:57-268:60" valueType="t:Boolean" value="true" xsi:type="Literal"/>
            <else locator="269:8-269:12" valueType="t:Boolean" value="false" xsi:type="Literal"/>
         </expression>
         <operand name="o">
            <operandTypeSpecifier locator="266:41-266:56" name="fhir:Observation" xsi:type="NamedTypeSpecifier"/>
         </operand>
      </def>
      <def locator="239:1-251:5" name="ReportLabObservation" context="Patient" accessLevel="Public" xsi:type="FunctionDef">
         <expression locator="240:3-251:5" xsi:type="If">
            <condition asType="t:Boolean" xsi:type="As">
               <operand locator="240:6-240:16" xsi:type="IsNull">
                  <operand locator="240:7" name="o" xsi:type="OperandRef"/>
               </operand>
            </condition>
            <then xsi:type="As">
               <operand locator="240:23-240:26" xsi:type="Null"/>
               <asTypeSpecifier xsi:type="TupleTypeSpecifier">
                  <element name="Date">
                     <type name="t:String" xsi:type="NamedTypeSpecifier"/>
                  </element>
                  <element name="Name">
                     <type name="t:String" xsi:type="NamedTypeSpecifier"/>
                  </element>
                  <element name="ResultText">
                     <type name="t:String" xsi:type="NamedTypeSpecifier"/>
                  </element>
                  <element name="ResultValue">
                     <type name="t:String" xsi:type="NamedTypeSpecifier"/>
                  </element>
                  <element name="ResultUnits">
                     <type name="t:String" xsi:type="NamedTypeSpecifier"/>
                  </element>
                  <element name="ReferenceRange">
                     <type name="t:String" xsi:type="NamedTypeSpecifier"/>
                  </element>
                  <element name="Interpretation">
                     <type name="t:String" xsi:type="NamedTypeSpecifier"/>
                  </element>
                  <element name="Flag">
                     <type name="t:Boolean" xsi:type="NamedTypeSpecifier"/>
                  </element>
               </asTypeSpecifier>
            </then>
            <else locator="242:5-251:5" xsi:type="Tuple">
               <element name="Date">
                  <value locator="243:15-243:39" xsi:type="ToString">
                     <operand locator="243:24-243:38" name="FindDate" libraryName="C3F" xsi:type="FunctionRef">
                        <operand locator="243:37" name="o" xsi:type="OperandRef"/>
                     </operand>
                  </value>
               </element>
               <element name="Name">
                  <value locator="244:15-244:33" name="ConceptText" xsi:type="FunctionRef">
                     <operand locator="244:27-244:32" path="code" xsi:type="Property">
                        <source locator="244:27" name="o" xsi:type="OperandRef"/>
                     </operand>
                  </value>
               </element>
               <element name="ResultText">
                  <value locator="245:19-245:56" name="QuantityText" xsi:type="FunctionRef">
                     <operand locator="245:32-245:55" strict="false" xsi:type="As">
                        <operand locator="245:32-245:38" path="value" xsi:type="Property">
                           <source locator="245:32" name="o" xsi:type="OperandRef"/>
                        </operand>
                        <asTypeSpecifier locator="245:43-245:55" name="fhir:Quantity" xsi:type="NamedTypeSpecifier"/>
                     </operand>
                  </value>
               </element>
               <element name="ResultValue">
                  <value locator="246:20-246:61" xsi:type="ToString">
                     <operand name="ToDecimal" libraryName="FHIRHelpers" xsi:type="FunctionRef">
                        <operand locator="246:29-246:60" path="value" xsi:type="Property">
                           <source locator="246:29-246:54" strict="false" xsi:type="As">
                              <operand locator="246:30-246:36" path="value" xsi:type="Property">
                                 <source locator="246:30" name="o" xsi:type="OperandRef"/>
                              </operand>
                              <asTypeSpecifier locator="246:41-246:53" name="fhir:Quantity" xsi:type="NamedTypeSpecifier"/>
                           </source>
                        </operand>
                     </operand>
                  </value>
               </element>
               <element name="ResultUnits">
                  <value locator="247:20-247:56" path="value" xsi:type="Property">
                     <source locator="247:20-247:50" path="unit" xsi:type="Property">
                        <source locator="247:20-247:45" strict="false" xsi:type="As">
                           <operand locator="247:21-247:27" path="value" xsi:type="Property">
                              <source locator="247:21" name="o" xsi:type="OperandRef"/>
                           </operand>
                           <asTypeSpecifier locator="247:32-247:44" name="fhir:Quantity" xsi:type="NamedTypeSpecifier"/>
                        </source>
                     </source>
                  </value>
               </element>
               <element name="ReferenceRange">
                  <value locator="248:23-248:42" name="LabReferenceRange" xsi:type="FunctionRef">
                     <operand locator="248:41" name="o" xsi:type="OperandRef"/>
                  </value>
               </element>
               <element name="Interpretation">
                  <value locator="249:23-249:42" name="LabInterpretation" xsi:type="FunctionRef">
                     <operand locator="249:41" name="o" xsi:type="OperandRef"/>
                  </value>
               </element>
               <element name="Flag">
                  <value locator="250:13-250:36" name="LabReferenceRangeFlag" xsi:type="FunctionRef">
                     <operand locator="250:35" name="o" xsi:type="OperandRef"/>
                  </value>
               </element>
            </else>
         </expression>
         <operand name="o">
            <operandTypeSpecifier locator="239:40-239:55" name="fhir:Observation" xsi:type="NamedTypeSpecifier"/>
         </operand>
      </def>
      <def locator="92:1-108:1" name="DiagnosticSummary" context="Patient" accessLevel="Public">
         <expression locator="92:27-108:1" xsi:type="Tuple">
            <element name="ALT">
               <value locator="93:8-93:54" name="ReportLabObservation" xsi:type="FunctionRef">
                  <operand locator="93:29-93:53" name="Last ALT Lab Result" libraryName="C19" xsi:type="ExpressionRef"/>
               </value>
            </element>
            <element name="AST">
               <value locator="94:8-94:54" name="ReportLabObservation" xsi:type="FunctionRef">
                  <operand locator="94:29-94:53" name="Last AST Lab Result" libraryName="C19" xsi:type="ExpressionRef"/>
               </value>
            </element>
            <element name="Creatinine">
               <value locator="95:15-95:68" name="ReportLabObservation" xsi:type="FunctionRef">
                  <operand locator="95:36-95:67" name="Last Creatinine Lab Result" libraryName="C19" xsi:type="ExpressionRef"/>
               </value>
            </element>
            <element name="CRP">
               <value locator="96:8-96:54" name="ReportLabObservation" xsi:type="FunctionRef">
                  <operand locator="96:29-96:53" name="Last CRP Lab Result" libraryName="C19" xsi:type="ExpressionRef"/>
               </value>
            </element>
            <element name="DDimer">
               <value locator="97:11-97:61" name="ReportLabObservation" xsi:type="FunctionRef">
                  <operand locator="97:32-97:60" name="Last D-dimer Lab Result" libraryName="C19" xsi:type="ExpressionRef"/>
               </value>
            </element>
            <element name="Ferritin">
               <value locator="98:13-98:64" name="ReportLabObservation" xsi:type="FunctionRef">
                  <operand locator="98:34-98:63" name="Last Ferritin Lab Result" libraryName="C19" xsi:type="ExpressionRef"/>
               </value>
            </element>
            <element name="LDH">
               <value locator="99:8-99:54" name="ReportLabObservation" xsi:type="FunctionRef">
                  <operand locator="99:29-99:53" name="Last LDH Lab Result" libraryName="C19" xsi:type="ExpressionRef"/>
               </value>
            </element>
            <element name="Lymphopenia">
               <value locator="100:16-100:70" name="ReportLabObservation" xsi:type="FunctionRef">
                  <operand locator="100:37-100:69" name="Last Lymphocytes Lab Result" libraryName="C19" xsi:type="ExpressionRef"/>
               </value>
            </element>
            <element name="Neutrophils">
               <value locator="101:16-101:70" name="ReportLabObservation" xsi:type="FunctionRef">
                  <operand locator="101:37-101:69" name="Last Neutrophils Lab Result" libraryName="C19" xsi:type="ExpressionRef"/>
               </value>
            </element>
            <element name="Thrombocytopenia">
               <value locator="102:21-102:73" name="ReportLabObservation" xsi:type="FunctionRef">
                  <operand locator="102:42-102:72" name="Last Platelets Lab Result" libraryName="C19" xsi:type="ExpressionRef"/>
               </value>
            </element>
            <element name="Troponin">
               <value locator="103:13-103:64" name="ReportLabObservation" xsi:type="FunctionRef">
                  <operand locator="103:34-103:63" name="Last Troponin Lab Result" libraryName="C19" xsi:type="ExpressionRef"/>
               </value>
            </element>
            <element name="WBC">
               <value locator="104:8-104:60" name="ReportLabObservation" xsi:type="FunctionRef">
                  <operand locator="104:29-104:59" name="Last Leukocyte Lab Result" libraryName="C19" xsi:type="ExpressionRef"/>
               </value>
            </element>
            <element name="PaO2FiO2">
               <value locator="107:13-107:70" name="ReportLabObservation" xsi:type="FunctionRef">
                  <operand locator="107:34-107:69" name="Last PaO2FiO2 Ratio Lab Result" libraryName="C19" xsi:type="ExpressionRef"/>
               </value>
            </element>
         </expression>
      </def>
      <def locator="110:1-123:1" name="LabResultList" context="Patient" accessLevel="Public">
         <expression locator="110:23-123:1" xsi:type="List">
            <element locator="111:3-111:23" path="ALT" xsi:type="Property">
               <source locator="111:3-111:19" name="DiagnosticSummary" xsi:type="ExpressionRef"/>
            </element>
            <element locator="112:3-112:23" path="AST" xsi:type="Property">
               <source locator="112:3-112:19" name="DiagnosticSummary" xsi:type="ExpressionRef"/>
            </element>
            <element locator="113:3-113:30" path="Creatinine" xsi:type="Property">
               <source locator="113:3-113:19" name="DiagnosticSummary" xsi:type="ExpressionRef"/>
            </element>
            <element locator="114:3-114:23" path="CRP" xsi:type="Property">
               <source locator="114:3-114:19" name="DiagnosticSummary" xsi:type="ExpressionRef"/>
            </element>
            <element locator="115:3-115:26" path="DDimer" xsi:type="Property">
               <source locator="115:3-115:19" name="DiagnosticSummary" xsi:type="ExpressionRef"/>
            </element>
            <element locator="116:3-116:28" path="Ferritin" xsi:type="Property">
               <source locator="116:3-116:19" name="DiagnosticSummary" xsi:type="ExpressionRef"/>
            </element>
            <element locator="117:3-117:23" path="LDH" xsi:type="Property">
               <source locator="117:3-117:19" name="DiagnosticSummary" xsi:type="ExpressionRef"/>
            </element>
            <element locator="118:3-118:31" path="Lymphopenia" xsi:type="Property">
               <source locator="118:3-118:19" name="DiagnosticSummary" xsi:type="ExpressionRef"/>
            </element>
            <element locator="119:3-119:31" path="Neutrophils" xsi:type="Property">
               <source locator="119:3-119:19" name="DiagnosticSummary" xsi:type="ExpressionRef"/>
            </element>
            <element locator="120:3-120:36" path="Thrombocytopenia" xsi:type="Property">
               <source locator="120:3-120:19" name="DiagnosticSummary" xsi:type="ExpressionRef"/>
            </element>
            <element locator="121:3-121:28" path="Troponin" xsi:type="Property">
               <source locator="121:3-121:19" name="DiagnosticSummary" xsi:type="ExpressionRef"/>
            </element>
            <element locator="122:3-122:23" path="WBC" xsi:type="Property">
               <source locator="122:3-122:19" name="DiagnosticSummary" xsi:type="ExpressionRef"/>
            </element>
         </expression>
      </def>
      <def locator="134:1-135:55" name="ConcerningLabCount" context="Patient" accessLevel="Public">
         <expression locator="135:3-135:55" xsi:type="Count">
            <source locator="135:9-135:54" xsi:type="Query">
               <source locator="135:9-135:28" alias="result">
                  <expression locator="135:9-135:21" name="LabResultList" xsi:type="ExpressionRef"/>
               </source>
               <where locator="135:30-135:54" xsi:type="IsTrue">
                  <operand locator="135:36-135:46" path="Flag" scope="result" xsi:type="Property"/>
               </where>
            </source>
         </expression>
      </def>
      <def locator="143:1-146:69" name="ConcerningImagingCount" context="Patient" accessLevel="Public">
         <expression locator="144:3-146:69" xsi:type="Add">
            <operand locator="144:3-145:77" xsi:type="Add">
               <operand locator="144:3-144:72" xsi:type="If">
                  <condition asType="t:Boolean" xsi:type="As">
                     <operand locator="144:7-144:57" xsi:type="IsTrue">
                        <operand locator="144:7-144:49" path="ChestXRayConcerning" xsi:type="Property">
                           <source locator="144:7-144:29" name="ClinicalAssessments" libraryName="C19" xsi:type="ParameterRef"/>
                        </operand>
                     </operand>
                  </condition>
                  <then locator="144:64" valueType="t:Integer" value="1" xsi:type="Literal"/>
                  <else locator="144:71" valueType="t:Integer" value="0" xsi:type="Literal"/>
               </operand>
               <operand locator="145:7-145:77" xsi:type="If">
                  <condition asType="t:Boolean" xsi:type="As">
                     <operand locator="145:11-145:62" xsi:type="IsTrue">
                        <operand locator="145:11-145:54" path="UltrasoundConcerning" xsi:type="Property">
                           <source locator="145:11-145:33" name="ClinicalAssessments" libraryName="C19" xsi:type="ParameterRef"/>
                        </operand>
                     </operand>
                  </condition>
                  <then locator="145:69" valueType="t:Integer" value="1" xsi:type="Literal"/>
                  <else locator="145:76" valueType="t:Integer" value="0" xsi:type="Literal"/>
               </operand>
            </operand>
            <operand locator="146:7-146:69" xsi:type="If">
               <condition asType="t:Boolean" xsi:type="As">
                  <operand locator="146:11-146:54" xsi:type="IsTrue">
                     <operand locator="146:11-146:46" path="CTConcerning" xsi:type="Property">
                        <source locator="146:11-146:33" name="ClinicalAssessments" libraryName="C19" xsi:type="ParameterRef"/>
                     </operand>
                  </operand>
               </condition>
               <then locator="146:61" valueType="t:Integer" value="1" xsi:type="Literal"/>
               <else locator="146:68" valueType="t:Integer" value="0" xsi:type="Literal"/>
            </operand>
         </expression>
      </def>
      <def locator="151:1-152:47" name="DiagnosticInterpretation" context="Patient" accessLevel="Public">
         <expression locator="152:5-152:47" xsi:type="Add">
            <operand locator="152:5-152:22" name="ConcerningLabCount" xsi:type="ExpressionRef"/>
            <operand locator="152:26-152:47" name="ConcerningImagingCount" xsi:type="ExpressionRef"/>
         </expression>
      </def>
      <def locator="33:1-41:1" name="RiskSummary" context="Patient" accessLevel="Public">
         <expression locator="33:21-41:1" xsi:type="Tuple">
            <element name="SeverityClassification">
               <value locator="34:27-34:55" name="Severity Classification" libraryName="C19" xsi:type="ExpressionRef"/>
            </element>
            <element name="RiskScore">
               <value locator="35:14-35:35" name="Total Risk Score" libraryName="C19" xsi:type="ExpressionRef"/>
            </element>
            <element name="RiskPercent">
               <value locator="36:16-36:33" name="Risk Percent" libraryName="C19" xsi:type="ExpressionRef"/>
            </element>
            <element name="RiskFactorCount">
               <value locator="37:20-37:43" name="Risk Factors count" libraryName="C19" xsi:type="ExpressionRef"/>
            </element>
            <element name="DiagnosticInterpretation">
               <value locator="38:29-38:52" name="DiagnosticInterpretation" xsi:type="ExpressionRef"/>
            </element>
            <element name="ConcerningLabCount">
               <value locator="39:23-39:40" name="ConcerningLabCount" xsi:type="ExpressionRef"/>
            </element>
            <element name="ConcerningImagingCount">
               <value locator="40:27-40:48" name="ConcerningImagingCount" xsi:type="ExpressionRef"/>
            </element>
         </expression>
      </def>
      <def locator="43:1-52:1" name="SmartPhrases" context="Patient" accessLevel="Public">
         <expression locator="43:22-52:1" xsi:type="Tuple">
            <element name="Severity">
               <value locator="44:13-44:158" xsi:type="Concatenate">
                  <operand locator="44:13-44:143" xsi:type="Concatenate">
                     <operand locator="44:13-44:106" valueType="t:String" value="Based on the criteria present at the time of evaluation, the patient was determined to have " xsi:type="Literal"/>
                     <operand locator="44:110-44:143" path="SeverityClassification" xsi:type="Property">
                        <source locator="44:110-44:120" name="RiskSummary" xsi:type="ExpressionRef"/>
                     </operand>
                  </operand>
                  <operand locator="44:147-44:158" valueType="t:String" value=" Severity." xsi:type="Literal"/>
               </value>
            </element>
            <element name="RiskPrognostication">
               <value locator="45:24-45:175" xsi:type="Concatenate">
                  <operand locator="45:24-45:163" xsi:type="Concatenate">
                     <operand locator="45:24-45:127" xsi:type="Concatenate">
                        <operand locator="45:24-45:86" xsi:type="Concatenate">
                           <operand locator="45:24-45:52" valueType="t:String" value="Based on a PRIEST Score of " xsi:type="Literal"/>
                           <operand locator="45:56-45:86" xsi:type="ToString">
                              <operand locator="45:65-45:85" path="RiskScore" xsi:type="Property">
                                 <source locator="45:65-45:75" name="RiskSummary" xsi:type="ExpressionRef"/>
                              </operand>
                           </operand>
                        </operand>
                        <operand locator="45:90-45:127" valueType="t:String" value=" the patient is estimated to have a " xsi:type="Literal"/>
                     </operand>
                     <operand locator="45:131-45:163" xsi:type="ToString">
                        <operand locator="45:140-45:162" path="RiskPercent" xsi:type="Property">
                           <source locator="45:140-45:150" name="RiskSummary" xsi:type="ExpressionRef"/>
                        </operand>
                     </operand>
                  </operand>
                  <operand locator="45:167-45:175" valueType="t:String" value="% risk." xsi:type="Literal"/>
               </value>
            </element>
            <element name="RiskAssessment">
               <value locator="46:19-51:7" xsi:type="Case">
                  <comparand locator="46:24-46:50" path="RiskFactorCount" xsi:type="Property">
                     <source locator="46:24-46:34" name="RiskSummary" xsi:type="ExpressionRef"/>
                  </comparand>
                  <caseItem locator="47:5-47:23">
                     <when asType="t:Integer" xsi:type="As">
                        <operand locator="47:10-47:13" xsi:type="Null"/>
                     </when>
                     <then asType="t:String" xsi:type="As">
                        <operand locator="47:20-47:23" xsi:type="Null"/>
                     </then>
                  </caseItem>
                  <caseItem locator="48:5-48:108">
                     <when locator="48:10" valueType="t:Integer" value="0" xsi:type="Literal"/>
                     <then locator="48:17-48:108" valueType="t:String" value="Patient did not have any additional risk factors based on those included within this tool." xsi:type="Literal"/>
                  </caseItem>
                  <caseItem locator="49:5-49:70">
                     <when locator="49:10" valueType="t:Integer" value="1" xsi:type="Literal"/>
                     <then locator="49:17-49:70" valueType="t:String" value="Patient was noted to have an additional risk factor." xsi:type="Literal"/>
                  </caseItem>
                  <else locator="50:10-50:73" valueType="t:String" value="Patient was noted to have 2 (or more) additional risk factors." xsi:type="Literal"/>
               </value>
            </element>
         </expression>
      </def>
      <def locator="131:1-132:54" name="LabResultCount" context="Patient" accessLevel="Public">
         <expression locator="132:3-132:54" xsi:type="Count">
            <source locator="132:9-132:53" xsi:type="Query">
               <source locator="132:9-132:28" alias="result">
                  <expression locator="132:9-132:21" name="LabResultList" xsi:type="ExpressionRef"/>
               </source>
               <where locator="132:30-132:53" xsi:type="Not">
                  <operand locator="132:36-132:53" xsi:type="IsNull">
                     <operand locator="132:36-132:41" name="result" xsi:type="AliasRef"/>
                  </operand>
               </where>
            </source>
         </expression>
      </def>
      <def locator="168:1-174:24" name="Recommend Obtain Diagnostics" context="Patient" accessLevel="Public">
         <expression locator="169:3-174:24" xsi:type="Or">
            <operand locator="169:3-172:3" xsi:type="And">
               <operand locator="170:5-170:58" xsi:type="Or">
                  <operand locator="170:6-170:27" name="Is Mild Severity" libraryName="C19" xsi:type="ExpressionRef"/>
                  <operand locator="170:32-170:57" name="Is Moderate Severity" libraryName="C19" xsi:type="ExpressionRef"/>
               </operand>
               <operand locator="171:9-171:69" xsi:type="Or">
                  <operand locator="171:10-171:36" xsi:type="GreaterOrEqual">
                     <operand locator="171:10-171:31" name="Total Risk Score" libraryName="C19" xsi:type="ExpressionRef"/>
                     <operand locator="171:36" valueType="t:Integer" value="5" xsi:type="Literal"/>
                  </operand>
                  <operand locator="171:41-171:68" xsi:type="Greater">
                     <operand locator="171:41-171:64" name="Risk Factors count" libraryName="C19" xsi:type="ExpressionRef"/>
                     <operand locator="171:68" valueType="t:Integer" value="1" xsi:type="Literal"/>
                  </operand>
               </operand>
            </operand>
            <operand locator="173:6-174:24" xsi:type="And">
               <operand locator="173:6-173:61" xsi:type="Or">
                  <operand locator="173:7-173:30" name="Is Severe Severity" libraryName="C19" xsi:type="ExpressionRef"/>
                  <operand locator="173:35-173:60" name="Is Critical Severity" libraryName="C19" xsi:type="ExpressionRef"/>
               </operand>
               <operand locator="174:7-174:24" xsi:type="Less">
                  <operand locator="174:7-174:20" name="LabResultCount" xsi:type="ExpressionRef"/>
                  <operand locator="174:24" valueType="t:Integer" value="1" xsi:type="Literal"/>
               </operand>
            </operand>
         </expression>
      </def>
      <def locator="176:1-179:37" name="Recommend Discharge Home" context="Patient" accessLevel="Public">
         <expression locator="177:3-179:37" xsi:type="And">
            <operand locator="177:3-178:35" xsi:type="And">
               <operand locator="177:3-177:24" name="Is Mild Severity" libraryName="C19" xsi:type="ExpressionRef"/>
               <operand locator="178:9-178:35" xsi:type="LessOrEqual">
                  <operand locator="178:9-178:30" name="Total Risk Score" libraryName="C19" xsi:type="ExpressionRef"/>
                  <operand locator="178:35" valueType="t:Integer" value="4" xsi:type="Literal"/>
               </operand>
            </operand>
            <operand locator="179:9-179:37" xsi:type="LessOrEqual">
               <operand locator="179:9-179:32" name="Risk Factors count" libraryName="C19" xsi:type="ExpressionRef"/>
               <operand locator="179:37" valueType="t:Integer" value="1" xsi:type="Literal"/>
            </operand>
         </expression>
      </def>
      <def locator="148:1-149:56" name="ConcerningLabsOrImaging" context="Patient" accessLevel="Public">
         <expression locator="149:3-149:56" xsi:type="Or">
            <operand locator="149:3-149:25" xsi:type="GreaterOrEqual">
               <operand locator="149:3-149:20" name="ConcerningLabCount" xsi:type="ExpressionRef"/>
               <operand locator="149:25" valueType="t:Integer" value="1" xsi:type="Literal"/>
            </operand>
            <operand locator="149:30-149:56" xsi:type="GreaterOrEqual">
               <operand locator="149:30-149:51" name="ConcerningImagingCount" xsi:type="ExpressionRef"/>
               <operand locator="149:56" valueType="t:Integer" value="1" xsi:type="Literal"/>
            </operand>
         </expression>
      </def>
      <def locator="188:1-191:27" name="Recommend Consider Admission" context="Patient" accessLevel="Public">
         <expression locator="189:3-191:27" xsi:type="And">
            <operand locator="189:3-190:39" xsi:type="And">
               <operand locator="189:3-189:56" xsi:type="Or">
                  <operand locator="189:4-189:25" name="Is Mild Severity" libraryName="C19" xsi:type="ExpressionRef"/>
                  <operand locator="189:30-189:55" name="Is Moderate Severity" libraryName="C19" xsi:type="ExpressionRef"/>
               </operand>
               <operand locator="190:9-190:39" xsi:type="IsTrue">
                  <operand locator="190:9-190:31" name="ConcerningLabsOrImaging" xsi:type="ExpressionRef"/>
               </operand>
            </operand>
            <operand locator="191:9-191:27" xsi:type="GreaterOrEqual">
               <operand locator="191:9-191:22" name="LabResultCount" xsi:type="ExpressionRef"/>
               <operand locator="191:27" valueType="t:Integer" value="1" xsi:type="Literal"/>
            </operand>
         </expression>
      </def>
      <def locator="181:1-186:27" name="Recommend Consider Discharging Home" context="Patient" accessLevel="Public">
         <expression locator="182:3-186:27" xsi:type="And">
            <operand locator="182:3-185:40" xsi:type="And">
               <operand locator="182:3-184:37" xsi:type="And">
                  <operand locator="182:3-183:35" xsi:type="And">
                     <operand locator="182:3-182:28" name="Is Moderate Severity" libraryName="C19" xsi:type="ExpressionRef"/>
                     <operand locator="183:9-183:35" xsi:type="LessOrEqual">
                        <operand locator="183:9-183:30" name="Total Risk Score" libraryName="C19" xsi:type="ExpressionRef"/>
                        <operand locator="183:35" valueType="t:Integer" value="4" xsi:type="Literal"/>
                     </operand>
                  </operand>
                  <operand locator="184:9-184:37" xsi:type="LessOrEqual">
                     <operand locator="184:9-184:32" name="Risk Factors count" libraryName="C19" xsi:type="ExpressionRef"/>
                     <operand locator="184:37" valueType="t:Integer" value="1" xsi:type="Literal"/>
                  </operand>
               </operand>
               <operand locator="185:9-185:40" xsi:type="IsFalse">
                  <operand locator="185:9-185:31" name="ConcerningLabsOrImaging" xsi:type="ExpressionRef"/>
               </operand>
            </operand>
            <operand locator="186:9-186:27" xsi:type="GreaterOrEqual">
               <operand locator="186:9-186:22" name="LabResultCount" xsi:type="ExpressionRef"/>
               <operand locator="186:27" valueType="t:Integer" value="1" xsi:type="Literal"/>
            </operand>
         </expression>
      </def>
      <def locator="193:1-195:27" name="Recommend Severe Admission" context="Patient" accessLevel="Public">
         <expression locator="194:3-195:27" xsi:type="And">
            <operand locator="194:3-194:26" name="Is Severe Severity" libraryName="C19" xsi:type="ExpressionRef"/>
            <operand locator="195:9-195:27" xsi:type="GreaterOrEqual">
               <operand locator="195:9-195:22" name="LabResultCount" xsi:type="ExpressionRef"/>
               <operand locator="195:27" valueType="t:Integer" value="1" xsi:type="Literal"/>
            </operand>
         </expression>
      </def>
      <def locator="197:1-199:27" name="Recommend Critical Admission" context="Patient" accessLevel="Public">
         <expression locator="198:3-199:27" xsi:type="And">
            <operand locator="198:3-198:28" name="Is Critical Severity" libraryName="C19" xsi:type="ExpressionRef"/>
            <operand locator="199:9-199:27" xsi:type="GreaterOrEqual">
               <operand locator="199:9-199:22" name="LabResultCount" xsi:type="ExpressionRef"/>
               <operand locator="199:27" valueType="t:Integer" value="1" xsi:type="Literal"/>
            </operand>
         </expression>
      </def>
      <def locator="54:1-61:1" name="RecommendationSummary" context="Patient" accessLevel="Public">
         <expression locator="54:31-61:1" xsi:type="Tuple">
            <element name="ObtainDiagnostics">
               <value locator="55:22-55:51" name="Recommend Obtain Diagnostics" xsi:type="ExpressionRef"/>
            </element>
            <element name="DischargeHome">
               <value locator="56:18-56:43" name="Recommend Discharge Home" xsi:type="ExpressionRef"/>
            </element>
            <element name="ConsiderAdmission">
               <value locator="57:22-57:51" name="Recommend Consider Admission" xsi:type="ExpressionRef"/>
            </element>
            <element name="ConsiderDischargingHome">
               <value locator="58:28-58:64" name="Recommend Consider Discharging Home" xsi:type="ExpressionRef"/>
            </element>
            <element name="SevereAdmission">
               <value locator="59:20-59:47" name="Recommend Severe Admission" xsi:type="ExpressionRef"/>
            </element>
            <element name="CriticalAdmission">
               <value locator="60:22-60:51" name="Recommend Critical Admission" xsi:type="ExpressionRef"/>
            </element>
         </expression>
      </def>
      <def locator="63:1-74:1" name="AssessmentSummary" context="Patient" accessLevel="Public">
         <expression locator="63:27-74:1" xsi:type="Tuple">
            <element name="RespiratoryRate">
               <value locator="64:20-64:52" name="Last Respiratory Rate value" libraryName="C19" xsi:type="ExpressionRef"/>
            </element>
            <element name="O2Saturation">
               <value locator="65:17-65:48" name="Last O2 Saturation percent" libraryName="C19" xsi:type="ExpressionRef"/>
            </element>
            <element name="HeartRate">
               <value locator="66:14-66:40" name="Last Heart Rate value" libraryName="C19" xsi:type="ExpressionRef"/>
            </element>
            <element name="BloodPressure">
               <value locator="67:18-67:64" path="Display" xsi:type="Property">
                  <source locator="67:18-67:56" xsi:type="Last">
                     <source locator="67:23-67:55" name="Blood Pressure Observations" libraryName="C19" xsi:type="ExpressionRef"/>
                  </source>
               </value>
            </element>
            <element name="SystolicBloodPressure">
               <value locator="68:26-68:45" name="Last SBP value" libraryName="C19" xsi:type="ExpressionRef"/>
            </element>
            <element name="TemperatureC">
               <value locator="69:17-69:54" name="Last Body Temperature value in C" libraryName="C19" xsi:type="ExpressionRef"/>
            </element>
            <element name="TemperatureF">
               <value locator="70:17-70:54" name="Last Body Temperature value in F" libraryName="C19" xsi:type="ExpressionRef"/>
            </element>
            <element name="SupplementalOxygen">
               <value locator="71:23-71:64" path="SupplementalOxygen" xsi:type="Property">
                  <source locator="71:23-71:45" name="ClinicalAssessments" libraryName="C19" xsi:type="ParameterRef"/>
               </value>
            </element>
            <element name="Alertness">
               <value locator="72:14-72:44" name="Alertness Assessment Code" libraryName="C19" xsi:type="ExpressionRef"/>
            </element>
            <element name="PerformanceStatus">
               <value locator="73:22-73:50" name="Performance Status Code" libraryName="C19" xsi:type="ExpressionRef"/>
            </element>
         </expression>
      </def>
      <def locator="76:1-90:1" name="RiskFactorSummary" context="Patient" accessLevel="Public">
         <expression locator="76:27-90:1" xsi:type="Tuple">
            <element name="Cancer">
               <value locator="77:11-77:38" name="Has Cancer Risk Factor" libraryName="C19" xsi:type="ExpressionRef"/>
            </element>
            <element name="CardiovascularDisease">
               <value locator="78:26-78:69" name="Has Cardiovascular Disease Risk Factor" libraryName="C19" xsi:type="ExpressionRef"/>
            </element>
            <element name="ChronicRespiratoryDisease">
               <value locator="79:30-79:78" name="Has Chronic Respiratory Disease Risk Factor" libraryName="C19" xsi:type="ExpressionRef"/>
            </element>
            <element name="DiabetesType2">
               <value locator="80:18-80:54" name="Has Diabetes Type 2 Risk Factor" libraryName="C19" xsi:type="ExpressionRef"/>
            </element>
            <element name="DownsSyndrome">
               <value locator="81:18-81:53" name="Has Downs Syndrome Risk Factor" libraryName="C19" xsi:type="ExpressionRef"/>
            </element>
            <element name="Hypertension">
               <value locator="82:17-82:50" name="Has Hypertension Risk Factor" libraryName="C19" xsi:type="ExpressionRef"/>
            </element>
            <element name="Immunosuppression">
               <value locator="83:22-83:60" name="Has Immunosuppression Risk Factor" libraryName="C19" xsi:type="ExpressionRef"/>
            </element>
            <element name="NeurologicDisease">
               <value locator="84:22-84:61" name="Has Neurologic Disease Risk Factor" libraryName="C19" xsi:type="ExpressionRef"/>
            </element>
            <element name="Obesity">
               <value locator="85:12-85:40" name="Has Obesity Risk Factor" libraryName="C19" xsi:type="ExpressionRef"/>
            </element>
            <element name="ObstructiveSleepApnea">
               <value locator="86:26-86:70" name="Has Obstructive Sleep Apnea Risk Factor" libraryName="C19" xsi:type="ExpressionRef"/>
            </element>
            <element name="Pregnancy">
               <value locator="87:14-87:44" name="Has Pregnancy Risk Factor" libraryName="C19" xsi:type="ExpressionRef"/>
            </element>
            <element name="RenalDisease">
               <value locator="88:17-88:51" name="Has Renal Disease Risk Factor" libraryName="C19" xsi:type="ExpressionRef"/>
            </element>
            <element name="SteroidUsage">
               <value locator="89:17-89:51" name="Has Steroid Usage Risk Factor" libraryName="C19" xsi:type="ExpressionRef"/>
            </element>
         </expression>
      </def>
      <def locator="125:1-129:1" name="ImagingResultList" context="Patient" accessLevel="Public">
         <expression locator="125:27-129:1" xsi:type="List">
            <element locator="126:3-126:45" path="ChestXRayConcerning" xsi:type="Property">
               <source locator="126:3-126:25" name="ClinicalAssessments" libraryName="C19" xsi:type="ParameterRef"/>
            </element>
            <element locator="127:3-127:46" path="UltrasoundConcerning" xsi:type="Property">
               <source locator="127:3-127:25" name="ClinicalAssessments" libraryName="C19" xsi:type="ParameterRef"/>
            </element>
            <element locator="128:3-128:38" path="CTConcerning" xsi:type="Property">
               <source locator="128:3-128:25" name="ClinicalAssessments" libraryName="C19" xsi:type="ParameterRef"/>
            </element>
         </expression>
      </def>
      <def locator="228:1-237:20" name="ReportObservations" context="Patient" accessLevel="Public" xsi:type="FunctionDef">
         <expression locator="229:3-237:20" xsi:type="Query">
            <source locator="229:3-229:11" alias="o">
               <expression locator="229:3-229:9" name="ObsList" xsi:type="OperandRef"/>
            </source>
            <return locator="230:5-236:5">
               <expression locator="230:12-236:5" xsi:type="Tuple">
                  <element name="Date">
                     <value locator="231:15-231:39" xsi:type="ToString">
                        <operand locator="231:24-231:38" name="FindDate" libraryName="C3F" xsi:type="FunctionRef">
                           <operand locator="231:37" name="o" xsi:type="AliasRef"/>
                        </operand>
                     </value>
                  </element>
                  <element name="Name">
                     <value locator="233:15-233:33" name="ConceptText" xsi:type="FunctionRef">
                        <operand locator="233:27-233:32" path="code" scope="o" xsi:type="Property"/>
                     </value>
                  </element>
                  <element name="Result">
                     <value locator="234:15-234:52" name="QuantityText" xsi:type="FunctionRef">
                        <operand locator="234:28-234:51" strict="false" xsi:type="As">
                           <operand locator="234:28-234:34" path="value" scope="o" xsi:type="Property"/>
                           <asTypeSpecifier locator="234:39-234:51" name="fhir:Quantity" xsi:type="NamedTypeSpecifier"/>
                        </operand>
                     </value>
                  </element>
                  <element name="ResultValue">
                     <value locator="235:20-235:61" xsi:type="ToString">
                        <operand name="ToDecimal" libraryName="FHIRHelpers" xsi:type="FunctionRef">
                           <operand locator="235:29-235:60" path="value" xsi:type="Property">
                              <source locator="235:29-235:54" strict="false" xsi:type="As">
                                 <operand locator="235:30-235:36" path="value" scope="o" xsi:type="Property"/>
                                 <asTypeSpecifier locator="235:41-235:53" name="fhir:Quantity" xsi:type="NamedTypeSpecifier"/>
                              </source>
                           </operand>
                        </operand>
                     </value>
                  </element>
               </expression>
            </return>
            <sort locator="237:5-237:20">
               <by locator="237:13-237:20" direction="asc" path="Date" xsi:type="ByColumn"/>
            </sort>
         </expression>
         <operand name="ObsList">
            <operandTypeSpecifier locator="228:44-228:60" xsi:type="ListTypeSpecifier">
               <elementType locator="228:49-228:59" name="fhir:Observation" xsi:type="NamedTypeSpecifier"/>
            </operandTypeSpecifier>
         </operand>
      </def>
   </statements>
</library>
