{
   "library" : {
      "annotation" : [ {
         "translatorOptions" : "EnableLocators,DisableListDemotion,DisableListPromotion",
         "type" : "CqlToElmInfo"
      } ],
      "identifier" : {
         "id" : "COVID19Concepts",
         "system" : "http://fhir.org/guides/acep",
         "version" : "1.0.0"
      },
      "schemaIdentifier" : {
         "id" : "urn:hl7-org:elm",
         "version" : "r1"
      },
      "usings" : {
         "def" : [ {
            "localIdentifier" : "System",
            "uri" : "urn:hl7-org:elm-types:r1"
         } ]
      },
      "codeSystems" : {
         "def" : [ {
            "locator" : "5:1-5:38",
            "name" : "LOINC",
            "id" : "http://loinc.org",
            "accessLevel" : "Public"
         }, {
            "locator" : "6:1-6:48",
            "name" : "SNOMED-CT",
            "id" : "http://snomed.info/sct",
            "accessLevel" : "Public"
         }, {
            "locator" : "7:1-7:52",
            "name" : "Race",
            "id" : "urn:oid:2.16.840.1.113883.6.238",
            "accessLevel" : "Public"
         } ]
      },
      "valueSets" : {
         "def" : [ {
            "locator" : "12:1-12:95",
            "name" : "Race Category",
            "id" : "http://cts.nlm.nih.gov/fhir/ValueSet/2.16.840.1.113883.3.2074.1.1.3",
            "accessLevel" : "Public"
         }, {
            "locator" : "15:1-15:118",
            "name" : "Cardiovascular Disease Codes",
            "id" : "http://fhir.org/guides/acep/ValueSet/covid-19-condition-risk-cardiovascular",
            "accessLevel" : "Public"
         }, {
            "locator" : "16:1-16:120",
            "name" : "Chronic Respiratory Disease Codes",
            "id" : "http://fhir.org/guides/acep/ValueSet/covid-19-condition-risk-respiratory",
            "accessLevel" : "Public"
         }, {
            "locator" : "17:1-17:105",
            "name" : "Diabetes Type 2 Codes",
            "id" : "http://fhir.org/guides/acep/ValueSet/covid-19-condition-risk-diabetes",
            "accessLevel" : "Public"
         }, {
            "locator" : "18:1-18:110",
            "name" : "Downs Syndrome Codes",
            "id" : "http://fhir.org/guides/acep/ValueSet/covid-19-condition-risk-downs-syndrome",
            "accessLevel" : "Public"
         }, {
            "locator" : "19:1-19:106",
            "name" : "Hypertension Codes",
            "id" : "http://fhir.org/guides/acep/ValueSet/covid-19-condition-risk-hypertension",
            "accessLevel" : "Public"
         }, {
            "locator" : "20:1-20:102",
            "name" : "Malignancy Codes",
            "id" : "http://fhir.org/guides/acep/ValueSet/covid-19-condition-risk-malignancy",
            "accessLevel" : "Public"
         }, {
            "locator" : "21:1-21:128",
            "name" : "Obstructive Sleep Apnea Codes",
            "id" : "http://fhir.org/guides/acep/ValueSet/covid-19-condition-risk-obstructive-sleep-apnea",
            "accessLevel" : "Public"
         }, {
            "locator" : "22:1-22:100",
            "name" : "Renal Disease Codes",
            "id" : "http://fhir.org/guides/acep/ValueSet/covid-19-condition-risk-renal",
            "accessLevel" : "Public"
         }, {
            "locator" : "25:1-25:83",
            "name" : "ALT Lab Results",
            "id" : "http://fhir.org/guides/acep/ValueSet/covid-19-lab-alt",
            "accessLevel" : "Public"
         }, {
            "locator" : "26:1-26:83",
            "name" : "AST Lab Results",
            "id" : "http://fhir.org/guides/acep/ValueSet/covid-19-lab-ast",
            "accessLevel" : "Public"
         }, {
            "locator" : "27:1-27:83",
            "name" : "CRP Lab Results",
            "id" : "http://fhir.org/guides/acep/ValueSet/covid-19-lab-crp",
            "accessLevel" : "Public"
         }, {
            "locator" : "28:1-28:97",
            "name" : "Creatinine Lab Results",
            "id" : "http://fhir.org/guides/acep/ValueSet/covid-19-lab-creatinine",
            "accessLevel" : "Public"
         }, {
            "locator" : "29:1-29:90",
            "name" : "D-dimer Lab Results",
            "id" : "http://fhir.org/guides/acep/ValueSet/covid-19-lab-ddimer",
            "accessLevel" : "Public"
         }, {
            "locator" : "30:1-30:93",
            "name" : "Ferritin Lab Results",
            "id" : "http://fhir.org/guides/acep/ValueSet/covid-19-lab-ferritin",
            "accessLevel" : "Public"
         }, {
            "locator" : "31:1-31:83",
            "name" : "LDH Lab Results",
            "id" : "http://fhir.org/guides/acep/ValueSet/covid-19-lab-ldh",
            "accessLevel" : "Public"
         }, {
            "locator" : "32:1-32:95",
            "name" : "Leukocyte Lab Results",
            "id" : "http://fhir.org/guides/acep/ValueSet/covid-19-lab-leukocyte",
            "accessLevel" : "Public"
         }, {
            "locator" : "33:1-33:99",
            "name" : "Lymphocytes Lab Results",
            "id" : "http://fhir.org/guides/acep/ValueSet/covid-19-lab-lymphocytes",
            "accessLevel" : "Public"
         }, {
            "locator" : "34:1-34:99",
            "name" : "Neutrophils Lab Results",
            "id" : "http://fhir.org/guides/acep/ValueSet/covid-19-lab-neutrophils",
            "accessLevel" : "Public"
         }, {
            "locator" : "35:1-35:95",
            "name" : "Platelets Lab Results",
            "id" : "http://fhir.org/guides/acep/ValueSet/covid-19-lab-platelets",
            "accessLevel" : "Public"
         }, {
            "locator" : "36:1-36:93",
            "name" : "Troponin Lab Results",
            "id" : "http://fhir.org/guides/acep/ValueSet/covid-19-lab-troponin",
            "accessLevel" : "Public"
         }, {
            "locator" : "39:1-39:114",
            "name" : "Obesity ICD10CM Codes",
            "id" : "http://cts.nlm.nih.gov/fhir/ValueSet/2.16.840.1.113883.3.3616.200.110.102.3091",
            "accessLevel" : "Public"
         }, {
            "locator" : "40:1-40:113",
            "name" : "Obesity SNOMED Codes",
            "id" : "http://cts.nlm.nih.gov/fhir/ValueSet/2.16.840.1.113883.3.3616.200.110.102.6203",
            "accessLevel" : "Public"
         } ]
      },
      "codes" : {
         "def" : [ {
            "locator" : "48:1-48:90",
            "name" : "Black or African American",
            "id" : "2054-5",
            "display" : "Black or African American",
            "accessLevel" : "Public",
            "codeSystem" : {
               "locator" : "48:49-48:54",
               "name" : "Race"
            }
         }, {
            "locator" : "49:1-49:50",
            "name" : "White",
            "id" : "2106-3",
            "display" : "White",
            "accessLevel" : "Public",
            "codeSystem" : {
               "locator" : "49:29-49:34",
               "name" : "Race"
            }
         }, {
            "locator" : "51:1-51:93",
            "name" : "Blood pressure",
            "id" : "85354-9",
            "display" : "Blood pressure systolic and diastolic",
            "accessLevel" : "Public",
            "codeSystem" : {
               "locator" : "51:39-51:45",
               "name" : "LOINC"
            }
         }, {
            "locator" : "52:1-52:87",
            "name" : "Systolic blood pressure",
            "id" : "8480-6",
            "display" : "Systolic blood pressure",
            "accessLevel" : "Public",
            "codeSystem" : {
               "locator" : "52:47-52:53",
               "name" : "LOINC"
            }
         }, {
            "locator" : "53:1-53:89",
            "name" : "Diastolic blood pressure",
            "id" : "8462-4",
            "display" : "Diastolic blood pressure",
            "accessLevel" : "Public",
            "codeSystem" : {
               "locator" : "53:48-53:54",
               "name" : "LOINC"
            }
         }, {
            "locator" : "55:1-55:61",
            "name" : "Heart rate",
            "id" : "8867-4",
            "display" : "Heart rate",
            "accessLevel" : "Public",
            "codeSystem" : {
               "locator" : "55:34-55:40",
               "name" : "LOINC"
            }
         }, {
            "locator" : "56:1-56:75",
            "name" : "Oxygen saturation",
            "id" : "2708-6",
            "display" : "Oxygen saturation",
            "accessLevel" : "Public",
            "codeSystem" : {
               "locator" : "56:41-56:47",
               "name" : "LOINC"
            }
         }, {
            "locator" : "57:1-57:73",
            "name" : "Respiratory rate",
            "id" : "9279-1",
            "display" : "Respiratory rate",
            "accessLevel" : "Public",
            "codeSystem" : {
               "locator" : "57:40-57:46",
               "name" : "LOINC"
            }
         }, {
            "locator" : "58:1-58:73",
            "name" : "Body temperature",
            "id" : "8310-5",
            "display" : "Body temperature",
            "accessLevel" : "Public",
            "codeSystem" : {
               "locator" : "58:40-58:46",
               "name" : "LOINC"
            }
         }, {
            "locator" : "59:1-59:63",
            "name" : "Body height",
            "id" : "8302-2",
            "display" : "Body height",
            "accessLevel" : "Public",
            "codeSystem" : {
               "locator" : "59:35-59:41",
               "name" : "LOINC"
            }
         }, {
            "locator" : "60:1-60:64",
            "name" : "Body weight",
            "id" : "29463-7",
            "display" : "Body weight",
            "accessLevel" : "Public",
            "codeSystem" : {
               "locator" : "60:36-60:42",
               "name" : "LOINC"
            }
         }, {
            "locator" : "61:1-61:72",
            "name" : "Body mass index",
            "id" : "39156-5",
            "display" : "Body mass index",
            "accessLevel" : "Public",
            "codeSystem" : {
               "locator" : "61:40-61:46",
               "name" : "LOINC"
            }
         } ]
      }
   }
}