{
   "library" : {
      "annotation" : [ {
         "translatorOptions" : "EnableLocators,DisableListDemotion,DisableListPromotion",
         "type" : "CqlToElmInfo"
      } ],
      "identifier" : {
         "id" : "COVID_19_ED_Severity_Hooks",
         "system" : "http://fhir.org/guides/acep",
         "version" : "0.1.0"
      },
      "schemaIdentifier" : {
         "id" : "urn:hl7-org:elm",
         "version" : "r1"
      },
      "usings" : {
         "def" : [ {
            "localIdentifier" : "System",
            "uri" : "urn:hl7-org:elm-types:r1"
         }, {
            "locator" : "9:1-9:26",
            "localIdentifier" : "FHIR",
            "uri" : "http://hl7.org/fhir",
            "version" : "4.0.1"
         } ]
      },
      "includes" : {
         "def" : [ {
            "locator" : "13:1-13:68",
            "localIdentifier" : "CovidED",
            "path" : "http://fhir.org/guides/acep/COVID_19_ED_Severity_FHIRv400",
            "version" : "1.0.0"
         } ]
      },
      "contexts" : {
         "def" : [ {
            "locator" : "17:1-17:15",
            "name" : "Patient"
         } ]
      },
      "statements" : {
         "def" : [ {
            "locator" : "17:1-17:15",
            "name" : "Patient",
            "context" : "Patient",
            "expression" : {
               "type" : "SingletonFrom",
               "operand" : {
                  "locator" : "17:1-17:15",
                  "dataType" : "{http://hl7.org/fhir}Patient",
                  "templateId" : "http://hl7.org/fhir/StructureDefinition/Patient",
                  "type" : "Retrieve"
               }
            }
         }, {
            "locator" : "24:1-25:47",
            "name" : "Has Severity Classification",
            "context" : "Patient",
            "accessLevel" : "Public",
            "expression" : {
               "locator" : "25:3-25:47",
               "type" : "Not",
               "operand" : {
                  "locator" : "25:3-25:47",
                  "type" : "IsNull",
                  "operand" : {
                     "locator" : "25:3-25:35",
                     "name" : "Severity Classification",
                     "libraryName" : "CovidED",
                     "type" : "ExpressionRef"
                  }
               }
            }
         }, {
            "locator" : "27:1-28:58",
            "name" : "Get Severity Card Summary",
            "context" : "Patient",
            "accessLevel" : "Public",
            "expression" : {
               "locator" : "28:3-28:58",
               "type" : "Concatenate",
               "operand" : [ {
                  "locator" : "28:3-28:35",
                  "name" : "Severity Classification",
                  "libraryName" : "CovidED",
                  "type" : "ExpressionRef"
               }, {
                  "locator" : "28:39-28:58",
                  "valueType" : "{urn:hl7-org:elm-types:r1}String",
                  "value" : " COVID-19 Severity",
                  "type" : "Literal"
               } ]
            }
         }, {
            "locator" : "30:1-31:142",
            "name" : "Get Severity Card Detail",
            "context" : "Patient",
            "accessLevel" : "Public",
            "expression" : {
               "locator" : "31:3-31:142",
               "type" : "Concatenate",
               "operand" : [ {
                  "locator" : "31:3-31:103",
                  "type" : "Concatenate",
                  "operand" : [ {
                     "locator" : "31:3-31:76",
                     "type" : "Concatenate",
                     "operand" : [ {
                        "locator" : "31:3-31:40",
                        "valueType" : "{urn:hl7-org:elm-types:r1}String",
                        "value" : "COVID-19 severity classification is ",
                        "type" : "Literal"
                     }, {
                        "locator" : "31:44-31:76",
                        "name" : "Severity Classification",
                        "libraryName" : "CovidED",
                        "type" : "ExpressionRef"
                     } ]
                  }, {
                     "locator" : "31:80-31:103",
                     "valueType" : "{urn:hl7-org:elm-types:r1}String",
                     "value" : " with a risk score of ",
                     "type" : "Literal"
                  } ]
               }, {
                  "locator" : "31:107-31:142",
                  "type" : "ToString",
                  "operand" : {
                     "locator" : "31:116-31:141",
                     "name" : "Total Risk Score",
                     "libraryName" : "CovidED",
                     "type" : "ExpressionRef"
                  }
               } ]
            }
         }, {
            "locator" : "33:1-36:16",
            "name" : "Get Severity Card Indicator",
            "context" : "Patient",
            "accessLevel" : "Public",
            "expression" : {
               "locator" : "34:3-36:16",
               "type" : "If",
               "condition" : {
                  "asType" : "{urn:hl7-org:elm-types:r1}Boolean",
                  "type" : "As",
                  "operand" : {
                     "locator" : "34:6-34:99",
                     "type" : "Or",
                     "operand" : [ {
                        "locator" : "34:6-34:51",
                        "type" : "Equal",
                        "operand" : [ {
                           "locator" : "34:6-34:38",
                           "name" : "Severity Classification",
                           "libraryName" : "CovidED",
                           "type" : "ExpressionRef"
                        }, {
                           "locator" : "34:42-34:51",
                           "valueType" : "{urn:hl7-org:elm-types:r1}String",
                           "value" : "CRITICAL",
                           "type" : "Literal"
                        } ]
                     }, {
                        "locator" : "34:56-34:99",
                        "type" : "Equal",
                        "operand" : [ {
                           "locator" : "34:56-34:88",
                           "name" : "Severity Classification",
                           "libraryName" : "CovidED",
                           "type" : "ExpressionRef"
                        }, {
                           "locator" : "34:92-34:99",
                           "valueType" : "{urn:hl7-org:elm-types:r1}String",
                           "value" : "SEVERE",
                           "type" : "Literal"
                        } ]
                     } ]
                  }
               },
               "then" : {
                  "locator" : "35:10-35:19",
                  "valueType" : "{urn:hl7-org:elm-types:r1}String",
                  "value" : "critical",
                  "type" : "Literal"
               },
               "else" : {
                  "locator" : "36:8-36:16",
                  "valueType" : "{urn:hl7-org:elm-types:r1}String",
                  "value" : "warning",
                  "type" : "Literal"
               }
            }
         } ]
      }
   }
}