{
   "library" : {
      "annotation" : [ {
         "translatorOptions" : "EnableLocators,DisableListDemotion,DisableListPromotion",
         "type" : "CqlToElmInfo"
      } ],
      "identifier" : {
         "id" : "COVID19Concepts",
         "system" : "http://fhir.org/guides/acep",
         "version" : "1.0.0"
      },
      "schemaIdentifier" : {
         "id" : "urn:hl7-org:elm",
         "version" : "r1"
      },
      "usings" : {
         "def" : [ {
            "localIdentifier" : "System",
            "uri" : "urn:hl7-org:elm-types:r1"
         } ]
      },
      "codeSystems" : {
         "def" : [ {
            "locator" : "5:1-5:38",
            "name" : "LOINC",
            "id" : "http://loinc.org",
            "accessLevel" : "Public"
         }, {
            "locator" : "6:1-6:48",
            "name" : "SNOMED-CT",
            "id" : "http://snomed.info/sct",
            "accessLevel" : "Public"
         }, {
            "locator" : "7:1-7:52",
            "name" : "Race",
            "id" : "urn:oid:2.16.840.1.113883.6.238",
            "accessLevel" : "Public"
         }, {
            "locator" : "12:1-12:49",
            "name" : "LOCAL",
            "id" : "http://fhir.org/guides/acep",
            "accessLevel" : "Public"
         } ]
      },
      "valueSets" : {
         "def" : [ {
            "locator" : "17:1-17:95",
            "name" : "Race Category",
            "id" : "http://cts.nlm.nih.gov/fhir/ValueSet/2.16.840.1.113883.3.2074.1.1.3",
            "accessLevel" : "Public"
         }, {
            "locator" : "20:1-20:118",
            "name" : "Cardiovascular Disease Codes",
            "id" : "http://fhir.org/guides/acep/ValueSet/covid-19-condition-risk-cardiovascular",
            "accessLevel" : "Public"
         }, {
            "locator" : "21:1-21:120",
            "name" : "Chronic Respiratory Disease Codes",
            "id" : "http://fhir.org/guides/acep/ValueSet/covid-19-condition-risk-respiratory",
            "accessLevel" : "Public"
         }, {
            "locator" : "22:1-22:110",
            "name" : "Downs Syndrome Codes",
            "id" : "http://fhir.org/guides/acep/ValueSet/covid-19-condition-risk-downs-syndrome",
            "accessLevel" : "Public"
         }, {
            "locator" : "23:1-23:142",
            "name" : "Obstructive Sleep Apnea SNOMED Codes",
            "id" : "http://fhir.org/guides/acep/ValueSet/covid-19-condition-risk-obstructive-sleep-apnea-snomed",
            "accessLevel" : "Public"
         }, {
            "locator" : "24:1-24:142",
            "name" : "Obstructive Sleep Apnea ICD10CM Codes",
            "id" : "http://fhir.org/guides/acep/ValueSet/covid-19-condition-risk-obstructive-sleep-apnea-icd10",
            "accessLevel" : "Public"
         }, {
            "locator" : "25:1-25:130",
            "name" : "Immunosuppression ICD10CM Codes",
            "id" : "http://fhir.org/guides/acep/ValueSet/covid-19-condition-risk-immunosuppression-icd10",
            "accessLevel" : "Public"
         }, {
            "locator" : "26:1-26:130",
            "name" : "Immunosuppression SNOMED Codes",
            "id" : "http://fhir.org/guides/acep/ValueSet/covid-19-condition-risk-immunosuppression-snomed",
            "accessLevel" : "Public"
         }, {
            "locator" : "28:1-28:108",
            "name" : "Renal Disease Codes",
            "id" : "http://fhir.org/guides/acep/ValueSet/covid-19-condition-risk-renal-disease",
            "accessLevel" : "Public"
         }, {
            "locator" : "29:1-29:94",
            "name" : "Cancer Codes",
            "id" : "http://fhir.org/guides/acep/ValueSet/covid-19-condition-risk-cancer",
            "accessLevel" : "Public"
         }, {
            "locator" : "31:1-31:95",
            "name" : "Alertness Scale Codes",
            "id" : "http://fhir.org/guides/acep/ValueSet/covid-19-obs-alertness",
            "accessLevel" : "Public"
         }, {
            "locator" : "32:1-32:102",
            "name" : "WHO Performance Status Codes",
            "id" : "http://fhir.org/guides/acep/ValueSet/who-performance-status",
            "accessLevel" : "Public"
         }, {
            "locator" : "35:1-35:83",
            "name" : "ALT Lab Results",
            "id" : "http://fhir.org/guides/acep/ValueSet/covid-19-lab-alt",
            "accessLevel" : "Public"
         }, {
            "locator" : "36:1-36:83",
            "name" : "AST Lab Results",
            "id" : "http://fhir.org/guides/acep/ValueSet/covid-19-lab-ast",
            "accessLevel" : "Public"
         }, {
            "locator" : "37:1-37:83",
            "name" : "CRP Lab Results",
            "id" : "http://fhir.org/guides/acep/ValueSet/covid-19-lab-crp",
            "accessLevel" : "Public"
         }, {
            "locator" : "38:1-38:97",
            "name" : "Creatinine Lab Results",
            "id" : "http://fhir.org/guides/acep/ValueSet/covid-19-lab-creatinine",
            "accessLevel" : "Public"
         }, {
            "locator" : "39:1-39:90",
            "name" : "D-dimer Lab Results",
            "id" : "http://fhir.org/guides/acep/ValueSet/covid-19-lab-ddimer",
            "accessLevel" : "Public"
         }, {
            "locator" : "40:1-40:93",
            "name" : "Ferritin Lab Results",
            "id" : "http://fhir.org/guides/acep/ValueSet/covid-19-lab-ferritin",
            "accessLevel" : "Public"
         }, {
            "locator" : "41:1-41:83",
            "name" : "LDH Lab Results",
            "id" : "http://fhir.org/guides/acep/ValueSet/covid-19-lab-ldh",
            "accessLevel" : "Public"
         }, {
            "locator" : "42:1-42:95",
            "name" : "Leukocyte Lab Results",
            "id" : "http://fhir.org/guides/acep/ValueSet/covid-19-lab-leukocyte",
            "accessLevel" : "Public"
         }, {
            "locator" : "43:1-43:99",
            "name" : "Lymphocytes Lab Results",
            "id" : "http://fhir.org/guides/acep/ValueSet/covid-19-lab-lymphocytes",
            "accessLevel" : "Public"
         }, {
            "locator" : "44:1-44:99",
            "name" : "Neutrophils Lab Results",
            "id" : "http://fhir.org/guides/acep/ValueSet/covid-19-lab-neutrophils",
            "accessLevel" : "Public"
         }, {
            "locator" : "45:1-45:99",
            "name" : "PaO2FiO2 Ratio Lab Results",
            "id" : "http://fhir.org/guides/acep/ValueSet/covid-19-lab-pao2fio2",
            "accessLevel" : "Public"
         }, {
            "locator" : "46:1-46:95",
            "name" : "Platelets Lab Results",
            "id" : "http://fhir.org/guides/acep/ValueSet/covid-19-lab-platelets",
            "accessLevel" : "Public"
         }, {
            "locator" : "47:1-47:93",
            "name" : "Troponin Lab Results",
            "id" : "http://fhir.org/guides/acep/ValueSet/covid-19-lab-troponin",
            "accessLevel" : "Public"
         }, {
            "locator" : "50:1-50:113",
            "name" : "Cancer ICD10CM Codes",
            "id" : "http://cts.nlm.nih.gov/fhir/ValueSet/2.16.840.1.113883.3.3616.200.110.102.3028",
            "accessLevel" : "Public"
         }, {
            "locator" : "51:1-51:112",
            "name" : "Cancer SNOMED Codes",
            "id" : "http://cts.nlm.nih.gov/fhir/ValueSet/2.16.840.1.113883.3.3616.200.110.102.6048",
            "accessLevel" : "Public"
         }, {
            "locator" : "52:1-52:115",
            "name" : "Diabetes ICD10CM Codes",
            "id" : "http://cts.nlm.nih.gov/fhir/ValueSet/2.16.840.1.113883.3.3616.200.110.102.3153",
            "accessLevel" : "Public"
         }, {
            "locator" : "53:1-53:114",
            "name" : "Diabetes SNOMED Codes",
            "id" : "http://cts.nlm.nih.gov/fhir/ValueSet/2.16.840.1.113883.3.3616.200.110.102.6100",
            "accessLevel" : "Public"
         }, {
            "locator" : "54:1-54:119",
            "name" : "Hypertension ICD10CM Codes",
            "id" : "http://cts.nlm.nih.gov/fhir/ValueSet/2.16.840.1.113883.3.3616.200.110.102.3174",
            "accessLevel" : "Public"
         }, {
            "locator" : "55:1-55:118",
            "name" : "Hypertension SNOMED Codes",
            "id" : "http://cts.nlm.nih.gov/fhir/ValueSet/2.16.840.1.113883.3.3616.200.110.102.6152",
            "accessLevel" : "Public"
         }, {
            "locator" : "56:1-56:121",
            "name" : "Kidney Disease ICD10CM Codes",
            "id" : "http://cts.nlm.nih.gov/fhir/ValueSet/2.16.840.1.113883.3.3616.200.110.102.3102",
            "accessLevel" : "Public"
         }, {
            "locator" : "57:1-57:120",
            "name" : "Kidney Disease SNOMED Codes",
            "id" : "http://cts.nlm.nih.gov/fhir/ValueSet/2.16.840.1.113883.3.3616.200.110.102.6064",
            "accessLevel" : "Public"
         }, {
            "locator" : "58:1-58:114",
            "name" : "Obesity ICD10CM Codes",
            "id" : "http://cts.nlm.nih.gov/fhir/ValueSet/2.16.840.1.113883.3.3616.200.110.102.3091",
            "accessLevel" : "Public"
         }, {
            "locator" : "59:1-59:113",
            "name" : "Obesity SNOMED Codes",
            "id" : "http://cts.nlm.nih.gov/fhir/ValueSet/2.16.840.1.113883.3.3616.200.110.102.6203",
            "accessLevel" : "Public"
         }, {
            "locator" : "86:1-86:111",
            "name" : "Blood pressure codes",
            "id" : "http://fhir.org/guides/acep/ValueSet/covid-19-condition-vital-blood-pressure",
            "accessLevel" : "Public"
         } ]
      },
      "codes" : {
         "def" : [ {
            "locator" : "67:1-67:90",
            "name" : "Black or African American",
            "id" : "2054-5",
            "display" : "Black or African American",
            "accessLevel" : "Public",
            "codeSystem" : {
               "locator" : "67:49-67:54",
               "name" : "Race"
            }
         }, {
            "locator" : "68:1-68:50",
            "name" : "White",
            "id" : "2106-3",
            "display" : "White",
            "accessLevel" : "Public",
            "codeSystem" : {
               "locator" : "68:29-68:34",
               "name" : "Race"
            }
         }, {
            "locator" : "71:1-71:81",
            "name" : "Confused",
            "id" : "130987000",
            "display" : "Acute confusion (finding)",
            "accessLevel" : "Public",
            "codeSystem" : {
               "locator" : "71:35-71:45",
               "name" : "SNOMED-CT"
            }
         }, {
            "locator" : "72:1-72:79",
            "name" : "Alert",
            "id" : "365933000",
            "display" : "Mental alertness (finding)",
            "accessLevel" : "Public",
            "codeSystem" : {
               "locator" : "72:32-72:42",
               "name" : "SNOMED-CT"
            }
         }, {
            "locator" : "75:1-75:130",
            "name" : "Performance Status 0",
            "id" : "373803006",
            "display" : "World Health Organization performance status grade 0 (finding)",
            "accessLevel" : "Public",
            "codeSystem" : {
               "locator" : "75:47-75:57",
               "name" : "SNOMED-CT"
            }
         }, {
            "locator" : "76:1-76:130",
            "name" : "Performance Status 1",
            "id" : "373804000",
            "display" : "World Health Organization performance status grade 1 (finding)",
            "accessLevel" : "Public",
            "codeSystem" : {
               "locator" : "76:47-76:57",
               "name" : "SNOMED-CT"
            }
         }, {
            "locator" : "77:1-77:130",
            "name" : "Performance Status 2",
            "id" : "373805004",
            "display" : "World Health Organization performance status grade 2 (finding)",
            "accessLevel" : "Public",
            "codeSystem" : {
               "locator" : "77:47-77:57",
               "name" : "SNOMED-CT"
            }
         }, {
            "locator" : "78:1-78:130",
            "name" : "Performance Status 3",
            "id" : "373806003",
            "display" : "World Health Organization performance status grade 3 (finding)",
            "accessLevel" : "Public",
            "codeSystem" : {
               "locator" : "78:47-78:57",
               "name" : "SNOMED-CT"
            }
         }, {
            "locator" : "79:1-79:130",
            "name" : "Performance Status 4",
            "id" : "373807007",
            "display" : "World Health Organization performance status grade 4 (finding)",
            "accessLevel" : "Public",
            "codeSystem" : {
               "locator" : "79:47-79:57",
               "name" : "SNOMED-CT"
            }
         }, {
            "locator" : "81:1-81:93",
            "name" : "Blood pressure",
            "id" : "85354-9",
            "display" : "Blood pressure systolic and diastolic",
            "accessLevel" : "Public",
            "codeSystem" : {
               "locator" : "81:39-81:45",
               "name" : "LOINC"
            }
         }, {
            "locator" : "82:1-82:105",
            "name" : "Blood pressure, deprecated",
            "id" : "55284-4",
            "display" : "Blood pressure systolic and diastolic",
            "accessLevel" : "Public",
            "codeSystem" : {
               "locator" : "82:51-82:57",
               "name" : "LOINC"
            }
         }, {
            "locator" : "83:1-83:87",
            "name" : "Systolic blood pressure",
            "id" : "8480-6",
            "display" : "Systolic blood pressure",
            "accessLevel" : "Public",
            "codeSystem" : {
               "locator" : "83:47-83:53",
               "name" : "LOINC"
            }
         }, {
            "locator" : "84:1-84:89",
            "name" : "Diastolic blood pressure",
            "id" : "8462-4",
            "display" : "Diastolic blood pressure",
            "accessLevel" : "Public",
            "codeSystem" : {
               "locator" : "84:48-84:54",
               "name" : "LOINC"
            }
         }, {
            "locator" : "88:1-88:61",
            "name" : "Heart rate",
            "id" : "8867-4",
            "display" : "Heart rate",
            "accessLevel" : "Public",
            "codeSystem" : {
               "locator" : "88:34-88:40",
               "name" : "LOINC"
            }
         }, {
            "locator" : "89:1-89:75",
            "name" : "Oxygen saturation",
            "id" : "2708-6",
            "display" : "Oxygen saturation",
            "accessLevel" : "Public",
            "codeSystem" : {
               "locator" : "89:41-89:47",
               "name" : "LOINC"
            }
         }, {
            "locator" : "90:1-90:107",
            "name" : "Pulse oximetry",
            "id" : "59408-5",
            "display" : "Oxygen saturation in Arterial blood by Pulse oximetry",
            "accessLevel" : "Public",
            "codeSystem" : {
               "locator" : "90:39-90:43",
               "name" : "LOINC"
            }
         }, {
            "locator" : "91:1-91:73",
            "name" : "Respiratory rate",
            "id" : "9279-1",
            "display" : "Respiratory rate",
            "accessLevel" : "Public",
            "codeSystem" : {
               "locator" : "91:40-91:46",
               "name" : "LOINC"
            }
         }, {
            "locator" : "92:1-92:73",
            "name" : "Body temperature",
            "id" : "8310-5",
            "display" : "Body temperature",
            "accessLevel" : "Public",
            "codeSystem" : {
               "locator" : "92:40-92:46",
               "name" : "LOINC"
            }
         }, {
            "locator" : "93:1-93:63",
            "name" : "Body height",
            "id" : "8302-2",
            "display" : "Body height",
            "accessLevel" : "Public",
            "codeSystem" : {
               "locator" : "93:35-93:41",
               "name" : "LOINC"
            }
         }, {
            "locator" : "94:1-94:64",
            "name" : "Body weight",
            "id" : "29463-7",
            "display" : "Body weight",
            "accessLevel" : "Public",
            "codeSystem" : {
               "locator" : "94:36-94:42",
               "name" : "LOINC"
            }
         }, {
            "locator" : "95:1-95:72",
            "name" : "Body mass index",
            "id" : "39156-5",
            "display" : "Body mass index",
            "accessLevel" : "Public",
            "codeSystem" : {
               "locator" : "95:40-95:46",
               "name" : "LOINC"
            }
         }, {
            "locator" : "96:1-96:89",
            "name" : "Inhaled oxygen flow rate",
            "id" : "3151-8",
            "display" : "Inhaled oxygen flow rate",
            "accessLevel" : "Public",
            "codeSystem" : {
               "locator" : "96:48-96:54",
               "name" : "LOINC"
            }
         } ]
      }
   }
}