{
  "resourceType": "PlanDefinition",
  "id": "COVID19EmergencyDeptRecommendation",
  "meta": {
    "profile": [
      "http://hl7.org/fhir/uv/cpg/StructureDefinition/cpg-recommendationdefinition"
    ]
  },
  "text": {
    "status": "extensions",
    "div": "<div xmlns=\"http://www.w3.org/1999/xhtml\"><p><b>Generated Narrative</b></p><div style=\"display: inline-block; background-color: #d9e0e7; padding: 6px; margin: 4px; border: 1px solid #8da1b4; border-radius: 5px; line-height: 60%\"><p style=\"margin-bottom: 0px\">Resource \"COVID19EmergencyDeptRecommendation\" </p><p style=\"margin-bottom: 0px\">Profile: <a href=\"https://build.fhir.org/ig/HL7/cqf-recommendations//StructureDefinition-cpg-recommendationdefinition.html\">CPGRecommendationDefinition</a></p></div><p><b>knowledgeCapability</b>: shareable</p><p><b>knowledgeCapability</b>: computable</p><p><b>knowledgeCapability</b>: publishable</p><p><b>url</b>: <code>http://fhir.org/guides/acep/PlanDefinition/COVID19EmergencyDeptRecommendation</code></p><p><b>version</b>: 0.1.0</p><p><b>name</b>: COVID19EmergencyDeptHooks</p><p><b>title</b>: PlanDefinition - ACEP COVID-19 ED Severity Classification and Disposition</p><p><b>type</b>: ECA Rule <span style=\"background: LightGoldenRodYellow; margin: 4px; border: 1px solid khaki\"> (<a href=\"http://terminology.hl7.org/2.1.0/CodeSystem-plan-definition-type.html\">PlanDefinitionType</a>#eca-rule)</span></p><p><b>status</b>: draft</p><p><b>experimental</b>: true</p><p><b>date</b>: 2021-03-04</p><p><b>publisher</b>: Veterans Health Administration (VHA)</p><p><b>contact</b>: <a href=\"http://hl7.org/Special/committees/[something]\">http://hl7.org/Special/committees/[something]</a></p><p><b>description</b>: CDS Hook definitions for ACEP COVID-19 ED Severity Classification and Disposition</p><p><b>jurisdiction</b>: World <span style=\"background: LightGoldenRodYellow; margin: 4px; border: 1px solid khaki\"> (m49.htm#001)</span></p><p><b>copyright</b>: &copy; Veterans Health Administration 2020+.</p><p><b>library</b>: <a href=\"http://fhir.org/guides/acep/Library/COVID19EmergencyDeptHooks\">http://fhir.org/guides/acep/Library/COVID19EmergencyDeptHooks</a></p><blockquote><p><b>action</b></p><p><b>title</b>: ACEP Emergency Department COVID-19 Management</p><p><b>description</b>: For adults presenting to the Emergency Department (ED) with possible or confirmed COVID-19, provide a Clinical Practice Guideline and decision support tool that helps classify patient disease severity and give guidance on appropriate disposition. This tool will be accessible by emergency physicians in a workflow-friendly manner to assist in management of their patients.</p><blockquote><p><b>condition</b></p><p><b>kind</b>: applicability</p></blockquote><blockquote><p><b>dynamicValue</b></p><p><b>path</b>: action.description</p></blockquote><blockquote><p><b>dynamicValue</b></p><p><b>path</b>: action.title</p></blockquote><blockquote><p><b>dynamicValue</b></p><p><b>path</b>: action.extension</p></blockquote></blockquote></div>"
  },
  "extension": [
    {
      "url": "http://hl7.org/fhir/uv/cpg/StructureDefinition/cpg-knowledgeCapability",
      "valueCode": "shareable"
    },
    {
      "url": "http://hl7.org/fhir/uv/cpg/StructureDefinition/cpg-knowledgeCapability",
      "valueCode": "computable"
    },
    {
      "url": "http://hl7.org/fhir/uv/cpg/StructureDefinition/cpg-knowledgeCapability",
      "valueCode": "publishable"
    }
  ],
  "url": "http://fhir.org/guides/acep/PlanDefinition/COVID19EmergencyDeptRecommendation",
  "version": "0.1.0",
  "name": "COVID19EmergencyDeptHooks",
  "title": "PlanDefinition - ACEP COVID-19 ED Severity Classification and Disposition",
  "type": {
    "coding": [
      {
        "system": "http://terminology.hl7.org/CodeSystem/plan-definition-type",
        "code": "eca-rule",
        "display": "ECA Rule"
      }
    ]
  },
  "status": "draft",
  "experimental": true,
  "date": "2021-03-04",
  "publisher": "Veterans Health Administration (VHA)",
  "contact": [
    {
      "telecom": [
        {
          "system": "url",
          "value": "http://hl7.org/Special/committees/[something]"
        }
      ]
    }
  ],
  "description": "CDS Hook definitions for ACEP COVID-19 ED Severity Classification and Disposition",
  "jurisdiction": [
    {
      "coding": [
        {
          "system": "http://unstats.un.org/unsd/methods/m49/m49.htm",
          "code": "001"
        }
      ]
    }
  ],
  "copyright": "© Veterans Health Administration 2020+.",
  "library": [
    "http://fhir.org/guides/acep/Library/COVID19EmergencyDeptHooks"
  ],
  "action": [
    {
      "title": "ACEP Emergency Department COVID-19 Management",
      "description": "For adults presenting to the Emergency Department (ED) with possible or confirmed COVID-19, provide a Clinical Practice Guideline and decision support tool that helps classify patient disease severity and give guidance on appropriate disposition. This tool will be accessible by emergency physicians in a workflow-friendly manner to assist in management of their patients.",
      "documentation": [
        {
          "type": "documentation",
          "display": "ACEP Emergency Department COVID-19 Management Tool",
          "url": "https://www.acep.org/globalassets/sites/acep/media/covid-19-main/acep_evidencecare_covid19severitytool.pdf"
        }
      ],
      "trigger": [
        {
          "type": "named-event",
          "name": "patient-view"
        }
      ],
      "condition": [
        {
          "kind": "applicability",
          "expression": {
            "language": "text/cql.identifier",
            "expression": "Has Severity Classification"
          }
        }
      ],
      "dynamicValue": [
        {
          "path": "action.description",
          "expression": {
            "language": "text/cql.identifier",
            "expression": "Get Severity Card Detail"
          }
        },
        {
          "path": "action.title",
          "expression": {
            "language": "text/cql.identifier",
            "expression": "Get Severity Card Summary"
          }
        },
        {
          "path": "action.extension",
          "expression": {
            "language": "text/cql.identifier",
            "expression": "Get Severity Card Indicator"
          }
        }
      ]
    }
  ]
}