<?xml version="1.0" encoding="UTF-8"?>

<PlanDefinition xmlns="http://hl7.org/fhir">
  <id value="COVID19EmergencyDeptRecommendation"/>
  <meta>
    <profile value="http://hl7.org/fhir/uv/cpg/StructureDefinition/cpg-recommendationdefinition"/>
  </meta>
  <text>
    <status value="extensions"/><div xmlns="http://www.w3.org/1999/xhtml"><p><b>Generated Narrative</b></p><div style="display: inline-block; background-color: #d9e0e7; padding: 6px; margin: 4px; border: 1px solid #8da1b4; border-radius: 5px; line-height: 60%"><p style="margin-bottom: 0px">Resource "COVID19EmergencyDeptRecommendation" </p><p style="margin-bottom: 0px">Profile: <a href="https://build.fhir.org/ig/HL7/cqf-recommendations//StructureDefinition-cpg-recommendationdefinition.html">CPGRecommendationDefinition</a></p></div><p><b>knowledgeCapability</b>: shareable</p><p><b>knowledgeCapability</b>: computable</p><p><b>knowledgeCapability</b>: publishable</p><p><b>url</b>: <code>http://fhir.org/guides/acep/PlanDefinition/COVID19EmergencyDeptRecommendation</code></p><p><b>version</b>: 0.1.0</p><p><b>name</b>: COVID19EmergencyDeptHooks</p><p><b>title</b>: PlanDefinition - ACEP COVID-19 ED Severity Classification and Disposition</p><p><b>type</b>: ECA Rule <span style="background: LightGoldenRodYellow; margin: 4px; border: 1px solid khaki"> (<a href="http://terminology.hl7.org/3.1.0/CodeSystem-plan-definition-type.html">PlanDefinitionType</a>#eca-rule)</span></p><p><b>status</b>: draft</p><p><b>experimental</b>: true</p><p><b>date</b>: 2021-03-04</p><p><b>publisher</b>: Veterans Health Administration (VHA)</p><p><b>contact</b>: <a href="http://hl7.org/Special/committees/[something]">http://hl7.org/Special/committees/[something]</a></p><p><b>description</b>: CDS Hook definitions for ACEP COVID-19 ED Severity Classification and Disposition</p><p><b>jurisdiction</b>: World <span style="background: LightGoldenRodYellow; margin: 4px; border: 1px solid khaki"> (m49.htm#001)</span></p><p><b>copyright</b>: &copy; Veterans Health Administration 2020+.</p><p><b>library</b>: <a href="Library-COVID19EmergencyDeptHooks.html">CQL Library - CDS Hooks for ACEP Emergency Department COVID-19 Management Tool Logic</a></p><blockquote><p><b>action</b></p><p><b>title</b>: ACEP Emergency Department COVID-19 Management</p><p><b>description</b>: For adults presenting to the Emergency Department (ED) with possible or confirmed COVID-19, provide a Clinical Practice Guideline and decision support tool that helps classify patient disease severity and give guidance on appropriate disposition. This tool will be accessible by emergency physicians in a workflow-friendly manner to assist in management of their patients.</p><blockquote><p><b>condition</b></p><p><b>kind</b>: applicability</p></blockquote><blockquote><p><b>dynamicValue</b></p><p><b>path</b>: action.description</p></blockquote><blockquote><p><b>dynamicValue</b></p><p><b>path</b>: action.title</p></blockquote><blockquote><p><b>dynamicValue</b></p><p><b>path</b>: action.extension</p></blockquote></blockquote></div>
  </text>
  <extension url="http://hl7.org/fhir/uv/cpg/StructureDefinition/cpg-knowledgeCapability">
    <valueCode value="shareable"/>
  </extension>
  <extension url="http://hl7.org/fhir/uv/cpg/StructureDefinition/cpg-knowledgeCapability">
    <valueCode value="computable"/>
  </extension>
  <extension url="http://hl7.org/fhir/uv/cpg/StructureDefinition/cpg-knowledgeCapability">
    <valueCode value="publishable"/>
  </extension>
  <url value="http://fhir.org/guides/acep/PlanDefinition/COVID19EmergencyDeptRecommendation"/>
  <version value="0.1.0"/>
  <name value="COVID19EmergencyDeptHooks"/>
  <title value="PlanDefinition - ACEP COVID-19 ED Severity Classification and Disposition"/>
  <type>
    <coding>
      <system value="http://terminology.hl7.org/CodeSystem/plan-definition-type"/>
      <code value="eca-rule"/>
      <display value="ECA Rule"/>
    </coding>
  </type>
  <status value="draft"/>
  <experimental value="true"/>
  <date value="2021-03-04"/>
  <publisher value="Veterans Health Administration (VHA)"/>
  <contact>
    <telecom>
      <system value="url"/>
      <value value="http://hl7.org/Special/committees/[something]"/>
    </telecom>
  </contact>
  <description value="CDS Hook definitions for ACEP COVID-19 ED Severity Classification and Disposition"/>
  <jurisdiction>
    <coding>
      <system value="http://unstats.un.org/unsd/methods/m49/m49.htm"/>
      <code value="001"/>
    </coding>
  </jurisdiction>
  <copyright value="© Veterans Health Administration 2020+."/>
  <library value="http://fhir.org/guides/acep/Library/COVID19EmergencyDeptHooks"/>
  <action>
    <title value="ACEP Emergency Department COVID-19 Management"/>
    <description value="For adults presenting to the Emergency Department (ED) with possible or confirmed COVID-19, provide a Clinical Practice Guideline and decision support tool that helps classify patient disease severity and give guidance on appropriate disposition. This tool will be accessible by emergency physicians in a workflow-friendly manner to assist in management of their patients."/>
    <documentation>
      <type value="documentation"/>
      <display value="ACEP Emergency Department COVID-19 Management Tool"/>
      <url value="https://www.acep.org/globalassets/sites/acep/media/covid-19-main/acep_evidencecare_covid19severitytool.pdf"/>
      <document>
        <url value="https://www.acep.org/globalassets/sites/acep/media/covid-19-main/acep_evidencecare_covid19severitytool.pdf"/>
      </document>
    </documentation>
    <trigger>
      <type value="named-event"/>
      <name value="patient-view"/>
    </trigger>
    <condition>
      <kind value="applicability"/>
      <expression>
        <language value="text/cql.identifier"/>
        <expression value="Has Severity Classification"/>
      </expression>
    </condition>
    <dynamicValue>
      <path value="action.description"/>
      <expression>
        <language value="text/cql.identifier"/>
        <expression value="Get Severity Card Detail"/>
      </expression>
    </dynamicValue>
    <dynamicValue>
      <path value="action.title"/>
      <expression>
        <language value="text/cql.identifier"/>
        <expression value="Get Severity Card Summary"/>
      </expression>
    </dynamicValue>
    <dynamicValue>
      <path value="action.extension"/>
      <expression>
        <language value="text/cql.identifier"/>
        <expression value="Get Severity Card Indicator"/>
      </expression>
    </dynamicValue>
  </action>
</PlanDefinition>