{
  "resourceType": "ValueSet",
  "id": "who-performance-status",
  "meta": {
    "profile": [
      "http://hl7.org/fhir/uv/cpg/StructureDefinition/cpg-executablevalueset"
    ]
  },
  "language": "en",
  "text": {
    "status": "generated",
    "div": "<div xmlns=\"http://www.w3.org/1999/xhtml\" xml:lang=\"en\" lang=\"en\"><p>This value set contains 5 concepts</p><p>All codes in this table are from the system <a href=\"http://terminology.hl7.org/3.0.0/CodeSystem-v3-snomed-CT.html\"><code>http://snomed.info/sct</code></a></p><table class=\"codes\"><tr><td style=\"white-space:nowrap\"><b>Code</b></td><td><b>Display</b> - English (English, en)</td></tr><tr><td style=\"white-space:nowrap\"><a name=\"http---snomed.info-sct-373803006\"> </a><a href=\"http://snomed.info/id/373803006\">373803006</a></td><td>World Health Organization performance status grade 0 (finding)</td></tr><tr><td style=\"white-space:nowrap\"><a name=\"http---snomed.info-sct-373804000\"> </a><a href=\"http://snomed.info/id/373804000\">373804000</a></td><td>World Health Organization performance status grade 1 (finding)</td></tr><tr><td style=\"white-space:nowrap\"><a name=\"http---snomed.info-sct-373805004\"> </a><a href=\"http://snomed.info/id/373805004\">373805004</a></td><td>World Health Organization performance status grade 2 (finding)</td></tr><tr><td style=\"white-space:nowrap\"><a name=\"http---snomed.info-sct-373806003\"> </a><a href=\"http://snomed.info/id/373806003\">373806003</a></td><td>World Health Organization performance status grade 3 (finding)</td></tr><tr><td style=\"white-space:nowrap\"><a name=\"http---snomed.info-sct-373807007\"> </a><a href=\"http://snomed.info/id/373807007\">373807007</a></td><td>World Health Organization performance status grade 4 (finding)</td></tr></table></div>"
  },
  "extension": [
    {
      "url": "http://hl7.org/fhir/uv/cpg/StructureDefinition/cpg-knowledgeCapability",
      "valueCode": "executable"
    },
    {
      "url": "http://hl7.org/fhir/uv/cpg/StructureDefinition/cpg-knowledgeRepresentationLevel",
      "valueCode": "executable"
    }
  ],
  "url": "http://fhir.org/guides/acep/ValueSet/who-performance-status",
  "version": "0.1.0",
  "name": "WHOPerformanceStatus",
  "title": "WHO Performance Status Value Set",
  "status": "active",
  "date": "2021-03-14T20:00:00+00:00",
  "publisher": "Veterans Health Administration (VHA)",
  "contact": [
    {
      "telecom": [
        {
          "system": "url",
          "value": "http://hl7.org/Special/committees/[something]"
        }
      ]
    }
  ],
  "description": "World Health Organization (WHO) performance status finding (finding)",
  "jurisdiction": [
    {
      "coding": [
        {
          "system": "http://unstats.un.org/unsd/methods/m49/m49.htm",
          "code": "001"
        }
      ]
    }
  ],
  "expansion": {
    "contains": [
      {
        "system": "http://snomed.info/sct",
        "code": "373803006",
        "display": "World Health Organization performance status grade 0 (finding)"
      },
      {
        "system": "http://snomed.info/sct",
        "code": "373804000",
        "display": "World Health Organization performance status grade 1 (finding)"
      },
      {
        "system": "http://snomed.info/sct",
        "code": "373805004",
        "display": "World Health Organization performance status grade 2 (finding)"
      },
      {
        "system": "http://snomed.info/sct",
        "code": "373806003",
        "display": "World Health Organization performance status grade 3 (finding)"
      },
      {
        "system": "http://snomed.info/sct",
        "code": "373807007",
        "display": "World Health Organization performance status grade 4 (finding)"
      }
    ]
  }
}