{
  "resourceType": "ValueSet",
  "id": "covid-19-condition-vital-blood-pressure",
  "language": "en",
  "text": {
    "status": "generated",
    "div": "<div xmlns=\"http://www.w3.org/1999/xhtml\" xml:lang=\"en\" lang=\"en\"><p>This value set contains 2 concepts</p><p>All codes from system <a href=\"http://terminology.hl7.org/2.1.0/CodeSystem-v3-loinc.html\"><code>http://loinc.org</code></a></p><table class=\"codes\"><tr><td style=\"white-space:nowrap\"><b>Code</b></td><td><b>Display</b></td><td><b>Definition</b></td></tr><tr><td style=\"white-space:nowrap\"><a name=\"http---loinc.org-85354-9\"> </a><a href=\"http://details.loinc.org/LOINC/85354-9.html\">85354-9</a></td><td>Blood pressure systolic and diastolic</td><td/></tr><tr><td style=\"white-space:nowrap\"><a name=\"http---loinc.org-55284-4\"> </a><a href=\"http://details.loinc.org/LOINC/55284-4.html\">55284-4</a></td><td>Blood pressure systolic and diastolic</td><td/></tr></table></div>"
  },
  "url": "http://fhir.org/guides/acep/ValueSet/covid-19-condition-vital-blood-pressure",
  "version": "0.1.0",
  "name": "COVID19ConditionVitalBloodPressure",
  "title": "COVID-19 Condition Vital Blood Pressure Value Set",
  "status": "active",
  "date": "2021-08-10T19:41:25+00:00",
  "publisher": "Veterans Health Administration (VHA)",
  "contact": [
    {
      "telecom": [
        {
          "system": "url",
          "value": "http://hl7.org/Special/committees/[something]"
        }
      ]
    }
  ],
  "description": "COVID-19 Condition Vital Blood Pressure Value Set",
  "jurisdiction": [
    {
      "coding": [
        {
          "system": "http://unstats.un.org/unsd/methods/m49/m49.htm",
          "code": "001"
        }
      ]
    }
  ],
  "expansion": {
    "contains": [
      {
        "system": "http://loinc.org",
        "code": "85354-9",
        "display": "Blood pressure systolic and diastolic"
      },
      {
        "system": "http://loinc.org",
        "code": "55284-4",
        "display": "Blood pressure systolic and diastolic"
      }
    ]
  }
}