{
  "resourceType": "ValueSet",
  "id": "covid-19-condition-risk-diabetes",
  "language": "en",
  "text": {
    "status": "generated",
    "div": "<div xmlns=\"http://www.w3.org/1999/xhtml\" xml:lang=\"en\" lang=\"en\"><p>This value set contains 12 concepts</p><p style=\"border: black 1px dotted; background-color: #EEEEEE; padding: 8px; margin-bottom: 8px\">Expansion based on SNOMED CT Australian edition 04-Feb 2021</p><p>All codes from system <a href=\"http://terminology.hl7.org/2.1.0/CodeSystem-v3-snomed-CT.html\"><code>http://snomed.info/sct</code></a></p><table class=\"codes\"><tr><td style=\"white-space:nowrap\"><b>Code</b></td><td><b>Display</b></td><td><b>Definition</b></td></tr><tr><td style=\"white-space:nowrap\"><a name=\"http---snomed.info-sct-44054006\"> </a><a href=\"http://browser.ihtsdotools.org/?perspective=full&amp;conceptId1=44054006\">44054006</a></td><td>Diabetes mellitus type 2 (disorder)</td><td/></tr><tr><td style=\"white-space:nowrap\"><a name=\"http---snomed.info-sct-1481000119100\"> </a><a href=\"http://browser.ihtsdotools.org/?perspective=full&amp;conceptId1=1481000119100\">1481000119100</a></td><td>Type 2 diabetes mellitus without retinopathy</td><td/></tr><tr><td style=\"white-space:nowrap\"><a name=\"http---snomed.info-sct-237599002\"> </a><a href=\"http://browser.ihtsdotools.org/?perspective=full&amp;conceptId1=237599002\">237599002</a></td><td>Insulin treated type 2 diabetes mellitus</td><td/></tr><tr><td style=\"white-space:nowrap\"><a name=\"http---snomed.info-sct-609567009\"> </a><a href=\"http://browser.ihtsdotools.org/?perspective=full&amp;conceptId1=609567009\">609567009</a></td><td>Pre-existing type 2 diabetes mellitus in pregnancy</td><td/></tr><tr><td style=\"white-space:nowrap\"><a name=\"http---snomed.info-sct-199230006\"> </a><a href=\"http://browser.ihtsdotools.org/?perspective=full&amp;conceptId1=199230006\">199230006</a></td><td>Pre-existing type 2 diabetes mellitus</td><td/></tr><tr><td style=\"white-space:nowrap\"><a name=\"http---snomed.info-sct-237627000\"> </a><a href=\"http://browser.ihtsdotools.org/?perspective=full&amp;conceptId1=237627000\">237627000</a></td><td>Pregnancy and type 2 diabetes mellitus</td><td/></tr><tr><td style=\"white-space:nowrap\"><a name=\"http---snomed.info-sct-359642000\"> </a><a href=\"http://browser.ihtsdotools.org/?perspective=full&amp;conceptId1=359642000\">359642000</a></td><td>Type 2 diabetes mellitus in nonobese</td><td/></tr><tr><td style=\"white-space:nowrap\"><a name=\"http---snomed.info-sct-313436004\"> </a><a href=\"http://browser.ihtsdotools.org/?perspective=full&amp;conceptId1=313436004\">313436004</a></td><td>Type 2 diabetes mellitus without complication</td><td/></tr><tr><td style=\"white-space:nowrap\"><a name=\"http---snomed.info-sct-190389009\"> </a><a href=\"http://browser.ihtsdotools.org/?perspective=full&amp;conceptId1=190389009\">190389009</a></td><td>Type 2 diabetes mellitus with ulcer</td><td/></tr><tr><td style=\"white-space:nowrap\"><a name=\"http---snomed.info-sct-81531005\"> </a><a href=\"http://browser.ihtsdotools.org/?perspective=full&amp;conceptId1=81531005\">81531005</a></td><td>Type 2 diabetes mellitus in obese</td><td/></tr><tr><td style=\"white-space:nowrap\"><a name=\"http---snomed.info-sct-703138006\"> </a><a href=\"http://browser.ihtsdotools.org/?perspective=full&amp;conceptId1=703138006\">703138006</a></td><td>Type 2 diabetes mellitus in remission</td><td/></tr><tr><td style=\"white-space:nowrap\"><a name=\"http---snomed.info-sct-445353002\"> </a><a href=\"http://browser.ihtsdotools.org/?perspective=full&amp;conceptId1=445353002\">445353002</a></td><td>Unstable type 2 diabetes mellitus</td><td/></tr></table></div>"
  },
  "url": "http://fhir.org/guides/acep/ValueSet/covid-19-condition-risk-diabetes",
  "version": "0.1.0",
  "name": "COVID19RiskFactorDiabetes",
  "title": "COVID-19 Risk Factor Diabetes Type II Conditions Value Set",
  "status": "active",
  "date": "2021-04-09T18:24:27+00:00",
  "publisher": "Veterans Health Administration (VHA)",
  "contact": [
    {
      "telecom": [
        {
          "system": "url",
          "value": "http://hl7.org/Special/committees/[something]"
        }
      ]
    }
  ],
  "description": "COVID-19 Risk Factor Diabetes Type II Value Set",
  "jurisdiction": [
    {
      "coding": [
        {
          "system": "http://unstats.un.org/unsd/methods/m49/m49.htm",
          "code": "001"
        }
      ]
    }
  ],
  "expansion": {
    "identifier": "d3c44289-dffc-4114-80d2-6e4167e34de3",
    "timestamp": "2021-02-16T10:17:31+10:00",
    "total": 12,
    "offset": 0,
    "parameter": [
      {
        "name": "version",
        "valueUri": "http://snomed.info/sct|http://snomed.info/sct/32506021000036107/version/20210204"
      },
      {
        "name": "count",
        "valueInteger": 2147483647
      },
      {
        "name": "offset",
        "valueInteger": 0
      }
    ],
    "contains": [
      {
        "system": "http://snomed.info/sct",
        "code": "44054006",
        "display": "Diabetes mellitus type 2 (disorder)"
      },
      {
        "system": "http://snomed.info/sct",
        "code": "1481000119100",
        "display": "Type 2 diabetes mellitus without retinopathy"
      },
      {
        "system": "http://snomed.info/sct",
        "code": "237599002",
        "display": "Insulin treated type 2 diabetes mellitus"
      },
      {
        "system": "http://snomed.info/sct",
        "code": "609567009",
        "display": "Pre-existing type 2 diabetes mellitus in pregnancy"
      },
      {
        "system": "http://snomed.info/sct",
        "code": "199230006",
        "display": "Pre-existing type 2 diabetes mellitus"
      },
      {
        "system": "http://snomed.info/sct",
        "code": "237627000",
        "display": "Pregnancy and type 2 diabetes mellitus"
      },
      {
        "system": "http://snomed.info/sct",
        "code": "359642000",
        "display": "Type 2 diabetes mellitus in nonobese"
      },
      {
        "system": "http://snomed.info/sct",
        "code": "313436004",
        "display": "Type 2 diabetes mellitus without complication"
      },
      {
        "system": "http://snomed.info/sct",
        "code": "190389009",
        "display": "Type 2 diabetes mellitus with ulcer"
      },
      {
        "system": "http://snomed.info/sct",
        "code": "81531005",
        "display": "Type 2 diabetes mellitus in obese"
      },
      {
        "system": "http://snomed.info/sct",
        "code": "703138006",
        "display": "Type 2 diabetes mellitus in remission"
      },
      {
        "system": "http://snomed.info/sct",
        "code": "445353002",
        "display": "Unstable type 2 diabetes mellitus"
      }
    ]
  }
}