<?xml version="1.0" encoding="UTF-8"?>

<ValueSet xmlns="http://hl7.org/fhir">
  <id value="2.16.840.1.113883.3.3616.200.110.102.6064"/>
  <meta>
    <versionId value="5"/>
    <lastUpdated value="2020-08-18T14:21:27.000+00:00"/>
  </meta>
  <text>
    <status value="generated"/><div xmlns="http://www.w3.org/1999/xhtml"><h3>Value Set Contents</h3><p>This value set contains 81 concepts</p><p>All codes from system <code>http://snomed.info/sct</code></p><table class="codes"><tr><td><b>Code</b></td><td><b>Display</b></td></tr><tr><td><a name="http---snomed.info-sct-731000124108-104931000119100"> </a>104931000119100</td><td>Chronic kidney disease due to hypertension (disorder)</td></tr><tr><td><a name="http---snomed.info-sct-731000124108-111411000119103"> </a>111411000119103</td><td>End stage renal disease due to hypertension (disorder)</td></tr><tr><td><a name="http---snomed.info-sct-731000124108-117681000119102"> </a>117681000119102</td><td>Chronic kidney disease stage 1 due to hypertension (disorder)</td></tr><tr><td><a name="http---snomed.info-sct-731000124108-120261000119101"> </a>120261000119101</td><td>Benign hypertensive heart disease and chronic renal disease stage 5 (disorder)</td></tr><tr><td><a name="http---snomed.info-sct-731000124108-127991000119101"> </a>127991000119101</td><td>Hypertension concurrent and due to end stage renal disease on dialysis due to type 2 diabetes mellitus (disorder)</td></tr><tr><td><a name="http---snomed.info-sct-731000124108-128001000119105"> </a>128001000119105</td><td>Hypertension concurrent and due to end stage renal disease on dialysis due to type 1 diabetes mellitus (disorder)</td></tr><tr><td><a name="http---snomed.info-sct-731000124108-129151000119102"> </a>129151000119102</td><td>Chronic kidney disease stage 4 due to hypertension (disorder)</td></tr><tr><td><a name="http---snomed.info-sct-731000124108-129161000119100"> </a>129161000119100</td><td>Chronic kidney disease stage 5 due to hypertension (disorder)</td></tr><tr><td><a name="http---snomed.info-sct-731000124108-129171000119106"> </a>129171000119106</td><td>Chronic kidney disease stage 3 due to hypertension (disorder)</td></tr><tr><td><a name="http---snomed.info-sct-731000124108-129181000119109"> </a>129181000119109</td><td>Chronic kidney disease stage 2 due to hypertension (disorder)</td></tr><tr><td><a name="http---snomed.info-sct-731000124108-153851000119106"> </a>153851000119106</td><td>Malignant hypertensive chronic kidney disease stage 5 (disorder)</td></tr><tr><td><a name="http---snomed.info-sct-731000124108-153891000119101"> </a>153891000119101</td><td>End stage renal disease on dialysis due to hypertension (disorder)</td></tr><tr><td><a name="http---snomed.info-sct-731000124108-236433006"> </a>236433006</td><td>Acute-on-chronic renal failure (disorder)</td></tr><tr><td><a name="http---snomed.info-sct-731000124108-236434000"> </a>236434000</td><td>End stage renal failure untreated by renal replacement therapy (disorder)</td></tr><tr><td><a name="http---snomed.info-sct-731000124108-236435004"> </a>236435004</td><td>End stage renal failure on dialysis (disorder)</td></tr><tr><td><a name="http---snomed.info-sct-731000124108-236436003"> </a>236436003</td><td>End stage renal failure with renal transplant (disorder)</td></tr><tr><td><a name="http---snomed.info-sct-731000124108-284961000119106"> </a>284961000119106</td><td>Chronic kidney disease due to benign hypertension (disorder)</td></tr><tr><td><a name="http---snomed.info-sct-731000124108-284971000119100"> </a>284971000119100</td><td>Chronic kidney disease stage 1 due to benign hypertension (disorder)</td></tr><tr><td><a name="http---snomed.info-sct-731000124108-284981000119102"> </a>284981000119102</td><td>Chronic kidney disease stage 2 due to benign hypertension (disorder)</td></tr><tr><td><a name="http---snomed.info-sct-731000124108-284991000119104"> </a>284991000119104</td><td>Chronic kidney disease stage 3 due to benign hypertension (disorder)</td></tr><tr><td><a name="http---snomed.info-sct-731000124108-285001000119105"> </a>285001000119105</td><td>Chronic kidney disease stage 4 due to benign hypertension (disorder)</td></tr><tr><td><a name="http---snomed.info-sct-731000124108-285011000119108"> </a>285011000119108</td><td>Chronic kidney disease stage 5 due to benign hypertension (disorder)</td></tr><tr><td><a name="http---snomed.info-sct-731000124108-285041000119107"> </a>285041000119107</td><td>Benign hypertensive heart disease and chronic renal disease stage 1 (disorder)</td></tr><tr><td><a name="http---snomed.info-sct-731000124108-285061000119106"> </a>285061000119106</td><td>Benign hypertensive heart disease and chronic renal disease stage 2 (disorder)</td></tr><tr><td><a name="http---snomed.info-sct-731000124108-285081000119102"> </a>285081000119102</td><td>Benign hypertensive heart disease and chronic renal disease stage 3 (disorder)</td></tr><tr><td><a name="http---snomed.info-sct-731000124108-285101000119109"> </a>285101000119109</td><td>Benign hypertensive heart disease and chronic renal disease stage 4 (disorder)</td></tr><tr><td><a name="http---snomed.info-sct-731000124108-285831000119108"> </a>285831000119108</td><td>Malignant hypertensive chronic kidney disease (disorder)</td></tr><tr><td><a name="http---snomed.info-sct-731000124108-285841000119104"> </a>285841000119104</td><td>Malignant hypertensive end stage renal disease (disorder)</td></tr><tr><td><a name="http---snomed.info-sct-731000124108-285851000119102"> </a>285851000119102</td><td>Malignant hypertensive chronic kidney disease stage 1 (disorder)</td></tr><tr><td><a name="http---snomed.info-sct-731000124108-285861000119100"> </a>285861000119100</td><td>Malignant hypertensive chronic kidney disease stage 2 (disorder)</td></tr><tr><td><a name="http---snomed.info-sct-731000124108-285871000119106"> </a>285871000119106</td><td>Malignant hypertensive chronic kidney disease stage 3 (disorder)</td></tr><tr><td><a name="http---snomed.info-sct-731000124108-285881000119109"> </a>285881000119109</td><td>Malignant hypertensive chronic kidney disease stage 4 (disorder)</td></tr><tr><td><a name="http---snomed.info-sct-731000124108-285911000119109"> </a>285911000119109</td><td>Malignant hypertensive heart disease and chronic renal disease stage 3 (disorder)</td></tr><tr><td><a name="http---snomed.info-sct-731000124108-285921000119102"> </a>285921000119102</td><td>Malignant hypertensive heart disease and chronic renal disease stage 4 (disorder)</td></tr><tr><td><a name="http---snomed.info-sct-731000124108-286371000119107"> </a>286371000119107</td><td>Malignant hypertensive end stage renal disease on dialysis (disorder)</td></tr><tr><td><a name="http---snomed.info-sct-731000124108-425369003"> </a>425369003</td><td>Chronic progressive renal failure (disorder)</td></tr><tr><td><a name="http---snomed.info-sct-731000124108-431855005"> </a>431855005</td><td>Chronic kidney disease stage 1 (disorder)</td></tr><tr><td><a name="http---snomed.info-sct-731000124108-431856006"> </a>431856006</td><td>Chronic kidney disease stage 2 (disorder)</td></tr><tr><td><a name="http---snomed.info-sct-731000124108-431857002"> </a>431857002</td><td>Chronic kidney disease stage 4 (disorder)</td></tr><tr><td><a name="http---snomed.info-sct-731000124108-433144002"> </a>433144002</td><td>Chronic kidney disease stage 3 (disorder)</td></tr><tr><td><a name="http---snomed.info-sct-731000124108-433146000"> </a>433146000</td><td>Chronic kidney disease stage 5 (disorder)</td></tr><tr><td><a name="http---snomed.info-sct-731000124108-434431000124103"> </a>434431000124103</td><td>Hypertensive end stage renal disease (disorder)</td></tr><tr><td><a name="http---snomed.info-sct-731000124108-449631000124102"> </a>449631000124102</td><td>Benign hypertensive heart disease and chronic renal disease (disorder)</td></tr><tr><td><a name="http---snomed.info-sct-731000124108-46177005"> </a>46177005</td><td>End-stage renal disease (disorder)</td></tr><tr><td><a name="http---snomed.info-sct-731000124108-57557005"> </a>57557005</td><td>Chronic milk alkali syndrome (disorder)</td></tr><tr><td><a name="http---snomed.info-sct-731000124108-700378005"> </a>700378005</td><td>Chronic kidney disease stage 3A (disorder)</td></tr><tr><td><a name="http---snomed.info-sct-731000124108-700379002"> </a>700379002</td><td>Chronic kidney disease stage 3B (disorder)</td></tr><tr><td><a name="http---snomed.info-sct-731000124108-704667004"> </a>704667004</td><td>Hypertension concurrent and due to end stage renal disease on dialysis (disorder)</td></tr><tr><td><a name="http---snomed.info-sct-731000124108-709044004"> </a>709044004</td><td>Chronic kidney disease (disorder)</td></tr><tr><td><a name="http---snomed.info-sct-731000124108-711000119100"> </a>711000119100</td><td>Chronic kidney disease stage 5 due to type 2 diabetes mellitus (disorder)</td></tr><tr><td><a name="http---snomed.info-sct-731000124108-712487000"> </a>712487000</td><td>End stage renal disease due to benign hypertension (disorder)</td></tr><tr><td><a name="http---snomed.info-sct-731000124108-713313000"> </a>713313000</td><td>Chronic kidney disease mineral and bone disorder (disorder)</td></tr><tr><td><a name="http---snomed.info-sct-731000124108-714152005"> </a>714152005</td><td>Chronic kidney disease stage 5 on dialysis (disorder)</td></tr><tr><td><a name="http---snomed.info-sct-731000124108-714153000"> </a>714153000</td><td>Chronic kidney disease stage 5 with transplant (disorder)</td></tr><tr><td><a name="http---snomed.info-sct-731000124108-721000119107"> </a>721000119107</td><td>Chronic kidney disease stage 4 due to type 2 diabetes mellitus (disorder)</td></tr><tr><td><a name="http---snomed.info-sct-731000124108-722098007"> </a>722098007</td><td>Chronic kidney disease following donor nephrectomy (disorder)</td></tr><tr><td><a name="http---snomed.info-sct-731000124108-722149000"> </a>722149000</td><td>Chronic kidney disease following excision of renal neoplasm (disorder)</td></tr><tr><td><a name="http---snomed.info-sct-731000124108-722150000"> </a>722150000</td><td>Chronic kidney disease due to systemic infection (disorder)</td></tr><tr><td><a name="http---snomed.info-sct-731000124108-722467000"> </a>722467000</td><td>Chronic kidney disease due to traumatic loss of kidney (disorder)</td></tr><tr><td><a name="http---snomed.info-sct-731000124108-723190009"> </a>723190009</td><td>Chronic renal insufficiency (disorder)</td></tr><tr><td><a name="http---snomed.info-sct-731000124108-731000119105"> </a>731000119105</td><td>Chronic kidney disease stage 3 due to type 2 diabetes mellitus (disorder)</td></tr><tr><td><a name="http---snomed.info-sct-731000124108-741000119101"> </a>741000119101</td><td>Chronic kidney disease stage 2 due to type 2 diabetes mellitus (disorder)</td></tr><tr><td><a name="http---snomed.info-sct-731000124108-751000119104"> </a>751000119104</td><td>Chronic kidney disease stage 1 due to type 2 diabetes mellitus (disorder)</td></tr><tr><td><a name="http---snomed.info-sct-731000124108-771000119108"> </a>771000119108</td><td>Chronic kidney disease due to type 2 diabetes mellitus (disorder)</td></tr><tr><td><a name="http---snomed.info-sct-731000124108-776416004"> </a>776416004</td><td>Hyperuricemia, pulmonary hypertension, renal failure, alkalosis syndrome (disorder)</td></tr><tr><td><a name="http---snomed.info-sct-731000124108-8501000119104"> </a>8501000119104</td><td>Hypertensive heart and chronic kidney disease (disorder)</td></tr><tr><td><a name="http---snomed.info-sct-731000124108-90688005"> </a>90688005</td><td>Chronic renal failure syndrome (disorder)</td></tr><tr><td><a name="http---snomed.info-sct-731000124108-90721000119101"> </a>90721000119101</td><td>Chronic kidney disease stage 1 due to type 1 diabetes mellitus (disorder)</td></tr><tr><td><a name="http---snomed.info-sct-731000124108-90731000119103"> </a>90731000119103</td><td>Chronic kidney disease stage 2 due to type 1 diabetes mellitus (disorder)</td></tr><tr><td><a name="http---snomed.info-sct-731000124108-90741000119107"> </a>90741000119107</td><td>Chronic kidney disease stage 3 due to type 1 diabetes mellitus (disorder)</td></tr><tr><td><a name="http---snomed.info-sct-731000124108-90751000119109"> </a>90751000119109</td><td>Chronic kidney disease stage 4 due to type 1 diabetes mellitus (disorder)</td></tr><tr><td><a name="http---snomed.info-sct-731000124108-90761000119106"> </a>90761000119106</td><td>Chronic kidney disease stage 5 due to type 1 diabetes mellitus (disorder)</td></tr><tr><td><a name="http---snomed.info-sct-731000124108-90771000119100"> </a>90771000119100</td><td>End stage renal disease on dialysis due to type 1 diabetes mellitus (disorder)</td></tr><tr><td><a name="http---snomed.info-sct-731000124108-90791000119104"> </a>90791000119104</td><td>End stage renal disease on dialysis due to type 2 diabetes mellitus (disorder)</td></tr><tr><td><a name="http---snomed.info-sct-731000124108-96441000119101"> </a>96441000119101</td><td>Chronic kidney disease due to type 1 diabetes mellitus (disorder)</td></tr><tr><td><a name="http---snomed.info-sct-731000124108-96701000119107"> </a>96701000119107</td><td>Hypertensive heart AND chronic kidney disease on dialysis (disorder)</td></tr><tr><td><a name="http---snomed.info-sct-731000124108-96711000119105"> </a>96711000119105</td><td>Hypertensive heart AND chronic kidney disease stage 5 (disorder)</td></tr><tr><td><a name="http---snomed.info-sct-731000124108-96721000119103"> </a>96721000119103</td><td>Hypertensive heart AND chronic kidney disease stage 4 (disorder)</td></tr><tr><td><a name="http---snomed.info-sct-731000124108-96731000119100"> </a>96731000119100</td><td>Hypertensive heart AND chronic kidney disease stage 3 (disorder)</td></tr><tr><td><a name="http---snomed.info-sct-731000124108-96741000119109"> </a>96741000119109</td><td>Hypertensive heart AND chronic kidney disease stage 2 (disorder)</td></tr><tr><td><a name="http---snomed.info-sct-731000124108-96751000119106"> </a>96751000119106</td><td>Hypertensive heart AND chronic kidney disease stage 1 (disorder)</td></tr></table></div>
  </text>
  <url value="http://cts.nlm.nih.gov/fhir/ValueSet/2.16.840.1.113883.3.3616.200.110.102.6064"/>
  <version value="0.1.0"/>
  <name value="COVID19 SNOMED Value Set for Chronic Kidney Diseases"/>
  <status value="active"/>
  <date value="2020-07-10T01:00:43-04:00"/>
  <publisher value="Veterans Health Administration (VHA)"/>
  <contact>
    <telecom>
      <system value="url"/>
      <value value="http://hl7.org/Special/committees/[something]"/>
    </telecom>
  </contact>
  <jurisdiction>
    <coding>
      <system value="http://unstats.un.org/unsd/methods/m49/m49.htm"/>
      <code value="001"/>
    </coding>
  </jurisdiction>
  <expansion>
    <identifier value="urn:uuid:24812a02-6a0c-4e50-8040-74a6f59f046c"/>
    <timestamp value="2021-04-27T12:49:56-04:00"/>
    <total value="81"/>
    <offset value="0"/>
    <parameter>
      <name value="count"/>
      <valueInteger value="1000"/>
    </parameter>
    <parameter>
      <name value="offset"/>
      <valueInteger value="0"/>
    </parameter>
    <contains>
      <system value="http://snomed.info/sct"/>
      <version value="2021-03"/>
      <code value="104931000119100"/>
      <display value="Chronic kidney disease due to hypertension (disorder)"/>
    </contains>
    <contains>
      <system value="http://snomed.info/sct"/>
      <version value="2021-03"/>
      <code value="111411000119103"/>
      <display value="End stage renal disease due to hypertension (disorder)"/>
    </contains>
    <contains>
      <system value="http://snomed.info/sct"/>
      <version value="2021-03"/>
      <code value="117681000119102"/>
      <display value="Chronic kidney disease stage 1 due to hypertension (disorder)"/>
    </contains>
    <contains>
      <system value="http://snomed.info/sct"/>
      <version value="2021-03"/>
      <code value="120261000119101"/>
      <display value="Benign hypertensive heart disease and chronic renal disease stage 5 (disorder)"/>
    </contains>
    <contains>
      <system value="http://snomed.info/sct"/>
      <version value="2021-03"/>
      <code value="127991000119101"/>
      <display value="Hypertension concurrent and due to end stage renal disease on dialysis due to type 2 diabetes mellitus (disorder)"/>
    </contains>
    <contains>
      <system value="http://snomed.info/sct"/>
      <version value="2021-03"/>
      <code value="128001000119105"/>
      <display value="Hypertension concurrent and due to end stage renal disease on dialysis due to type 1 diabetes mellitus (disorder)"/>
    </contains>
    <contains>
      <system value="http://snomed.info/sct"/>
      <version value="2021-03"/>
      <code value="129151000119102"/>
      <display value="Chronic kidney disease stage 4 due to hypertension (disorder)"/>
    </contains>
    <contains>
      <system value="http://snomed.info/sct"/>
      <version value="2021-03"/>
      <code value="129161000119100"/>
      <display value="Chronic kidney disease stage 5 due to hypertension (disorder)"/>
    </contains>
    <contains>
      <system value="http://snomed.info/sct"/>
      <version value="2021-03"/>
      <code value="129171000119106"/>
      <display value="Chronic kidney disease stage 3 due to hypertension (disorder)"/>
    </contains>
    <contains>
      <system value="http://snomed.info/sct"/>
      <version value="2021-03"/>
      <code value="129181000119109"/>
      <display value="Chronic kidney disease stage 2 due to hypertension (disorder)"/>
    </contains>
    <contains>
      <system value="http://snomed.info/sct"/>
      <version value="2021-03"/>
      <code value="153851000119106"/>
      <display value="Malignant hypertensive chronic kidney disease stage 5 (disorder)"/>
    </contains>
    <contains>
      <system value="http://snomed.info/sct"/>
      <version value="2021-03"/>
      <code value="153891000119101"/>
      <display value="End stage renal disease on dialysis due to hypertension (disorder)"/>
    </contains>
    <contains>
      <system value="http://snomed.info/sct"/>
      <version value="2021-03"/>
      <code value="236433006"/>
      <display value="Acute-on-chronic renal failure (disorder)"/>
    </contains>
    <contains>
      <system value="http://snomed.info/sct"/>
      <version value="2021-03"/>
      <code value="236434000"/>
      <display value="End stage renal failure untreated by renal replacement therapy (disorder)"/>
    </contains>
    <contains>
      <system value="http://snomed.info/sct"/>
      <version value="2021-03"/>
      <code value="236435004"/>
      <display value="End stage renal failure on dialysis (disorder)"/>
    </contains>
    <contains>
      <system value="http://snomed.info/sct"/>
      <version value="2021-03"/>
      <code value="236436003"/>
      <display value="End stage renal failure with renal transplant (disorder)"/>
    </contains>
    <contains>
      <system value="http://snomed.info/sct"/>
      <version value="2021-03"/>
      <code value="284961000119106"/>
      <display value="Chronic kidney disease due to benign hypertension (disorder)"/>
    </contains>
    <contains>
      <system value="http://snomed.info/sct"/>
      <version value="2021-03"/>
      <code value="284971000119100"/>
      <display value="Chronic kidney disease stage 1 due to benign hypertension (disorder)"/>
    </contains>
    <contains>
      <system value="http://snomed.info/sct"/>
      <version value="2021-03"/>
      <code value="284981000119102"/>
      <display value="Chronic kidney disease stage 2 due to benign hypertension (disorder)"/>
    </contains>
    <contains>
      <system value="http://snomed.info/sct"/>
      <version value="2021-03"/>
      <code value="284991000119104"/>
      <display value="Chronic kidney disease stage 3 due to benign hypertension (disorder)"/>
    </contains>
    <contains>
      <system value="http://snomed.info/sct"/>
      <version value="2021-03"/>
      <code value="285001000119105"/>
      <display value="Chronic kidney disease stage 4 due to benign hypertension (disorder)"/>
    </contains>
    <contains>
      <system value="http://snomed.info/sct"/>
      <version value="2021-03"/>
      <code value="285011000119108"/>
      <display value="Chronic kidney disease stage 5 due to benign hypertension (disorder)"/>
    </contains>
    <contains>
      <system value="http://snomed.info/sct"/>
      <version value="2021-03"/>
      <code value="285041000119107"/>
      <display value="Benign hypertensive heart disease and chronic renal disease stage 1 (disorder)"/>
    </contains>
    <contains>
      <system value="http://snomed.info/sct"/>
      <version value="2021-03"/>
      <code value="285061000119106"/>
      <display value="Benign hypertensive heart disease and chronic renal disease stage 2 (disorder)"/>
    </contains>
    <contains>
      <system value="http://snomed.info/sct"/>
      <version value="2021-03"/>
      <code value="285081000119102"/>
      <display value="Benign hypertensive heart disease and chronic renal disease stage 3 (disorder)"/>
    </contains>
    <contains>
      <system value="http://snomed.info/sct"/>
      <version value="2021-03"/>
      <code value="285101000119109"/>
      <display value="Benign hypertensive heart disease and chronic renal disease stage 4 (disorder)"/>
    </contains>
    <contains>
      <system value="http://snomed.info/sct"/>
      <version value="2021-03"/>
      <code value="285831000119108"/>
      <display value="Malignant hypertensive chronic kidney disease (disorder)"/>
    </contains>
    <contains>
      <system value="http://snomed.info/sct"/>
      <version value="2021-03"/>
      <code value="285841000119104"/>
      <display value="Malignant hypertensive end stage renal disease (disorder)"/>
    </contains>
    <contains>
      <system value="http://snomed.info/sct"/>
      <version value="2021-03"/>
      <code value="285851000119102"/>
      <display value="Malignant hypertensive chronic kidney disease stage 1 (disorder)"/>
    </contains>
    <contains>
      <system value="http://snomed.info/sct"/>
      <version value="2021-03"/>
      <code value="285861000119100"/>
      <display value="Malignant hypertensive chronic kidney disease stage 2 (disorder)"/>
    </contains>
    <contains>
      <system value="http://snomed.info/sct"/>
      <version value="2021-03"/>
      <code value="285871000119106"/>
      <display value="Malignant hypertensive chronic kidney disease stage 3 (disorder)"/>
    </contains>
    <contains>
      <system value="http://snomed.info/sct"/>
      <version value="2021-03"/>
      <code value="285881000119109"/>
      <display value="Malignant hypertensive chronic kidney disease stage 4 (disorder)"/>
    </contains>
    <contains>
      <system value="http://snomed.info/sct"/>
      <version value="2021-03"/>
      <code value="285911000119109"/>
      <display value="Malignant hypertensive heart disease and chronic renal disease stage 3 (disorder)"/>
    </contains>
    <contains>
      <system value="http://snomed.info/sct"/>
      <version value="2021-03"/>
      <code value="285921000119102"/>
      <display value="Malignant hypertensive heart disease and chronic renal disease stage 4 (disorder)"/>
    </contains>
    <contains>
      <system value="http://snomed.info/sct"/>
      <version value="2021-03"/>
      <code value="286371000119107"/>
      <display value="Malignant hypertensive end stage renal disease on dialysis (disorder)"/>
    </contains>
    <contains>
      <system value="http://snomed.info/sct"/>
      <version value="2021-03"/>
      <code value="425369003"/>
      <display value="Chronic progressive renal failure (disorder)"/>
    </contains>
    <contains>
      <system value="http://snomed.info/sct"/>
      <version value="2021-03"/>
      <code value="431855005"/>
      <display value="Chronic kidney disease stage 1 (disorder)"/>
    </contains>
    <contains>
      <system value="http://snomed.info/sct"/>
      <version value="2021-03"/>
      <code value="431856006"/>
      <display value="Chronic kidney disease stage 2 (disorder)"/>
    </contains>
    <contains>
      <system value="http://snomed.info/sct"/>
      <version value="2021-03"/>
      <code value="431857002"/>
      <display value="Chronic kidney disease stage 4 (disorder)"/>
    </contains>
    <contains>
      <system value="http://snomed.info/sct"/>
      <version value="2021-03"/>
      <code value="433144002"/>
      <display value="Chronic kidney disease stage 3 (disorder)"/>
    </contains>
    <contains>
      <system value="http://snomed.info/sct"/>
      <version value="2021-03"/>
      <code value="433146000"/>
      <display value="Chronic kidney disease stage 5 (disorder)"/>
    </contains>
    <contains>
      <system value="http://snomed.info/sct"/>
      <version value="2021-03"/>
      <code value="434431000124103"/>
      <display value="Hypertensive end stage renal disease (disorder)"/>
    </contains>
    <contains>
      <system value="http://snomed.info/sct"/>
      <version value="2021-03"/>
      <code value="449631000124102"/>
      <display value="Benign hypertensive heart disease and chronic renal disease (disorder)"/>
    </contains>
    <contains>
      <system value="http://snomed.info/sct"/>
      <version value="2021-03"/>
      <code value="46177005"/>
      <display value="End-stage renal disease (disorder)"/>
    </contains>
    <contains>
      <system value="http://snomed.info/sct"/>
      <version value="2021-03"/>
      <code value="57557005"/>
      <display value="Chronic milk alkali syndrome (disorder)"/>
    </contains>
    <contains>
      <system value="http://snomed.info/sct"/>
      <version value="2021-03"/>
      <code value="700378005"/>
      <display value="Chronic kidney disease stage 3A (disorder)"/>
    </contains>
    <contains>
      <system value="http://snomed.info/sct"/>
      <version value="2021-03"/>
      <code value="700379002"/>
      <display value="Chronic kidney disease stage 3B (disorder)"/>
    </contains>
    <contains>
      <system value="http://snomed.info/sct"/>
      <version value="2021-03"/>
      <code value="704667004"/>
      <display value="Hypertension concurrent and due to end stage renal disease on dialysis (disorder)"/>
    </contains>
    <contains>
      <system value="http://snomed.info/sct"/>
      <version value="2021-03"/>
      <code value="709044004"/>
      <display value="Chronic kidney disease (disorder)"/>
    </contains>
    <contains>
      <system value="http://snomed.info/sct"/>
      <version value="2021-03"/>
      <code value="711000119100"/>
      <display value="Chronic kidney disease stage 5 due to type 2 diabetes mellitus (disorder)"/>
    </contains>
    <contains>
      <system value="http://snomed.info/sct"/>
      <version value="2021-03"/>
      <code value="712487000"/>
      <display value="End stage renal disease due to benign hypertension (disorder)"/>
    </contains>
    <contains>
      <system value="http://snomed.info/sct"/>
      <version value="2021-03"/>
      <code value="713313000"/>
      <display value="Chronic kidney disease mineral and bone disorder (disorder)"/>
    </contains>
    <contains>
      <system value="http://snomed.info/sct"/>
      <version value="2021-03"/>
      <code value="714152005"/>
      <display value="Chronic kidney disease stage 5 on dialysis (disorder)"/>
    </contains>
    <contains>
      <system value="http://snomed.info/sct"/>
      <version value="2021-03"/>
      <code value="714153000"/>
      <display value="Chronic kidney disease stage 5 with transplant (disorder)"/>
    </contains>
    <contains>
      <system value="http://snomed.info/sct"/>
      <version value="2021-03"/>
      <code value="721000119107"/>
      <display value="Chronic kidney disease stage 4 due to type 2 diabetes mellitus (disorder)"/>
    </contains>
    <contains>
      <system value="http://snomed.info/sct"/>
      <version value="2021-03"/>
      <code value="722098007"/>
      <display value="Chronic kidney disease following donor nephrectomy (disorder)"/>
    </contains>
    <contains>
      <system value="http://snomed.info/sct"/>
      <version value="2021-03"/>
      <code value="722149000"/>
      <display value="Chronic kidney disease following excision of renal neoplasm (disorder)"/>
    </contains>
    <contains>
      <system value="http://snomed.info/sct"/>
      <version value="2021-03"/>
      <code value="722150000"/>
      <display value="Chronic kidney disease due to systemic infection (disorder)"/>
    </contains>
    <contains>
      <system value="http://snomed.info/sct"/>
      <version value="2021-03"/>
      <code value="722467000"/>
      <display value="Chronic kidney disease due to traumatic loss of kidney (disorder)"/>
    </contains>
    <contains>
      <system value="http://snomed.info/sct"/>
      <version value="2021-03"/>
      <code value="723190009"/>
      <display value="Chronic renal insufficiency (disorder)"/>
    </contains>
    <contains>
      <system value="http://snomed.info/sct"/>
      <version value="2021-03"/>
      <code value="731000119105"/>
      <display value="Chronic kidney disease stage 3 due to type 2 diabetes mellitus (disorder)"/>
    </contains>
    <contains>
      <system value="http://snomed.info/sct"/>
      <version value="2021-03"/>
      <code value="741000119101"/>
      <display value="Chronic kidney disease stage 2 due to type 2 diabetes mellitus (disorder)"/>
    </contains>
    <contains>
      <system value="http://snomed.info/sct"/>
      <version value="2021-03"/>
      <code value="751000119104"/>
      <display value="Chronic kidney disease stage 1 due to type 2 diabetes mellitus (disorder)"/>
    </contains>
    <contains>
      <system value="http://snomed.info/sct"/>
      <version value="2021-03"/>
      <code value="771000119108"/>
      <display value="Chronic kidney disease due to type 2 diabetes mellitus (disorder)"/>
    </contains>
    <contains>
      <system value="http://snomed.info/sct"/>
      <version value="2021-03"/>
      <code value="776416004"/>
      <display value="Hyperuricemia, pulmonary hypertension, renal failure, alkalosis syndrome (disorder)"/>
    </contains>
    <contains>
      <system value="http://snomed.info/sct"/>
      <version value="2021-03"/>
      <code value="8501000119104"/>
      <display value="Hypertensive heart and chronic kidney disease (disorder)"/>
    </contains>
    <contains>
      <system value="http://snomed.info/sct"/>
      <version value="2021-03"/>
      <code value="90688005"/>
      <display value="Chronic renal failure syndrome (disorder)"/>
    </contains>
    <contains>
      <system value="http://snomed.info/sct"/>
      <version value="2021-03"/>
      <code value="90721000119101"/>
      <display value="Chronic kidney disease stage 1 due to type 1 diabetes mellitus (disorder)"/>
    </contains>
    <contains>
      <system value="http://snomed.info/sct"/>
      <version value="2021-03"/>
      <code value="90731000119103"/>
      <display value="Chronic kidney disease stage 2 due to type 1 diabetes mellitus (disorder)"/>
    </contains>
    <contains>
      <system value="http://snomed.info/sct"/>
      <version value="2021-03"/>
      <code value="90741000119107"/>
      <display value="Chronic kidney disease stage 3 due to type 1 diabetes mellitus (disorder)"/>
    </contains>
    <contains>
      <system value="http://snomed.info/sct"/>
      <version value="2021-03"/>
      <code value="90751000119109"/>
      <display value="Chronic kidney disease stage 4 due to type 1 diabetes mellitus (disorder)"/>
    </contains>
    <contains>
      <system value="http://snomed.info/sct"/>
      <version value="2021-03"/>
      <code value="90761000119106"/>
      <display value="Chronic kidney disease stage 5 due to type 1 diabetes mellitus (disorder)"/>
    </contains>
    <contains>
      <system value="http://snomed.info/sct"/>
      <version value="2021-03"/>
      <code value="90771000119100"/>
      <display value="End stage renal disease on dialysis due to type 1 diabetes mellitus (disorder)"/>
    </contains>
    <contains>
      <system value="http://snomed.info/sct"/>
      <version value="2021-03"/>
      <code value="90791000119104"/>
      <display value="End stage renal disease on dialysis due to type 2 diabetes mellitus (disorder)"/>
    </contains>
    <contains>
      <system value="http://snomed.info/sct"/>
      <version value="2021-03"/>
      <code value="96441000119101"/>
      <display value="Chronic kidney disease due to type 1 diabetes mellitus (disorder)"/>
    </contains>
    <contains>
      <system value="http://snomed.info/sct"/>
      <version value="2021-03"/>
      <code value="96701000119107"/>
      <display value="Hypertensive heart AND chronic kidney disease on dialysis (disorder)"/>
    </contains>
    <contains>
      <system value="http://snomed.info/sct"/>
      <version value="2021-03"/>
      <code value="96711000119105"/>
      <display value="Hypertensive heart AND chronic kidney disease stage 5 (disorder)"/>
    </contains>
    <contains>
      <system value="http://snomed.info/sct"/>
      <version value="2021-03"/>
      <code value="96721000119103"/>
      <display value="Hypertensive heart AND chronic kidney disease stage 4 (disorder)"/>
    </contains>
    <contains>
      <system value="http://snomed.info/sct"/>
      <version value="2021-03"/>
      <code value="96731000119100"/>
      <display value="Hypertensive heart AND chronic kidney disease stage 3 (disorder)"/>
    </contains>
    <contains>
      <system value="http://snomed.info/sct"/>
      <version value="2021-03"/>
      <code value="96741000119109"/>
      <display value="Hypertensive heart AND chronic kidney disease stage 2 (disorder)"/>
    </contains>
    <contains>
      <system value="http://snomed.info/sct"/>
      <version value="2021-03"/>
      <code value="96751000119106"/>
      <display value="Hypertensive heart AND chronic kidney disease stage 1 (disorder)"/>
    </contains>
  </expansion>
</ValueSet>