<?xml version="1.0" encoding="UTF-8"?>

<ValueSet xmlns="http://hl7.org/fhir">
  <id value="2.16.840.1.113883.3.3616.200.110.102.6152"/>
  <meta>
    <versionId value="9"/>
    <lastUpdated value="2020-12-22T06:00:52.000+00:00"/>
  </meta>
  <text>
    <status value="generated"/><div xmlns="http://www.w3.org/1999/xhtml"><h3>Value Set Contents</h3><p>This value set contains 58 concepts</p><p>All codes from system <code>http://snomed.info/sct</code></p><table class="codes"><tr><td><b>Code</b></td><td><b>Display</b></td></tr><tr><td><a name="http---snomed.info-sct-731000124108-10725009"> </a>10725009</td><td>Benign hypertension (disorder)</td></tr><tr><td><a name="http---snomed.info-sct-731000124108-1078301000112109"> </a>1078301000112109</td><td>Multiple drug intolerant hypertension (disorder)</td></tr><tr><td><a name="http---snomed.info-sct-731000124108-1201005"> </a>1201005</td><td>Benign essential hypertension (disorder)</td></tr><tr><td><a name="http---snomed.info-sct-731000124108-123799005"> </a>123799005</td><td>Renovascular hypertension (disorder)</td></tr><tr><td><a name="http---snomed.info-sct-731000124108-123800009"> </a>123800009</td><td>Goldblatt hypertension (disorder)</td></tr><tr><td><a name="http---snomed.info-sct-731000124108-132721000119104"> </a>132721000119104</td><td>Hypertensive emergency (disorder)</td></tr><tr><td><a name="http---snomed.info-sct-731000124108-140101000119109"> </a>140101000119109</td><td>Hypertension in chronic kidney disease stage 5 due to type 2 diabetes mellitus (disorder)</td></tr><tr><td><a name="http---snomed.info-sct-731000124108-140111000119107"> </a>140111000119107</td><td>Hypertension in chronic kidney disease stage 4 due to type 2 diabetes mellitus (disorder)</td></tr><tr><td><a name="http---snomed.info-sct-731000124108-140121000119100"> </a>140121000119100</td><td>Hypertension in chronic kidney disease stage 3 due to type 2 diabetes mellitus (disorder)</td></tr><tr><td><a name="http---snomed.info-sct-731000124108-140131000119102"> </a>140131000119102</td><td>Hypertension in chronic kidney disease stage 2 due to type 2 diabetes mellitus (disorder)</td></tr><tr><td><a name="http---snomed.info-sct-731000124108-14973001"> </a>14973001</td><td>Renal sclerosis with hypertension (disorder)</td></tr><tr><td><a name="http---snomed.info-sct-731000124108-16229371000119106"> </a>16229371000119106</td><td>Labile systemic arterial hypertension (disorder)</td></tr><tr><td><a name="http---snomed.info-sct-731000124108-169465000"> </a>169465000</td><td>Hypertension caused by oral contraceptive pill (disorder)</td></tr><tr><td><a name="http---snomed.info-sct-731000124108-194783001"> </a>194783001</td><td>Secondary malignant renovascular hypertension (disorder)</td></tr><tr><td><a name="http---snomed.info-sct-731000124108-194785008"> </a>194785008</td><td>Secondary benign hypertension (disorder)</td></tr><tr><td><a name="http---snomed.info-sct-731000124108-194788005"> </a>194788005</td><td>Hypertension secondary to endocrine disorder (disorder)</td></tr><tr><td><a name="http---snomed.info-sct-731000124108-194791005"> </a>194791005</td><td>Hypertension caused by drug (disorder)</td></tr><tr><td><a name="http---snomed.info-sct-731000124108-19769006"> </a>19769006</td><td>High-renin essential hypertension (disorder)</td></tr><tr><td><a name="http---snomed.info-sct-731000124108-206596003"> </a>206596003</td><td>Neonatal hypertension (disorder)</td></tr><tr><td><a name="http---snomed.info-sct-731000124108-23130000"> </a>23130000</td><td>Paroxysmal hypertension (disorder)</td></tr><tr><td><a name="http---snomed.info-sct-731000124108-28119000"> </a>28119000</td><td>Renal hypertension (disorder)</td></tr><tr><td><a name="http---snomed.info-sct-731000124108-31992008"> </a>31992008</td><td>Secondary hypertension (disorder)</td></tr><tr><td><a name="http---snomed.info-sct-731000124108-371125006"> </a>371125006</td><td>Labile essential hypertension (disorder)</td></tr><tr><td><a name="http---snomed.info-sct-731000124108-38341003"> </a>38341003</td><td>Hypertensive disorder, systemic arterial (disorder)</td></tr><tr><td><a name="http---snomed.info-sct-731000124108-39018007"> </a>39018007</td><td>Renal arterial hypertension (disorder)</td></tr><tr><td><a name="http---snomed.info-sct-731000124108-397748008"> </a>397748008</td><td>Hypertension with albuminuria (disorder)</td></tr><tr><td><a name="http---snomed.info-sct-731000124108-427889009"> </a>427889009</td><td>Hypertension associated with transplantation (disorder)</td></tr><tr><td><a name="http---snomed.info-sct-731000124108-428575007"> </a>428575007</td><td>Hypertension secondary to kidney transplant (disorder)</td></tr><tr><td><a name="http---snomed.info-sct-731000124108-429198000"> </a>429198000</td><td>Exertional hypertension (disorder)</td></tr><tr><td><a name="http---snomed.info-sct-731000124108-429457004"> </a>429457004</td><td>Systolic essential hypertension (disorder)</td></tr><tr><td><a name="http---snomed.info-sct-731000124108-434711000124103"> </a>434711000124103</td><td>Perioperative hypertension (disorder)</td></tr><tr><td><a name="http---snomed.info-sct-731000124108-443482000"> </a>443482000</td><td>Hypertensive urgency (disorder)</td></tr><tr><td><a name="http---snomed.info-sct-731000124108-461301000124109"> </a>461301000124109</td><td>Resistant hypertensive disorder (disorder)</td></tr><tr><td><a name="http---snomed.info-sct-731000124108-46481004"> </a>46481004</td><td>Low-renin essential hypertension (disorder)</td></tr><tr><td><a name="http---snomed.info-sct-731000124108-48146000"> </a>48146000</td><td>Diastolic hypertension (disorder)</td></tr><tr><td><a name="http---snomed.info-sct-731000124108-52698002"> </a>52698002</td><td>Transient hypertension (disorder)</td></tr><tr><td><a name="http---snomed.info-sct-731000124108-5501000119106"> </a>5501000119106</td><td>Postoperative hypertension (disorder)</td></tr><tr><td><a name="http---snomed.info-sct-731000124108-56218007"> </a>56218007</td><td>Systolic hypertension (disorder)</td></tr><tr><td><a name="http---snomed.info-sct-731000124108-57684003"> </a>57684003</td><td>Parenchymal renal hypertension (disorder)</td></tr><tr><td><a name="http---snomed.info-sct-731000124108-59621000"> </a>59621000</td><td>Essential hypertension (disorder)</td></tr><tr><td><a name="http---snomed.info-sct-731000124108-59720008"> </a>59720008</td><td>Sustained diastolic hypertension (disorder)</td></tr><tr><td><a name="http---snomed.info-sct-731000124108-65518004"> </a>65518004</td><td>Labile diastolic hypertension (disorder)</td></tr><tr><td><a name="http---snomed.info-sct-731000124108-697929007"> </a>697929007</td><td>Intermittent hypertension (disorder)</td></tr><tr><td><a name="http---snomed.info-sct-731000124108-697930002"> </a>697930002</td><td>Labile hypertension due to being in a clinical environment (disorder)</td></tr><tr><td><a name="http---snomed.info-sct-731000124108-70272006"> </a>70272006</td><td>Malignant hypertension (disorder)</td></tr><tr><td><a name="http---snomed.info-sct-731000124108-706882009"> </a>706882009</td><td>Hypertensive crisis (disorder)</td></tr><tr><td><a name="http---snomed.info-sct-731000124108-712832005"> </a>712832005</td><td>Supine hypertension (disorder)</td></tr><tr><td><a name="http---snomed.info-sct-731000124108-71421000119105"> </a>71421000119105</td><td>Hypertension in chronic kidney disease due to type 2 diabetes mellitus (disorder)</td></tr><tr><td><a name="http---snomed.info-sct-731000124108-71701000119105"> </a>71701000119105</td><td>Hypertension in chronic kidney disease due to type 1 diabetes mellitus (disorder)</td></tr><tr><td><a name="http---snomed.info-sct-731000124108-720568003"> </a>720568003</td><td>Brachydactyly and arterial hypertension syndrome (disorder)</td></tr><tr><td><a name="http---snomed.info-sct-731000124108-73410007"> </a>73410007</td><td>Benign secondary renovascular hypertension (disorder)</td></tr><tr><td><a name="http---snomed.info-sct-731000124108-74451002"> </a>74451002</td><td>Secondary diastolic hypertension (disorder)</td></tr><tr><td><a name="http---snomed.info-sct-731000124108-762463000"> </a>762463000</td><td>Diastolic hypertension co-occurrent with systolic hypertension (disorder)</td></tr><tr><td><a name="http---snomed.info-sct-731000124108-766937004"> </a>766937004</td><td>Hypertension due to gain-of-function mutation in mineralocorticoid receptor (disorder)</td></tr><tr><td><a name="http---snomed.info-sct-731000124108-78975002"> </a>78975002</td><td>Malignant essential hypertension (disorder)</td></tr><tr><td><a name="http---snomed.info-sct-731000124108-84094009"> </a>84094009</td><td>Rebound hypertension (disorder)</td></tr><tr><td><a name="http---snomed.info-sct-731000124108-871642009"> </a>871642009</td><td>Hypertension due to aortic arch obstruction (disorder)</td></tr><tr><td><a name="http---snomed.info-sct-731000124108-89242004"> </a>89242004</td><td>Malignant secondary hypertension (disorder)</td></tr></table></div>
  </text>
  <url value="http://cts.nlm.nih.gov/fhir/ValueSet/2.16.840.1.113883.3.3616.200.110.102.6152"/>
  <version value="0.1.0"/>
  <name value="COVID19 SNOMED Value Set for Hypertension"/>
  <status value="active"/>
  <date value="2020-12-22T01:00:53-05:00"/>
  <publisher value="Veterans Health Administration (VHA)"/>
  <contact>
    <telecom>
      <system value="url"/>
      <value value="http://hl7.org/Special/committees/[something]"/>
    </telecom>
  </contact>
  <jurisdiction>
    <coding>
      <system value="http://unstats.un.org/unsd/methods/m49/m49.htm"/>
      <code value="001"/>
    </coding>
  </jurisdiction>
  <expansion>
    <identifier value="urn:uuid:e7bd864b-bedd-4894-8c05-0c79a6883c90"/>
    <timestamp value="2021-04-27T12:17:34-04:00"/>
    <total value="58"/>
    <offset value="0"/>
    <parameter>
      <name value="count"/>
      <valueInteger value="1000"/>
    </parameter>
    <parameter>
      <name value="offset"/>
      <valueInteger value="0"/>
    </parameter>
    <contains>
      <system value="http://snomed.info/sct"/>
      <version value="2021-03"/>
      <code value="10725009"/>
      <display value="Benign hypertension (disorder)"/>
    </contains>
    <contains>
      <system value="http://snomed.info/sct"/>
      <version value="2021-03"/>
      <code value="1078301000112109"/>
      <display value="Multiple drug intolerant hypertension (disorder)"/>
    </contains>
    <contains>
      <system value="http://snomed.info/sct"/>
      <version value="2021-03"/>
      <code value="1201005"/>
      <display value="Benign essential hypertension (disorder)"/>
    </contains>
    <contains>
      <system value="http://snomed.info/sct"/>
      <version value="2021-03"/>
      <code value="123799005"/>
      <display value="Renovascular hypertension (disorder)"/>
    </contains>
    <contains>
      <system value="http://snomed.info/sct"/>
      <version value="2021-03"/>
      <code value="123800009"/>
      <display value="Goldblatt hypertension (disorder)"/>
    </contains>
    <contains>
      <system value="http://snomed.info/sct"/>
      <version value="2021-03"/>
      <code value="132721000119104"/>
      <display value="Hypertensive emergency (disorder)"/>
    </contains>
    <contains>
      <system value="http://snomed.info/sct"/>
      <version value="2021-03"/>
      <code value="140101000119109"/>
      <display value="Hypertension in chronic kidney disease stage 5 due to type 2 diabetes mellitus (disorder)"/>
    </contains>
    <contains>
      <system value="http://snomed.info/sct"/>
      <version value="2021-03"/>
      <code value="140111000119107"/>
      <display value="Hypertension in chronic kidney disease stage 4 due to type 2 diabetes mellitus (disorder)"/>
    </contains>
    <contains>
      <system value="http://snomed.info/sct"/>
      <version value="2021-03"/>
      <code value="140121000119100"/>
      <display value="Hypertension in chronic kidney disease stage 3 due to type 2 diabetes mellitus (disorder)"/>
    </contains>
    <contains>
      <system value="http://snomed.info/sct"/>
      <version value="2021-03"/>
      <code value="140131000119102"/>
      <display value="Hypertension in chronic kidney disease stage 2 due to type 2 diabetes mellitus (disorder)"/>
    </contains>
    <contains>
      <system value="http://snomed.info/sct"/>
      <version value="2021-03"/>
      <code value="14973001"/>
      <display value="Renal sclerosis with hypertension (disorder)"/>
    </contains>
    <contains>
      <system value="http://snomed.info/sct"/>
      <version value="2021-03"/>
      <code value="16229371000119106"/>
      <display value="Labile systemic arterial hypertension (disorder)"/>
    </contains>
    <contains>
      <system value="http://snomed.info/sct"/>
      <version value="2021-03"/>
      <code value="169465000"/>
      <display value="Hypertension caused by oral contraceptive pill (disorder)"/>
    </contains>
    <contains>
      <system value="http://snomed.info/sct"/>
      <version value="2021-03"/>
      <code value="194783001"/>
      <display value="Secondary malignant renovascular hypertension (disorder)"/>
    </contains>
    <contains>
      <system value="http://snomed.info/sct"/>
      <version value="2021-03"/>
      <code value="194785008"/>
      <display value="Secondary benign hypertension (disorder)"/>
    </contains>
    <contains>
      <system value="http://snomed.info/sct"/>
      <version value="2021-03"/>
      <code value="194788005"/>
      <display value="Hypertension secondary to endocrine disorder (disorder)"/>
    </contains>
    <contains>
      <system value="http://snomed.info/sct"/>
      <version value="2021-03"/>
      <code value="194791005"/>
      <display value="Hypertension caused by drug (disorder)"/>
    </contains>
    <contains>
      <system value="http://snomed.info/sct"/>
      <version value="2021-03"/>
      <code value="19769006"/>
      <display value="High-renin essential hypertension (disorder)"/>
    </contains>
    <contains>
      <system value="http://snomed.info/sct"/>
      <version value="2021-03"/>
      <code value="206596003"/>
      <display value="Neonatal hypertension (disorder)"/>
    </contains>
    <contains>
      <system value="http://snomed.info/sct"/>
      <version value="2021-03"/>
      <code value="23130000"/>
      <display value="Paroxysmal hypertension (disorder)"/>
    </contains>
    <contains>
      <system value="http://snomed.info/sct"/>
      <version value="2021-03"/>
      <code value="28119000"/>
      <display value="Renal hypertension (disorder)"/>
    </contains>
    <contains>
      <system value="http://snomed.info/sct"/>
      <version value="2021-03"/>
      <code value="31992008"/>
      <display value="Secondary hypertension (disorder)"/>
    </contains>
    <contains>
      <system value="http://snomed.info/sct"/>
      <version value="2021-03"/>
      <code value="371125006"/>
      <display value="Labile essential hypertension (disorder)"/>
    </contains>
    <contains>
      <system value="http://snomed.info/sct"/>
      <version value="2021-03"/>
      <code value="38341003"/>
      <display value="Hypertensive disorder, systemic arterial (disorder)"/>
    </contains>
    <contains>
      <system value="http://snomed.info/sct"/>
      <version value="2021-03"/>
      <code value="39018007"/>
      <display value="Renal arterial hypertension (disorder)"/>
    </contains>
    <contains>
      <system value="http://snomed.info/sct"/>
      <version value="2021-03"/>
      <code value="397748008"/>
      <display value="Hypertension with albuminuria (disorder)"/>
    </contains>
    <contains>
      <system value="http://snomed.info/sct"/>
      <version value="2021-03"/>
      <code value="427889009"/>
      <display value="Hypertension associated with transplantation (disorder)"/>
    </contains>
    <contains>
      <system value="http://snomed.info/sct"/>
      <version value="2021-03"/>
      <code value="428575007"/>
      <display value="Hypertension secondary to kidney transplant (disorder)"/>
    </contains>
    <contains>
      <system value="http://snomed.info/sct"/>
      <version value="2021-03"/>
      <code value="429198000"/>
      <display value="Exertional hypertension (disorder)"/>
    </contains>
    <contains>
      <system value="http://snomed.info/sct"/>
      <version value="2021-03"/>
      <code value="429457004"/>
      <display value="Systolic essential hypertension (disorder)"/>
    </contains>
    <contains>
      <system value="http://snomed.info/sct"/>
      <version value="2021-03"/>
      <code value="434711000124103"/>
      <display value="Perioperative hypertension (disorder)"/>
    </contains>
    <contains>
      <system value="http://snomed.info/sct"/>
      <version value="2021-03"/>
      <code value="443482000"/>
      <display value="Hypertensive urgency (disorder)"/>
    </contains>
    <contains>
      <system value="http://snomed.info/sct"/>
      <version value="2021-03"/>
      <code value="461301000124109"/>
      <display value="Resistant hypertensive disorder (disorder)"/>
    </contains>
    <contains>
      <system value="http://snomed.info/sct"/>
      <version value="2021-03"/>
      <code value="46481004"/>
      <display value="Low-renin essential hypertension (disorder)"/>
    </contains>
    <contains>
      <system value="http://snomed.info/sct"/>
      <version value="2021-03"/>
      <code value="48146000"/>
      <display value="Diastolic hypertension (disorder)"/>
    </contains>
    <contains>
      <system value="http://snomed.info/sct"/>
      <version value="2021-03"/>
      <code value="52698002"/>
      <display value="Transient hypertension (disorder)"/>
    </contains>
    <contains>
      <system value="http://snomed.info/sct"/>
      <version value="2021-03"/>
      <code value="5501000119106"/>
      <display value="Postoperative hypertension (disorder)"/>
    </contains>
    <contains>
      <system value="http://snomed.info/sct"/>
      <version value="2021-03"/>
      <code value="56218007"/>
      <display value="Systolic hypertension (disorder)"/>
    </contains>
    <contains>
      <system value="http://snomed.info/sct"/>
      <version value="2021-03"/>
      <code value="57684003"/>
      <display value="Parenchymal renal hypertension (disorder)"/>
    </contains>
    <contains>
      <system value="http://snomed.info/sct"/>
      <version value="2021-03"/>
      <code value="59621000"/>
      <display value="Essential hypertension (disorder)"/>
    </contains>
    <contains>
      <system value="http://snomed.info/sct"/>
      <version value="2021-03"/>
      <code value="59720008"/>
      <display value="Sustained diastolic hypertension (disorder)"/>
    </contains>
    <contains>
      <system value="http://snomed.info/sct"/>
      <version value="2021-03"/>
      <code value="65518004"/>
      <display value="Labile diastolic hypertension (disorder)"/>
    </contains>
    <contains>
      <system value="http://snomed.info/sct"/>
      <version value="2021-03"/>
      <code value="697929007"/>
      <display value="Intermittent hypertension (disorder)"/>
    </contains>
    <contains>
      <system value="http://snomed.info/sct"/>
      <version value="2021-03"/>
      <code value="697930002"/>
      <display value="Labile hypertension due to being in a clinical environment (disorder)"/>
    </contains>
    <contains>
      <system value="http://snomed.info/sct"/>
      <version value="2021-03"/>
      <code value="70272006"/>
      <display value="Malignant hypertension (disorder)"/>
    </contains>
    <contains>
      <system value="http://snomed.info/sct"/>
      <version value="2021-03"/>
      <code value="706882009"/>
      <display value="Hypertensive crisis (disorder)"/>
    </contains>
    <contains>
      <system value="http://snomed.info/sct"/>
      <version value="2021-03"/>
      <code value="712832005"/>
      <display value="Supine hypertension (disorder)"/>
    </contains>
    <contains>
      <system value="http://snomed.info/sct"/>
      <version value="2021-03"/>
      <code value="71421000119105"/>
      <display value="Hypertension in chronic kidney disease due to type 2 diabetes mellitus (disorder)"/>
    </contains>
    <contains>
      <system value="http://snomed.info/sct"/>
      <version value="2021-03"/>
      <code value="71701000119105"/>
      <display value="Hypertension in chronic kidney disease due to type 1 diabetes mellitus (disorder)"/>
    </contains>
    <contains>
      <system value="http://snomed.info/sct"/>
      <version value="2021-03"/>
      <code value="720568003"/>
      <display value="Brachydactyly and arterial hypertension syndrome (disorder)"/>
    </contains>
    <contains>
      <system value="http://snomed.info/sct"/>
      <version value="2021-03"/>
      <code value="73410007"/>
      <display value="Benign secondary renovascular hypertension (disorder)"/>
    </contains>
    <contains>
      <system value="http://snomed.info/sct"/>
      <version value="2021-03"/>
      <code value="74451002"/>
      <display value="Secondary diastolic hypertension (disorder)"/>
    </contains>
    <contains>
      <system value="http://snomed.info/sct"/>
      <version value="2021-03"/>
      <code value="762463000"/>
      <display value="Diastolic hypertension co-occurrent with systolic hypertension (disorder)"/>
    </contains>
    <contains>
      <system value="http://snomed.info/sct"/>
      <version value="2021-03"/>
      <code value="766937004"/>
      <display value="Hypertension due to gain-of-function mutation in mineralocorticoid receptor (disorder)"/>
    </contains>
    <contains>
      <system value="http://snomed.info/sct"/>
      <version value="2021-03"/>
      <code value="78975002"/>
      <display value="Malignant essential hypertension (disorder)"/>
    </contains>
    <contains>
      <system value="http://snomed.info/sct"/>
      <version value="2021-03"/>
      <code value="84094009"/>
      <display value="Rebound hypertension (disorder)"/>
    </contains>
    <contains>
      <system value="http://snomed.info/sct"/>
      <version value="2021-03"/>
      <code value="871642009"/>
      <display value="Hypertension due to aortic arch obstruction (disorder)"/>
    </contains>
    <contains>
      <system value="http://snomed.info/sct"/>
      <version value="2021-03"/>
      <code value="89242004"/>
      <display value="Malignant secondary hypertension (disorder)"/>
    </contains>
  </expansion>
</ValueSet>