{
  "resourceType": "ValueSet",
  "id": "covid-19-condition-risk-downs-syndrome-icd10",
  "language": "en",
  "text": {
    "status": "generated",
    "div": "<div xmlns=\"http://www.w3.org/1999/xhtml\" xml:lang=\"en\" lang=\"en\"><p>This value set contains 3 concepts</p><p>All codes from system <a href=\"http://terminology.hl7.org/2.1.0/CodeSystem-icd10CM.html\"><code>http://hl7.org/fhir/sid/icd-10-cm</code></a></p><table class=\"codes\"><tr><td style=\"white-space:nowrap\"><b>Code</b></td><td><b>Display</b></td><td><b>Definition</b></td></tr><tr><td style=\"white-space:nowrap\"><a name=\"http---hl7.org-fhir-sid-icd-10-cm-Q90.0\"> </a>Q90.0</td><td>Trisomy 21, nonmosaicism (meiotic nondisjunction)</td><td/></tr><tr><td style=\"white-space:nowrap\"><a name=\"http---hl7.org-fhir-sid-icd-10-cm-Q90.2\"> </a>Q90.2</td><td>Trisomy 21, translocation</td><td/></tr><tr><td style=\"white-space:nowrap\"><a name=\"http---hl7.org-fhir-sid-icd-10-cm-Q90.9\"> </a>Q90.9</td><td>Down syndrome, unspecified</td><td/></tr></table></div>"
  },
  "url": "http://fhir.org/guides/acep/ValueSet/covid-19-condition-risk-downs-syndrome-icd10",
  "version": "0.1.0",
  "name": "COVID19ICD10RiskFactorDownsSyndrome",
  "title": "COVID-19 ICD10 Risk Factor Downs Syndrome Conditions Value Set",
  "status": "active",
  "date": "2021-08-24T21:18:53+00:00",
  "publisher": "Veterans Health Administration (VHA)",
  "contact": [
    {
      "telecom": [
        {
          "system": "url",
          "value": "http://hl7.org/Special/committees/[something]"
        }
      ]
    }
  ],
  "description": "COVID-19 ICD10 Risk Factor Downs Syndrome Conditions Value Set",
  "jurisdiction": [
    {
      "coding": [
        {
          "system": "http://unstats.un.org/unsd/methods/m49/m49.htm",
          "code": "001"
        }
      ]
    }
  ],
  "expansion": {
    "contains": [
      {
        "system": "http://hl7.org/fhir/sid/icd-10-cm",
        "code": "Q90.0",
        "display": "Trisomy 21, nonmosaicism (meiotic nondisjunction)"
      },
      {
        "system": "http://hl7.org/fhir/sid/icd-10-cm",
        "code": "Q90.2",
        "display": "Trisomy 21, translocation"
      },
      {
        "system": "http://hl7.org/fhir/sid/icd-10-cm",
        "code": "Q90.9",
        "display": "Down syndrome, unspecified"
      }
    ]
  }
}