{
  "resourceType": "ValueSet",
  "id": "2.16.840.1.113883.3.3616.200.110.102.6203",
  "meta": {
    "versionId": "5",
    "lastUpdated": "2020-08-18T14:21:27.000+00:00"
  },
  "text": {
    "status": "generated",
    "div": "<div xmlns=\"http://www.w3.org/1999/xhtml\"><h3>Value Set Contents</h3><p>This value set contains 69 concepts</p><p>All codes from system <code>http://snomed.info/sct</code></p><table class=\"codes\"><tr><td><b>Code</b></td><td><b>Display</b></td></tr><tr><td><a name=\"http---snomed.info-sct-10750551000119100\"> </a><a href=\"http://browser.ihtsdotools.org/?perspective=full&amp;conceptId1=10750551000119100\">10750551000119100</a></td><td>Obesity in mother complicating childbirth (disorder)</td></tr><tr><td><a name=\"http---snomed.info-sct-1076701000119104\"> </a><a href=\"http://browser.ihtsdotools.org/?perspective=full&amp;conceptId1=1076701000119104\">1076701000119104</a></td><td>Hypertrophy of fat pad of right knee (disorder)</td></tr><tr><td><a name=\"http---snomed.info-sct-1076711000119101\"> </a><a href=\"http://browser.ihtsdotools.org/?perspective=full&amp;conceptId1=1076711000119101\">1076711000119101</a></td><td>Hypertrophy of fat pad of left knee (disorder)</td></tr><tr><td><a name=\"http---snomed.info-sct-111036000\"> </a><a href=\"http://browser.ihtsdotools.org/?perspective=full&amp;conceptId1=111036000\">111036000</a></td><td>Hyperinsulinar obesity (disorder)</td></tr><tr><td><a name=\"http---snomed.info-sct-15750121000119108\"> </a><a href=\"http://browser.ihtsdotools.org/?perspective=full&amp;conceptId1=15750121000119108\">15750121000119108</a></td><td>Pre-existing severe obesity in mother complicating pregnancy (disorder)</td></tr><tr><td><a name=\"http---snomed.info-sct-162864005\"> </a><a href=\"http://browser.ihtsdotools.org/?perspective=full&amp;conceptId1=162864005\">162864005</a></td><td>Body mass index 30+ - obesity (finding)</td></tr><tr><td><a name=\"http---snomed.info-sct-171000119107\"> </a><a href=\"http://browser.ihtsdotools.org/?perspective=full&amp;conceptId1=171000119107\">171000119107</a></td><td>Maternal obesity complicating pregnancy, childbirth and the puerperium, antepartum (disorder)</td></tr><tr><td><a name=\"http---snomed.info-sct-190965006\"> </a><a href=\"http://browser.ihtsdotools.org/?perspective=full&amp;conceptId1=190965006\">190965006</a></td><td>Drug-induced obesity (disorder)</td></tr><tr><td><a name=\"http---snomed.info-sct-190966007\"> </a><a href=\"http://browser.ihtsdotools.org/?perspective=full&amp;conceptId1=190966007\">190966007</a></td><td>Extreme obesity with alveolar hypoventilation (disorder)</td></tr><tr><td><a name=\"http---snomed.info-sct-238132000\"> </a><a href=\"http://browser.ihtsdotools.org/?perspective=full&amp;conceptId1=238132000\">238132000</a></td><td>Android obesity (disorder)</td></tr><tr><td><a name=\"http---snomed.info-sct-238133005\"> </a><a href=\"http://browser.ihtsdotools.org/?perspective=full&amp;conceptId1=238133005\">238133005</a></td><td>Gynecoid obesity (disorder)</td></tr><tr><td><a name=\"http---snomed.info-sct-238134004\"> </a><a href=\"http://browser.ihtsdotools.org/?perspective=full&amp;conceptId1=238134004\">238134004</a></td><td>Generalized obesity (disorder)</td></tr><tr><td><a name=\"http---snomed.info-sct-238135003\"> </a><a href=\"http://browser.ihtsdotools.org/?perspective=full&amp;conceptId1=238135003\">238135003</a></td><td>Fat pad syndrome (disorder)</td></tr><tr><td><a name=\"http---snomed.info-sct-238136002\"> </a><a href=\"http://browser.ihtsdotools.org/?perspective=full&amp;conceptId1=238136002\">238136002</a></td><td>Morbid obesity (disorder)</td></tr><tr><td><a name=\"http---snomed.info-sct-248311001\"> </a><a href=\"http://browser.ihtsdotools.org/?perspective=full&amp;conceptId1=248311001\">248311001</a></td><td>Central obesity (disorder)</td></tr><tr><td><a name=\"http---snomed.info-sct-248312008\"> </a><a href=\"http://browser.ihtsdotools.org/?perspective=full&amp;conceptId1=248312008\">248312008</a></td><td>Peripheral obesity (disorder)</td></tr><tr><td><a name=\"http---snomed.info-sct-270486005\"> </a><a href=\"http://browser.ihtsdotools.org/?perspective=full&amp;conceptId1=270486005\">270486005</a></td><td>Localized obesity (disorder)</td></tr><tr><td><a name=\"http---snomed.info-sct-290439001\"> </a><a href=\"http://browser.ihtsdotools.org/?perspective=full&amp;conceptId1=290439001\">290439001</a></td><td>Familial obesity (disorder)</td></tr><tr><td><a name=\"http---snomed.info-sct-292464007\"> </a><a href=\"http://browser.ihtsdotools.org/?perspective=full&amp;conceptId1=292464007\">292464007</a></td><td>Constitutional obesity (disorder)</td></tr><tr><td><a name=\"http---snomed.info-sct-293481008\"> </a><a href=\"http://browser.ihtsdotools.org/?perspective=full&amp;conceptId1=293481008\">293481008</a></td><td>Hyperplastic-hypertrophic obesity (disorder)</td></tr><tr><td><a name=\"http---snomed.info-sct-294493008\"> </a><a href=\"http://browser.ihtsdotools.org/?perspective=full&amp;conceptId1=294493008\">294493008</a></td><td>Lifelong obesity (disorder)</td></tr><tr><td><a name=\"http---snomed.info-sct-295509007\"> </a><a href=\"http://browser.ihtsdotools.org/?perspective=full&amp;conceptId1=295509007\">295509007</a></td><td>Hypertrophic obesity (disorder)</td></tr><tr><td><a name=\"http---snomed.info-sct-296526005\"> </a><a href=\"http://browser.ihtsdotools.org/?perspective=full&amp;conceptId1=296526005\">296526005</a></td><td>Adult-onset obesity (disorder)</td></tr><tr><td><a name=\"http---snomed.info-sct-297500005\"> </a><a href=\"http://browser.ihtsdotools.org/?perspective=full&amp;conceptId1=297500005\">297500005</a></td><td>Endogenous obesity (disorder)</td></tr><tr><td><a name=\"http---snomed.info-sct-298464002\"> </a><a href=\"http://browser.ihtsdotools.org/?perspective=full&amp;conceptId1=298464002\">298464002</a></td><td>Obesity of endocrine origin (disorder)</td></tr><tr><td><a name=\"http---snomed.info-sct-360566006\"> </a><a href=\"http://browser.ihtsdotools.org/?perspective=full&amp;conceptId1=360566006\">360566006</a></td><td>Buffalo obesity (disorder)</td></tr><tr><td><a name=\"http---snomed.info-sct-408512008\"> </a><a href=\"http://browser.ihtsdotools.org/?perspective=full&amp;conceptId1=408512008\">408512008</a></td><td>Body mass index 40+ - severely obese (finding)</td></tr><tr><td><a name=\"http---snomed.info-sct-414438005\"> </a><a href=\"http://browser.ihtsdotools.org/?perspective=full&amp;conceptId1=414438005\">414438005</a></td><td>Hyperplastic obesity (disorder)</td></tr><tr><td><a name=\"http---snomed.info-sct-414916001\"> </a><a href=\"http://browser.ihtsdotools.org/?perspective=full&amp;conceptId1=414916001\">414916001</a></td><td>Obesity (disorder)</td></tr><tr><td><a name=\"http---snomed.info-sct-414917005\"> </a><a href=\"http://browser.ihtsdotools.org/?perspective=full&amp;conceptId1=414917005\">414917005</a></td><td>Obesity by adipocyte growth pattern (disorder)</td></tr><tr><td><a name=\"http---snomed.info-sct-414918000\"> </a><a href=\"http://browser.ihtsdotools.org/?perspective=full&amp;conceptId1=414918000\">414918000</a></td><td>Obesity by age of onset (disorder)</td></tr><tr><td><a name=\"http---snomed.info-sct-414919008\"> </a><a href=\"http://browser.ihtsdotools.org/?perspective=full&amp;conceptId1=414919008\">414919008</a></td><td>Obesity by contributing factors (disorder)</td></tr><tr><td><a name=\"http---snomed.info-sct-414920002\"> </a><a href=\"http://browser.ihtsdotools.org/?perspective=full&amp;conceptId1=414920002\">414920002</a></td><td>Obesity by fat distribution pattern (disorder)</td></tr><tr><td><a name=\"http---snomed.info-sct-415530009\"> </a><a href=\"http://browser.ihtsdotools.org/?perspective=full&amp;conceptId1=415530009\">415530009</a></td><td>Simple obesity (disorder)</td></tr><tr><td><a name=\"http---snomed.info-sct-444862003\"> </a><a href=\"http://browser.ihtsdotools.org/?perspective=full&amp;conceptId1=444862003\">444862003</a></td><td>Childhood obesity (disorder)</td></tr><tr><td><a name=\"http---snomed.info-sct-44772007\"> </a><a href=\"http://browser.ihtsdotools.org/?perspective=full&amp;conceptId1=44772007\">44772007</a></td><td>Maternal obesity syndrome (disorder)</td></tr><tr><td><a name=\"http---snomed.info-sct-461341000124106\"> </a><a href=\"http://browser.ihtsdotools.org/?perspective=full&amp;conceptId1=461341000124106\">461341000124106</a></td><td>Gluteal-femoral obesity (disorder)</td></tr><tr><td><a name=\"http---snomed.info-sct-5036006\"> </a><a href=\"http://browser.ihtsdotools.org/?perspective=full&amp;conceptId1=5036006\">5036006</a></td><td>Hypogonadal obesity (disorder)</td></tr><tr><td><a name=\"http---snomed.info-sct-53146006\"> </a><a href=\"http://browser.ihtsdotools.org/?perspective=full&amp;conceptId1=53146006\">53146006</a></td><td>Hypothyroid obesity (disorder)</td></tr><tr><td><a name=\"http---snomed.info-sct-57337005\"> </a><a href=\"http://browser.ihtsdotools.org/?perspective=full&amp;conceptId1=57337005\">57337005</a></td><td>Steatopygia (disorder)</td></tr><tr><td><a name=\"http---snomed.info-sct-62999006\"> </a><a href=\"http://browser.ihtsdotools.org/?perspective=full&amp;conceptId1=62999006\">62999006</a></td><td>Adiposogenital dystrophy (disorder)</td></tr><tr><td><a name=\"http---snomed.info-sct-63702009\"> </a><a href=\"http://browser.ihtsdotools.org/?perspective=full&amp;conceptId1=63702009\">63702009</a></td><td>Alstrom syndrome (disorder)</td></tr><tr><td><a name=\"http---snomed.info-sct-702949005\"> </a><a href=\"http://browser.ihtsdotools.org/?perspective=full&amp;conceptId1=702949005\">702949005</a></td><td>Proopiomelanocortin deficiency syndrome (disorder)</td></tr><tr><td><a name=\"http---snomed.info-sct-715628009\"> </a><a href=\"http://browser.ihtsdotools.org/?perspective=full&amp;conceptId1=715628009\">715628009</a></td><td>Intellectual disability, truncal obesity, retinal dystrophy and micropenis syndrome (disorder)</td></tr><tr><td><a name=\"http---snomed.info-sct-717269008\"> </a><a href=\"http://browser.ihtsdotools.org/?perspective=full&amp;conceptId1=717269008\">717269008</a></td><td>Obesity due to melanocortin 4 receptor deficiency (disorder)</td></tr><tr><td><a name=\"http---snomed.info-sct-717761005\"> </a><a href=\"http://browser.ihtsdotools.org/?perspective=full&amp;conceptId1=717761005\">717761005</a></td><td>Choroideremia with deafness and obesity syndrome (disorder)</td></tr><tr><td><a name=\"http---snomed.info-sct-719160009\"> </a><a href=\"http://browser.ihtsdotools.org/?perspective=full&amp;conceptId1=719160009\">719160009</a></td><td>Syndromic X-linked intellectual disability type 7 (disorder)</td></tr><tr><td><a name=\"http---snomed.info-sct-719834005\"> </a><a href=\"http://browser.ihtsdotools.org/?perspective=full&amp;conceptId1=719834005\">719834005</a></td><td>Wilson Turner syndrome (disorder)</td></tr><tr><td><a name=\"http---snomed.info-sct-721231007\"> </a><a href=\"http://browser.ihtsdotools.org/?perspective=full&amp;conceptId1=721231007\">721231007</a></td><td>Hydrocephalus with obesity and hypogonadism syndrome (disorder)</td></tr><tr><td><a name=\"http---snomed.info-sct-722037004\"> </a><a href=\"http://browser.ihtsdotools.org/?perspective=full&amp;conceptId1=722037004\">722037004</a></td><td>Intellectual disability, epileptic seizures, hypogonadism and hypogenitalism, microcephaly, obesity syndrome (disorder)</td></tr><tr><td><a name=\"http---snomed.info-sct-722051004\"> </a><a href=\"http://browser.ihtsdotools.org/?perspective=full&amp;conceptId1=722051004\">722051004</a></td><td>Obesity, colitis, hypothyroidism, cardiac hypertrophy, developmental delay syndrome (disorder)</td></tr><tr><td><a name=\"http---snomed.info-sct-722053001\"> </a><a href=\"http://browser.ihtsdotools.org/?perspective=full&amp;conceptId1=722053001\">722053001</a></td><td>Obesity due to prohormone convertase I deficiency (disorder)</td></tr><tr><td><a name=\"http---snomed.info-sct-722596001\"> </a><a href=\"http://browser.ihtsdotools.org/?perspective=full&amp;conceptId1=722596001\">722596001</a></td><td>Obesity caused by energy imbalance (disorder)</td></tr><tr><td><a name=\"http---snomed.info-sct-724137002\"> </a><a href=\"http://browser.ihtsdotools.org/?perspective=full&amp;conceptId1=724137002\">724137002</a></td><td>Macrocephaly, obesity, mental disability, ocular abnormality syndrome (disorder)</td></tr><tr><td><a name=\"http---snomed.info-sct-72894001\"> </a><a href=\"http://browser.ihtsdotools.org/?perspective=full&amp;conceptId1=72894001\">72894001</a></td><td>Hypertrophy of fat pad of knee (disorder)</td></tr><tr><td><a name=\"http---snomed.info-sct-763350002\"> </a><a href=\"http://browser.ihtsdotools.org/?perspective=full&amp;conceptId1=763350002\">763350002</a></td><td>Intellectual disability, obesity, brain malformation, facial dysmorphism syndrome (disorder)</td></tr><tr><td><a name=\"http---snomed.info-sct-770680004\"> </a><a href=\"http://browser.ihtsdotools.org/?perspective=full&amp;conceptId1=770680004\">770680004</a></td><td>Prader-Willi-like syndrome (disorder)</td></tr><tr><td><a name=\"http---snomed.info-sct-770750002\"> </a><a href=\"http://browser.ihtsdotools.org/?perspective=full&amp;conceptId1=770750002\">770750002</a></td><td>Intellectual disability, seizures, macrocephaly, obesity syndrome (disorder)</td></tr><tr><td><a name=\"http---snomed.info-sct-773663004\"> </a><a href=\"http://browser.ihtsdotools.org/?perspective=full&amp;conceptId1=773663004\">773663004</a></td><td>Rapid-onset childhood obesity, hypothalamic dysfunction, hypoventilation, autonomic dysregulation syndrome (disorder)</td></tr><tr><td><a name=\"http---snomed.info-sct-774102003\"> </a><a href=\"http://browser.ihtsdotools.org/?perspective=full&amp;conceptId1=774102003\">774102003</a></td><td>Intellectual disability, obesity, prognathism, eye and skin anomalies syndrome (disorder)</td></tr><tr><td><a name=\"http---snomed.info-sct-776204008\"> </a><a href=\"http://browser.ihtsdotools.org/?perspective=full&amp;conceptId1=776204008\">776204008</a></td><td>Colobomatous microphthalmia, obesity, hypogenitalism, intellectual disability syndrome (disorder)</td></tr><tr><td><a name=\"http---snomed.info-sct-783549006\"> </a><a href=\"http://browser.ihtsdotools.org/?perspective=full&amp;conceptId1=783549006\">783549006</a></td><td>Obesity due to centrosomal protein 19 deficiency (disorder)</td></tr><tr><td><a name=\"http---snomed.info-sct-783556000\"> </a><a href=\"http://browser.ihtsdotools.org/?perspective=full&amp;conceptId1=783556000\">783556000</a></td><td>Severe early-onset obesity insulin resistance syndrome due to SH2B adaptor protein 1 deficiency (disorder)</td></tr><tr><td><a name=\"http---snomed.info-sct-783719006\"> </a><a href=\"http://browser.ihtsdotools.org/?perspective=full&amp;conceptId1=783719006\">783719006</a></td><td>Obesity due to SIM bHLH transcription factor 1 deficiency (disorder)</td></tr><tr><td><a name=\"http---snomed.info-sct-785722006\"> </a><a href=\"http://browser.ihtsdotools.org/?perspective=full&amp;conceptId1=785722006\">785722006</a></td><td>Obesity due to leptin receptor gene deficiency (disorder)</td></tr><tr><td><a name=\"http---snomed.info-sct-788996008\"> </a><a href=\"http://browser.ihtsdotools.org/?perspective=full&amp;conceptId1=788996008\">788996008</a></td><td>Obesity in adolescence (disorder)</td></tr><tr><td><a name=\"http---snomed.info-sct-80660001\"> </a><a href=\"http://browser.ihtsdotools.org/?perspective=full&amp;conceptId1=80660001\">80660001</a></td><td>Mauriac's syndrome (disorder)</td></tr><tr><td><a name=\"http---snomed.info-sct-82793005\"> </a><a href=\"http://browser.ihtsdotools.org/?perspective=full&amp;conceptId1=82793005\">82793005</a></td><td>Hypothalamic obesity (disorder)</td></tr><tr><td><a name=\"http---snomed.info-sct-83911000119104\"> </a><a href=\"http://browser.ihtsdotools.org/?perspective=full&amp;conceptId1=83911000119104\">83911000119104</a></td><td>Severe obesity (disorder)</td></tr></table></div>"
  },
  "url": "http://cts.nlm.nih.gov/fhir/ValueSet/2.16.840.1.113883.3.3616.200.110.102.6203",
  "version": "0.1.0",
  "name": "COVID19SNOMEDValueSetForObesity",
  "title": "COVID19 SNOMED Value Set for Obesity",
  "status": "active",
  "date": "2020-07-10T01:00:36-04:00",
  "publisher": "Veterans Health Administration (VHA)",
  "contact": [
    {
      "telecom": [
        {
          "system": "url",
          "value": "http://hl7.org/Special/committees/[something]"
        }
      ]
    }
  ],
  "description": "This set of values contains terms related to obesity.",
  "jurisdiction": [
    {
      "coding": [
        {
          "system": "http://unstats.un.org/unsd/methods/m49/m49.htm",
          "code": "001"
        }
      ]
    }
  ],
  "expansion": {
    "identifier": "urn:uuid:4a11197a-ab3d-4c8d-810c-31e54b8a0b99",
    "timestamp": "2021-02-22T19:29:00-05:00",
    "total": 69,
    "offset": 0,
    "parameter": [
      {
        "name": "count",
        "valueInteger": 1000
      },
      {
        "name": "offset",
        "valueInteger": 0
      }
    ],
    "contains": [
      {
        "system": "http://snomed.info/sct",
        "version": "2020-09",
        "code": "10750551000119100",
        "display": "Obesity in mother complicating childbirth (disorder)"
      },
      {
        "system": "http://snomed.info/sct",
        "version": "2020-09",
        "code": "1076701000119104",
        "display": "Hypertrophy of fat pad of right knee (disorder)"
      },
      {
        "system": "http://snomed.info/sct",
        "version": "2020-09",
        "code": "1076711000119101",
        "display": "Hypertrophy of fat pad of left knee (disorder)"
      },
      {
        "system": "http://snomed.info/sct",
        "version": "2020-09",
        "code": "111036000",
        "display": "Hyperinsulinar obesity (disorder)"
      },
      {
        "system": "http://snomed.info/sct",
        "version": "2020-09",
        "code": "15750121000119108",
        "display": "Pre-existing severe obesity in mother complicating pregnancy (disorder)"
      },
      {
        "system": "http://snomed.info/sct",
        "version": "2020-09",
        "code": "162864005",
        "display": "Body mass index 30+ - obesity (finding)"
      },
      {
        "system": "http://snomed.info/sct",
        "version": "2020-09",
        "code": "171000119107",
        "display": "Maternal obesity complicating pregnancy, childbirth and the puerperium, antepartum (disorder)"
      },
      {
        "system": "http://snomed.info/sct",
        "version": "2020-09",
        "code": "190965006",
        "display": "Drug-induced obesity (disorder)"
      },
      {
        "system": "http://snomed.info/sct",
        "version": "2020-09",
        "code": "190966007",
        "display": "Extreme obesity with alveolar hypoventilation (disorder)"
      },
      {
        "system": "http://snomed.info/sct",
        "version": "2020-09",
        "code": "238132000",
        "display": "Android obesity (disorder)"
      },
      {
        "system": "http://snomed.info/sct",
        "version": "2020-09",
        "code": "238133005",
        "display": "Gynecoid obesity (disorder)"
      },
      {
        "system": "http://snomed.info/sct",
        "version": "2020-09",
        "code": "238134004",
        "display": "Generalized obesity (disorder)"
      },
      {
        "system": "http://snomed.info/sct",
        "version": "2020-09",
        "code": "238135003",
        "display": "Fat pad syndrome (disorder)"
      },
      {
        "system": "http://snomed.info/sct",
        "version": "2020-09",
        "code": "238136002",
        "display": "Morbid obesity (disorder)"
      },
      {
        "system": "http://snomed.info/sct",
        "version": "2020-09",
        "code": "248311001",
        "display": "Central obesity (disorder)"
      },
      {
        "system": "http://snomed.info/sct",
        "version": "2020-09",
        "code": "248312008",
        "display": "Peripheral obesity (disorder)"
      },
      {
        "system": "http://snomed.info/sct",
        "version": "2020-09",
        "code": "270486005",
        "display": "Localized obesity (disorder)"
      },
      {
        "system": "http://snomed.info/sct",
        "version": "2020-09",
        "code": "290439001",
        "display": "Familial obesity (disorder)"
      },
      {
        "system": "http://snomed.info/sct",
        "version": "2020-09",
        "code": "292464007",
        "display": "Constitutional obesity (disorder)"
      },
      {
        "system": "http://snomed.info/sct",
        "version": "2020-09",
        "code": "293481008",
        "display": "Hyperplastic-hypertrophic obesity (disorder)"
      },
      {
        "system": "http://snomed.info/sct",
        "version": "2020-09",
        "code": "294493008",
        "display": "Lifelong obesity (disorder)"
      },
      {
        "system": "http://snomed.info/sct",
        "version": "2020-09",
        "code": "295509007",
        "display": "Hypertrophic obesity (disorder)"
      },
      {
        "system": "http://snomed.info/sct",
        "version": "2020-09",
        "code": "296526005",
        "display": "Adult-onset obesity (disorder)"
      },
      {
        "system": "http://snomed.info/sct",
        "version": "2020-09",
        "code": "297500005",
        "display": "Endogenous obesity (disorder)"
      },
      {
        "system": "http://snomed.info/sct",
        "version": "2020-09",
        "code": "298464002",
        "display": "Obesity of endocrine origin (disorder)"
      },
      {
        "system": "http://snomed.info/sct",
        "version": "2020-09",
        "code": "360566006",
        "display": "Buffalo obesity (disorder)"
      },
      {
        "system": "http://snomed.info/sct",
        "version": "2020-09",
        "code": "408512008",
        "display": "Body mass index 40+ - severely obese (finding)"
      },
      {
        "system": "http://snomed.info/sct",
        "version": "2020-09",
        "code": "414438005",
        "display": "Hyperplastic obesity (disorder)"
      },
      {
        "system": "http://snomed.info/sct",
        "version": "2020-09",
        "code": "414916001",
        "display": "Obesity (disorder)"
      },
      {
        "system": "http://snomed.info/sct",
        "version": "2020-09",
        "code": "414917005",
        "display": "Obesity by adipocyte growth pattern (disorder)"
      },
      {
        "system": "http://snomed.info/sct",
        "version": "2020-09",
        "code": "414918000",
        "display": "Obesity by age of onset (disorder)"
      },
      {
        "system": "http://snomed.info/sct",
        "version": "2020-09",
        "code": "414919008",
        "display": "Obesity by contributing factors (disorder)"
      },
      {
        "system": "http://snomed.info/sct",
        "version": "2020-09",
        "code": "414920002",
        "display": "Obesity by fat distribution pattern (disorder)"
      },
      {
        "system": "http://snomed.info/sct",
        "version": "2020-09",
        "code": "415530009",
        "display": "Simple obesity (disorder)"
      },
      {
        "system": "http://snomed.info/sct",
        "version": "2020-09",
        "code": "444862003",
        "display": "Childhood obesity (disorder)"
      },
      {
        "system": "http://snomed.info/sct",
        "version": "2020-09",
        "code": "44772007",
        "display": "Maternal obesity syndrome (disorder)"
      },
      {
        "system": "http://snomed.info/sct",
        "version": "2020-09",
        "code": "461341000124106",
        "display": "Gluteal-femoral obesity (disorder)"
      },
      {
        "system": "http://snomed.info/sct",
        "version": "2020-09",
        "code": "5036006",
        "display": "Hypogonadal obesity (disorder)"
      },
      {
        "system": "http://snomed.info/sct",
        "version": "2020-09",
        "code": "53146006",
        "display": "Hypothyroid obesity (disorder)"
      },
      {
        "system": "http://snomed.info/sct",
        "version": "2020-09",
        "code": "57337005",
        "display": "Steatopygia (disorder)"
      },
      {
        "system": "http://snomed.info/sct",
        "version": "2020-09",
        "code": "62999006",
        "display": "Adiposogenital dystrophy (disorder)"
      },
      {
        "system": "http://snomed.info/sct",
        "version": "2020-09",
        "code": "63702009",
        "display": "Alstrom syndrome (disorder)"
      },
      {
        "system": "http://snomed.info/sct",
        "version": "2020-09",
        "code": "702949005",
        "display": "Proopiomelanocortin deficiency syndrome (disorder)"
      },
      {
        "system": "http://snomed.info/sct",
        "version": "2020-09",
        "code": "715628009",
        "display": "Intellectual disability, truncal obesity, retinal dystrophy and micropenis syndrome (disorder)"
      },
      {
        "system": "http://snomed.info/sct",
        "version": "2020-09",
        "code": "717269008",
        "display": "Obesity due to melanocortin 4 receptor deficiency (disorder)"
      },
      {
        "system": "http://snomed.info/sct",
        "version": "2020-09",
        "code": "717761005",
        "display": "Choroideremia with deafness and obesity syndrome (disorder)"
      },
      {
        "system": "http://snomed.info/sct",
        "version": "2020-09",
        "code": "719160009",
        "display": "Syndromic X-linked intellectual disability type 7 (disorder)"
      },
      {
        "system": "http://snomed.info/sct",
        "version": "2020-09",
        "code": "719834005",
        "display": "Wilson Turner syndrome (disorder)"
      },
      {
        "system": "http://snomed.info/sct",
        "version": "2020-09",
        "code": "721231007",
        "display": "Hydrocephalus with obesity and hypogonadism syndrome (disorder)"
      },
      {
        "system": "http://snomed.info/sct",
        "version": "2020-09",
        "code": "722037004",
        "display": "Intellectual disability, epileptic seizures, hypogonadism and hypogenitalism, microcephaly, obesity syndrome (disorder)"
      },
      {
        "system": "http://snomed.info/sct",
        "version": "2020-09",
        "code": "722051004",
        "display": "Obesity, colitis, hypothyroidism, cardiac hypertrophy, developmental delay syndrome (disorder)"
      },
      {
        "system": "http://snomed.info/sct",
        "version": "2020-09",
        "code": "722053001",
        "display": "Obesity due to prohormone convertase I deficiency (disorder)"
      },
      {
        "system": "http://snomed.info/sct",
        "version": "2020-09",
        "code": "722596001",
        "display": "Obesity caused by energy imbalance (disorder)"
      },
      {
        "system": "http://snomed.info/sct",
        "version": "2020-09",
        "code": "724137002",
        "display": "Macrocephaly, obesity, mental disability, ocular abnormality syndrome (disorder)"
      },
      {
        "system": "http://snomed.info/sct",
        "version": "2020-09",
        "code": "72894001",
        "display": "Hypertrophy of fat pad of knee (disorder)"
      },
      {
        "system": "http://snomed.info/sct",
        "version": "2020-09",
        "code": "763350002",
        "display": "Intellectual disability, obesity, brain malformation, facial dysmorphism syndrome (disorder)"
      },
      {
        "system": "http://snomed.info/sct",
        "version": "2020-09",
        "code": "770680004",
        "display": "Prader-Willi-like syndrome (disorder)"
      },
      {
        "system": "http://snomed.info/sct",
        "version": "2020-09",
        "code": "770750002",
        "display": "Intellectual disability, seizures, macrocephaly, obesity syndrome (disorder)"
      },
      {
        "system": "http://snomed.info/sct",
        "version": "2020-09",
        "code": "773663004",
        "display": "Rapid-onset childhood obesity, hypothalamic dysfunction, hypoventilation, autonomic dysregulation syndrome (disorder)"
      },
      {
        "system": "http://snomed.info/sct",
        "version": "2020-09",
        "code": "774102003",
        "display": "Intellectual disability, obesity, prognathism, eye and skin anomalies syndrome (disorder)"
      },
      {
        "system": "http://snomed.info/sct",
        "version": "2020-09",
        "code": "776204008",
        "display": "Colobomatous microphthalmia, obesity, hypogenitalism, intellectual disability syndrome (disorder)"
      },
      {
        "system": "http://snomed.info/sct",
        "version": "2020-09",
        "code": "783549006",
        "display": "Obesity due to centrosomal protein 19 deficiency (disorder)"
      },
      {
        "system": "http://snomed.info/sct",
        "version": "2020-09",
        "code": "783556000",
        "display": "Severe early-onset obesity insulin resistance syndrome due to SH2B adaptor protein 1 deficiency (disorder)"
      },
      {
        "system": "http://snomed.info/sct",
        "version": "2020-09",
        "code": "783719006",
        "display": "Obesity due to SIM bHLH transcription factor 1 deficiency (disorder)"
      },
      {
        "system": "http://snomed.info/sct",
        "version": "2020-09",
        "code": "785722006",
        "display": "Obesity due to leptin receptor gene deficiency (disorder)"
      },
      {
        "system": "http://snomed.info/sct",
        "version": "2020-09",
        "code": "788996008",
        "display": "Obesity in adolescence (disorder)"
      },
      {
        "system": "http://snomed.info/sct",
        "version": "2020-09",
        "code": "80660001",
        "display": "Mauriac's syndrome (disorder)"
      },
      {
        "system": "http://snomed.info/sct",
        "version": "2020-09",
        "code": "82793005",
        "display": "Hypothalamic obesity (disorder)"
      },
      {
        "system": "http://snomed.info/sct",
        "version": "2020-09",
        "code": "83911000119104",
        "display": "Severe obesity (disorder)"
      }
    ]
  }
}