<?xml version="1.0" encoding="UTF-8"?>

<ValueSet xmlns="http://hl7.org/fhir">
  <id value="covid-19-condition-risk-steroid-usage-snomed"/>
  <language value="en"/>
  <text>
    <status value="generated"/><div xmlns="http://www.w3.org/1999/xhtml" xml:lang="en" lang="en"><p>This value set contains 2 concepts</p><p>All codes in this table are from the system <a href="http://terminology.hl7.org/3.1.0/CodeSystem-v3-snomed-CT.html"><code>http://snomed.info/sct</code></a></p><table class="codes"><tr><td style="white-space:nowrap"><b>Code</b></td><td><b>Display</b> - English (English, en)</td></tr><tr><td style="white-space:nowrap"><a name="http---snomed.info-sct-95919007"> </a>  <a href="http://snomed.info/id/95919007">95919007</a></td><td>Dependence on corticoids (disorder)</td></tr><tr><td style="white-space:nowrap"><a name="http---snomed.info-sct-103079001"> </a>  <a href="http://snomed.info/id/103079001">103079001</a></td><td>Immunodeficiency caused by corticosteroid (disorder)</td></tr></table></div>
  </text>
  <url value="http://fhir.org/guides/acep/ValueSet/covid-19-condition-risk-steroid-usage-snomed"/>
  <version value="0.1.0"/>
  <name value="COVID19SNOMEDConditionRiskSteroidUsage"/>
  <title value="COVID-19 SNOMED Condition Risk Steroid Usage"/>
  <status value="active"/>
  <date value="2022-03-16T16:50:23+00:00"/>
  <publisher value="Veterans Health Administration (VHA)"/>
  <contact>
    <telecom>
      <system value="url"/>
      <value value="http://hl7.org/Special/committees/[something]"/>
    </telecom>
  </contact>
  <description value="COVID-19 SNOMED Condition Risk Steroid Usage"/>
  <jurisdiction>
    <coding>
      <system value="http://unstats.un.org/unsd/methods/m49/m49.htm"/>
      <code value="001"/>
    </coding>
  </jurisdiction>
  <expansion>
    <contains>
      <system value="http://snomed.info/sct"/>
      <code value="95919007"/>
      <display value="Dependence on corticoids (disorder)"/>
    </contains>
    <contains>
      <system value="http://snomed.info/sct"/>
      <code value="103079001"/>
      <display value="Immunodeficiency caused by corticosteroid (disorder)"/>
    </contains>
  </expansion>
</ValueSet>