{
  "resourceType": "ValueSet",
  "id": "2.16.840.1.113883.3.3616.200.110.102.3091",
  "meta": {
    "versionId": "5",
    "lastUpdated": "2020-08-18T14:21:27.000+00:00"
  },
  "text": {
    "status": "generated",
    "div": "<div xmlns=\"http://www.w3.org/1999/xhtml\"><h3>Value Set Contents</h3><p>This value set contains 25 concepts</p><p>All codes from system <code>http://hl7.org/fhir/sid/icd-10-cm</code></p><table class=\"codes\"><tr><td><b>Code</b></td><td><b>Display</b></td></tr><tr><td><a name=\"http---hl7.org-fhir-sid-icd-10-cm-E66.0\"> </a>E66.0</td><td>Obesity due to excess calories</td></tr><tr><td><a name=\"http---hl7.org-fhir-sid-icd-10-cm-E66.01\"> </a>E66.01</td><td>Morbid (severe) obesity due to excess calories</td></tr><tr><td><a name=\"http---hl7.org-fhir-sid-icd-10-cm-E66.09\"> </a>E66.09</td><td>Other obesity due to excess calories</td></tr><tr><td><a name=\"http---hl7.org-fhir-sid-icd-10-cm-E66.1\"> </a>E66.1</td><td>Drug-induced obesity</td></tr><tr><td><a name=\"http---hl7.org-fhir-sid-icd-10-cm-E66.2\"> </a>E66.2</td><td>Morbid (severe) obesity with alveolar hypoventilation</td></tr><tr><td><a name=\"http---hl7.org-fhir-sid-icd-10-cm-E66.8\"> </a>E66.8</td><td>Other obesity</td></tr><tr><td><a name=\"http---hl7.org-fhir-sid-icd-10-cm-E66.9\"> </a>E66.9</td><td>Obesity, unspecified</td></tr><tr><td><a name=\"http---hl7.org-fhir-sid-icd-10-cm-Z68.3\"> </a>Z68.3</td><td>Body mass index [BMI] 30-39, adult</td></tr><tr><td><a name=\"http---hl7.org-fhir-sid-icd-10-cm-Z68.30\"> </a>Z68.30</td><td>Body mass index [BMI]30.0-30.9, adult</td></tr><tr><td><a name=\"http---hl7.org-fhir-sid-icd-10-cm-Z68.31\"> </a>Z68.31</td><td>Body mass index [BMI] 31.0-31.9, adult</td></tr><tr><td><a name=\"http---hl7.org-fhir-sid-icd-10-cm-Z68.32\"> </a>Z68.32</td><td>Body mass index [BMI] 32.0-32.9, adult</td></tr><tr><td><a name=\"http---hl7.org-fhir-sid-icd-10-cm-Z68.33\"> </a>Z68.33</td><td>Body mass index [BMI] 33.0-33.9, adult</td></tr><tr><td><a name=\"http---hl7.org-fhir-sid-icd-10-cm-Z68.34\"> </a>Z68.34</td><td>Body mass index [BMI] 34.0-34.9, adult</td></tr><tr><td><a name=\"http---hl7.org-fhir-sid-icd-10-cm-Z68.35\"> </a>Z68.35</td><td>Body mass index [BMI] 35.0-35.9, adult</td></tr><tr><td><a name=\"http---hl7.org-fhir-sid-icd-10-cm-Z68.36\"> </a>Z68.36</td><td>Body mass index [BMI] 36.0-36.9, adult</td></tr><tr><td><a name=\"http---hl7.org-fhir-sid-icd-10-cm-Z68.37\"> </a>Z68.37</td><td>Body mass index [BMI] 37.0-37.9, adult</td></tr><tr><td><a name=\"http---hl7.org-fhir-sid-icd-10-cm-Z68.38\"> </a>Z68.38</td><td>Body mass index [BMI] 38.0-38.9, adult</td></tr><tr><td><a name=\"http---hl7.org-fhir-sid-icd-10-cm-Z68.39\"> </a>Z68.39</td><td>Body mass index [BMI] 39.0-39.9, adult</td></tr><tr><td><a name=\"http---hl7.org-fhir-sid-icd-10-cm-Z68.4\"> </a>Z68.4</td><td>Body mass index [BMI] 40 or greater, adult</td></tr><tr><td><a name=\"http---hl7.org-fhir-sid-icd-10-cm-Z68.41\"> </a>Z68.41</td><td>Body mass index [BMI]40.0-44.9, adult</td></tr><tr><td><a name=\"http---hl7.org-fhir-sid-icd-10-cm-Z68.42\"> </a>Z68.42</td><td>Body mass index [BMI] 45.0-49.9, adult</td></tr><tr><td><a name=\"http---hl7.org-fhir-sid-icd-10-cm-Z68.43\"> </a>Z68.43</td><td>Body mass index [BMI] 50.0-59.9, adult</td></tr><tr><td><a name=\"http---hl7.org-fhir-sid-icd-10-cm-Z68.44\"> </a>Z68.44</td><td>Body mass index [BMI] 60.0-69.9, adult</td></tr><tr><td><a name=\"http---hl7.org-fhir-sid-icd-10-cm-Z68.45\"> </a>Z68.45</td><td>Body mass index [BMI] 70 or greater, adult</td></tr><tr><td><a name=\"http---hl7.org-fhir-sid-icd-10-cm-Z68.54\"> </a>Z68.54</td><td>Body mass index [BMI] pediatric, greater than or equal to 95th percentile for age</td></tr></table></div>"
  },
  "url": "http://cts.nlm.nih.gov/fhir/ValueSet/2.16.840.1.113883.3.3616.200.110.102.3091",
  "version": "0.1.0",
  "name": "COVID19ICD10CMValueSetForObesity",
  "title": "COVID19 ICD10CM Value Set for Obesity",
  "status": "active",
  "date": "2020-07-17T01:00:30-04:00",
  "publisher": "Veterans Health Administration (VHA)",
  "contact": [
    {
      "telecom": [
        {
          "system": "url",
          "value": "http://hl7.org/Special/committees/[something]"
        }
      ]
    }
  ],
  "description": "This set of values contains terms related to obesity.",
  "jurisdiction": [
    {
      "coding": [
        {
          "system": "http://unstats.un.org/unsd/methods/m49/m49.htm",
          "code": "001"
        }
      ]
    }
  ],
  "expansion": {
    "identifier": "urn:uuid:5bd11ee2-a13d-4399-84d6-09728fcfdd95",
    "timestamp": "2021-02-22T19:24:35-05:00",
    "total": 25,
    "offset": 0,
    "parameter": [
      {
        "name": "count",
        "valueInteger": 1000
      },
      {
        "name": "offset",
        "valueInteger": 0
      }
    ],
    "contains": [
      {
        "system": "http://hl7.org/fhir/sid/icd-10-cm",
        "version": "2021",
        "code": "E66.0",
        "display": "Obesity due to excess calories"
      },
      {
        "system": "http://hl7.org/fhir/sid/icd-10-cm",
        "version": "2021",
        "code": "E66.01",
        "display": "Morbid (severe) obesity due to excess calories"
      },
      {
        "system": "http://hl7.org/fhir/sid/icd-10-cm",
        "version": "2021",
        "code": "E66.09",
        "display": "Other obesity due to excess calories"
      },
      {
        "system": "http://hl7.org/fhir/sid/icd-10-cm",
        "version": "2021",
        "code": "E66.1",
        "display": "Drug-induced obesity"
      },
      {
        "system": "http://hl7.org/fhir/sid/icd-10-cm",
        "version": "2021",
        "code": "E66.2",
        "display": "Morbid (severe) obesity with alveolar hypoventilation"
      },
      {
        "system": "http://hl7.org/fhir/sid/icd-10-cm",
        "version": "2021",
        "code": "E66.8",
        "display": "Other obesity"
      },
      {
        "system": "http://hl7.org/fhir/sid/icd-10-cm",
        "version": "2021",
        "code": "E66.9",
        "display": "Obesity, unspecified"
      },
      {
        "system": "http://hl7.org/fhir/sid/icd-10-cm",
        "version": "2021",
        "code": "Z68.3",
        "display": "Body mass index [BMI] 30-39, adult"
      },
      {
        "system": "http://hl7.org/fhir/sid/icd-10-cm",
        "version": "2021",
        "code": "Z68.30",
        "display": "Body mass index [BMI]30.0-30.9, adult"
      },
      {
        "system": "http://hl7.org/fhir/sid/icd-10-cm",
        "version": "2021",
        "code": "Z68.31",
        "display": "Body mass index [BMI] 31.0-31.9, adult"
      },
      {
        "system": "http://hl7.org/fhir/sid/icd-10-cm",
        "version": "2021",
        "code": "Z68.32",
        "display": "Body mass index [BMI] 32.0-32.9, adult"
      },
      {
        "system": "http://hl7.org/fhir/sid/icd-10-cm",
        "version": "2021",
        "code": "Z68.33",
        "display": "Body mass index [BMI] 33.0-33.9, adult"
      },
      {
        "system": "http://hl7.org/fhir/sid/icd-10-cm",
        "version": "2021",
        "code": "Z68.34",
        "display": "Body mass index [BMI] 34.0-34.9, adult"
      },
      {
        "system": "http://hl7.org/fhir/sid/icd-10-cm",
        "version": "2021",
        "code": "Z68.35",
        "display": "Body mass index [BMI] 35.0-35.9, adult"
      },
      {
        "system": "http://hl7.org/fhir/sid/icd-10-cm",
        "version": "2021",
        "code": "Z68.36",
        "display": "Body mass index [BMI] 36.0-36.9, adult"
      },
      {
        "system": "http://hl7.org/fhir/sid/icd-10-cm",
        "version": "2021",
        "code": "Z68.37",
        "display": "Body mass index [BMI] 37.0-37.9, adult"
      },
      {
        "system": "http://hl7.org/fhir/sid/icd-10-cm",
        "version": "2021",
        "code": "Z68.38",
        "display": "Body mass index [BMI] 38.0-38.9, adult"
      },
      {
        "system": "http://hl7.org/fhir/sid/icd-10-cm",
        "version": "2021",
        "code": "Z68.39",
        "display": "Body mass index [BMI] 39.0-39.9, adult"
      },
      {
        "system": "http://hl7.org/fhir/sid/icd-10-cm",
        "version": "2021",
        "code": "Z68.4",
        "display": "Body mass index [BMI] 40 or greater, adult"
      },
      {
        "system": "http://hl7.org/fhir/sid/icd-10-cm",
        "version": "2021",
        "code": "Z68.41",
        "display": "Body mass index [BMI]40.0-44.9, adult"
      },
      {
        "system": "http://hl7.org/fhir/sid/icd-10-cm",
        "version": "2021",
        "code": "Z68.42",
        "display": "Body mass index [BMI] 45.0-49.9, adult"
      },
      {
        "system": "http://hl7.org/fhir/sid/icd-10-cm",
        "version": "2021",
        "code": "Z68.43",
        "display": "Body mass index [BMI] 50.0-59.9, adult"
      },
      {
        "system": "http://hl7.org/fhir/sid/icd-10-cm",
        "version": "2021",
        "code": "Z68.44",
        "display": "Body mass index [BMI] 60.0-69.9, adult"
      },
      {
        "system": "http://hl7.org/fhir/sid/icd-10-cm",
        "version": "2021",
        "code": "Z68.45",
        "display": "Body mass index [BMI] 70 or greater, adult"
      },
      {
        "system": "http://hl7.org/fhir/sid/icd-10-cm",
        "version": "2021",
        "code": "Z68.54",
        "display": "Body mass index [BMI] pediatric, greater than or equal to 95th percentile for age"
      }
    ]
  }
}