<?xml version="1.0" encoding="UTF-8"?>

<ValueSet xmlns="http://hl7.org/fhir">
  <id value="covid-19-lab-troponin"/>
  <meta>
    <profile value="http://hl7.org/fhir/uv/cpg/StructureDefinition/cpg-executablevalueset"/>
  </meta>
  <language value="en"/>
  <text>
    <status value="generated"/><div xmlns="http://www.w3.org/1999/xhtml" xml:lang="en" lang="en"><p>This value set contains 7 concepts</p><p>All codes from system <a href="http://terminology.hl7.org/2.1.0/CodeSystem-v3-loinc.html"><code>http://loinc.org</code></a></p><table class="codes"><tr><td style="white-space:nowrap"><b>Code</b></td><td><b>Display</b></td><td><b>Definition</b></td></tr><tr><td style="white-space:nowrap"><a name="http---loinc.org-16255-2"> </a><a href="http://details.loinc.org/LOINC/16255-2.html">16255-2</a></td><td/><td/></tr><tr><td style="white-space:nowrap"><a name="http---loinc.org-10839-9"> </a><a href="http://details.loinc.org/LOINC/10839-9.html">10839-9</a></td><td/><td/></tr><tr><td style="white-space:nowrap"><a name="http---loinc.org-49563-0"> </a><a href="http://details.loinc.org/LOINC/49563-0.html">49563-0</a></td><td/><td/></tr><tr><td style="white-space:nowrap"><a name="http---loinc.org-89579-7"> </a><a href="http://details.loinc.org/LOINC/89579-7.html">89579-7</a></td><td/><td/></tr><tr><td style="white-space:nowrap"><a name="http---loinc.org-89575-5"> </a><a href="http://details.loinc.org/LOINC/89575-5.html">89575-5</a></td><td/><td/></tr><tr><td style="white-space:nowrap"><a name="http---loinc.org-6598-7"> </a><a href="http://details.loinc.org/LOINC/6598-7.html">6598-7</a></td><td/><td/></tr><tr><td style="white-space:nowrap"><a name="http---loinc.org-67151-1"> </a><a href="http://details.loinc.org/LOINC/67151-1.html">67151-1</a></td><td/><td/></tr></table></div>
  </text>
  <extension url="http://hl7.org/fhir/uv/cpg/StructureDefinition/cpg-knowledgeCapability">
    <valueCode value="executable"/>
  </extension>
  <extension url="http://hl7.org/fhir/uv/cpg/StructureDefinition/cpg-knowledgeRepresentationLevel">
    <valueCode value="executable"/>
  </extension>
  <url value="http://fhir.org/guides/acep/ValueSet/covid-19-lab-troponin"/>
  <version value="0.1.0"/>
  <name value="COVID19LabTroponin"/>
  <title value="COVID-19 Laboratory Value Set for Troponin"/>
  <status value="active"/>
  <date value="2021-02-26T20:00:00+00:00"/>
  <publisher value="Veterans Health Administration (VHA)"/>
  <contact>
    <telecom>
      <system value="url"/>
      <value value="http://hl7.org/Special/committees/[something]"/>
    </telecom>
  </contact>
  <description value="COVID-19 Laboratory Value Set for Troponin"/>
  <jurisdiction>
    <coding>
      <system value="http://unstats.un.org/unsd/methods/m49/m49.htm"/>
      <code value="001"/>
    </coding>
  </jurisdiction>
  <compose>
    <include>
      <system value="http://loinc.org"/>
      <concept>
        <code value="16255-2"/>
      </concept>
      <concept>
        <code value="10839-9"/>
      </concept>
      <concept>
        <code value="49563-0"/>
      </concept>
      <concept>
        <code value="89579-7"/>
      </concept>
      <concept>
        <code value="89575-5"/>
      </concept>
      <concept>
        <code value="6598-7"/>
      </concept>
      <concept>
        <code value="67151-1"/>
      </concept>
    </include>
  </compose>
  <expansion>
    <timestamp value="2021-03-05T17:10:31-07:00"/>
    <contains>
      <system value="http://loinc.org"/>
      <code value="16255-2"/>
    </contains>
    <contains>
      <system value="http://loinc.org"/>
      <code value="10839-9"/>
    </contains>
    <contains>
      <system value="http://loinc.org"/>
      <code value="49563-0"/>
    </contains>
    <contains>
      <system value="http://loinc.org"/>
      <code value="89579-7"/>
    </contains>
    <contains>
      <system value="http://loinc.org"/>
      <code value="89575-5"/>
    </contains>
    <contains>
      <system value="http://loinc.org"/>
      <code value="6598-7"/>
    </contains>
    <contains>
      <system value="http://loinc.org"/>
      <code value="67151-1"/>
    </contains>
  </expansion>
</ValueSet>