<?xml version="1.0" encoding="UTF-8"?>

<ValueSet xmlns="http://hl7.org/fhir">
  <id value="covid-19-condition-risk-steroid-usage-icd10"/>
  <language value="en"/>
  <text>
    <status value="generated"/><div xmlns="http://www.w3.org/1999/xhtml" xml:lang="en" lang="en"><p>This value set contains 19 concepts</p><p>All codes in this table are from the system <a href="http://terminology.hl7.org/3.0.0/CodeSystem-icd10CM.html"><code>http://hl7.org/fhir/sid/icd-10-cm</code></a></p><table class="codes"><tr><td style="white-space:nowrap"><b>Code</b></td><td><b>Display</b> - English (English, en)</td></tr><tr><td style="white-space:nowrap"><a name="http---hl7.org-fhir-sid-icd-10-cm-T38.0X5A"> </a>T38.0X5A</td><td>Adverse effect of glucocorticoids and synthetic analogues, initial encounter</td></tr><tr><td style="white-space:nowrap"><a name="http---hl7.org-fhir-sid-icd-10-cm-T38.0X5S"> </a>T38.0X5S</td><td>Adverse effect of glucocorticoids and synthetic analogues, sequela</td></tr><tr><td style="white-space:nowrap"><a name="http---hl7.org-fhir-sid-icd-10-cm-T38.0X5D"> </a>T38.0X5D</td><td>Adverse effect of glucocorticoids and synthetic analogues, subsequent encounter</td></tr><tr><td style="white-space:nowrap"><a name="http---hl7.org-fhir-sid-icd-10-cm-Z79.52"> </a>Z79.52</td><td>Long term (current) use of systemic steroids</td></tr><tr><td style="white-space:nowrap"><a name="http---hl7.org-fhir-sid-icd-10-cm-T38.0X1A"> </a>T38.0X1A</td><td>Poisoning by glucocorticoids and synthetic analogues, accidental (unintentional), initial encounter</td></tr><tr><td style="white-space:nowrap"><a name="http---hl7.org-fhir-sid-icd-10-cm-T38.0X1S"> </a>T38.0X1S</td><td>Poisoning by glucocorticoids and synthetic analogues, accidental (unintentional), initial encounter</td></tr><tr><td style="white-space:nowrap"><a name="http---hl7.org-fhir-sid-icd-10-cm-T38.0X1D"> </a>T38.0X1D</td><td>Poisoning by glucocorticoids and synthetic analogues, accidental (unintentional), subsequent encounter</td></tr><tr><td style="white-space:nowrap"><a name="http---hl7.org-fhir-sid-icd-10-cm-T38.0X3A"> </a>T38.0X3A</td><td>Poisoning by glucocorticoids and synthetic analogues, assault, initial encounter</td></tr><tr><td style="white-space:nowrap"><a name="http---hl7.org-fhir-sid-icd-10-cm-T38.0X3S"> </a>T38.0X3S</td><td>Poisoning by glucocorticoids and synthetic analogues, assault, sequela</td></tr><tr><td style="white-space:nowrap"><a name="http---hl7.org-fhir-sid-icd-10-cm-T38.0X3D"> </a>T38.0X3D</td><td>Poisoning by glucocorticoids and synthetic analogues, assault, subsequent encounter</td></tr><tr><td style="white-space:nowrap"><a name="http---hl7.org-fhir-sid-icd-10-cm-T38.0X2A"> </a>T38.0X2A</td><td>Poisoning by glucocorticoids and synthetic analogues, intentional self-harm, initial encounter</td></tr><tr><td style="white-space:nowrap"><a name="http---hl7.org-fhir-sid-icd-10-cm-T38.0X2S"> </a>T38.0X2S</td><td>Poisoning by glucocorticoids and synthetic analogues, intentional self-harm, sequela</td></tr><tr><td style="white-space:nowrap"><a name="http---hl7.org-fhir-sid-icd-10-cm-T38.0X2D"> </a>T38.0X2D</td><td>Poisoning by glucocorticoids and synthetic analogues, intentional self-harm, subsequent encounter</td></tr><tr><td style="white-space:nowrap"><a name="http---hl7.org-fhir-sid-icd-10-cm-T38.0X6D"> </a>T38.0X6D</td><td>Underdosing of glucocorticoids and synthetic analogues, subsequent encounter</td></tr><tr><td style="white-space:nowrap"><a name="http---hl7.org-fhir-sid-icd-10-cm-T38.0X6S"> </a>T38.0X6S</td><td>Underdosing of glucocorticoids and synthetic analogues, sequela</td></tr><tr><td style="white-space:nowrap"><a name="http---hl7.org-fhir-sid-icd-10-cm-T38.0X6A"> </a>T38.0X6A</td><td>Underdosing of glucocorticoids and synthetic analogues, initial encounter</td></tr><tr><td style="white-space:nowrap"><a name="http---hl7.org-fhir-sid-icd-10-cm-T38.0X4D"> </a>T38.0X4D</td><td>Poisoning by glucocorticoids and synthetic analogues, undetermined, subsequent encounter</td></tr><tr><td style="white-space:nowrap"><a name="http---hl7.org-fhir-sid-icd-10-cm-T38.0X4S"> </a>T38.0X4S</td><td>Poisoning by glucocorticoids and synthetic analogues, undetermined, sequela</td></tr><tr><td style="white-space:nowrap"><a name="http---hl7.org-fhir-sid-icd-10-cm-T38.0X4A"> </a>T38.0X4A</td><td>Poisoning by glucocorticoids and synthetic analogues, undetermined, initial encounter</td></tr></table></div>
  </text>
  <url value="http://fhir.org/guides/acep/ValueSet/covid-19-condition-risk-steroid-usage-icd10"/>
  <version value="0.1.0"/>
  <name value="COVID19ICD10ConditionRiskSteroidUsage"/>
  <title value="COVID-19 ICD10 Condition Risk Steroid Usage"/>
  <status value="active"/>
  <date value="2022-02-16T22:34:03+00:00"/>
  <publisher value="Veterans Health Administration (VHA)"/>
  <contact>
    <telecom>
      <system value="url"/>
      <value value="http://hl7.org/Special/committees/[something]"/>
    </telecom>
  </contact>
  <description value="COVID-19 ICD10 Condition Risk Steroid Usage"/>
  <jurisdiction>
    <coding>
      <system value="http://unstats.un.org/unsd/methods/m49/m49.htm"/>
      <code value="001"/>
    </coding>
  </jurisdiction>
  <expansion>
    <contains>
      <system value="http://hl7.org/fhir/sid/icd-10-cm"/>
      <code value="T38.0X5A"/>
      <display value="Adverse effect of glucocorticoids and synthetic analogues, initial encounter"/>
    </contains>
    <contains>
      <system value="http://hl7.org/fhir/sid/icd-10-cm"/>
      <code value="T38.0X5S"/>
      <display value="Adverse effect of glucocorticoids and synthetic analogues, sequela"/>
    </contains>
    <contains>
      <system value="http://hl7.org/fhir/sid/icd-10-cm"/>
      <code value="T38.0X5D"/>
      <display value="Adverse effect of glucocorticoids and synthetic analogues, subsequent encounter"/>
    </contains>
    <contains>
      <system value="http://hl7.org/fhir/sid/icd-10-cm"/>
      <code value="Z79.52"/>
      <display value="Long term (current) use of systemic steroids"/>
    </contains>
    <contains>
      <system value="http://hl7.org/fhir/sid/icd-10-cm"/>
      <code value="T38.0X1A"/>
      <display value="Poisoning by glucocorticoids and synthetic analogues, accidental (unintentional), initial encounter"/>
    </contains>
    <contains>
      <system value="http://hl7.org/fhir/sid/icd-10-cm"/>
      <code value="T38.0X1S"/>
      <display value="Poisoning by glucocorticoids and synthetic analogues, accidental (unintentional), initial encounter"/>
    </contains>
    <contains>
      <system value="http://hl7.org/fhir/sid/icd-10-cm"/>
      <code value="T38.0X1D"/>
      <display value="Poisoning by glucocorticoids and synthetic analogues, accidental (unintentional), subsequent encounter"/>
    </contains>
    <contains>
      <system value="http://hl7.org/fhir/sid/icd-10-cm"/>
      <code value="T38.0X3A"/>
      <display value="Poisoning by glucocorticoids and synthetic analogues, assault, initial encounter"/>
    </contains>
    <contains>
      <system value="http://hl7.org/fhir/sid/icd-10-cm"/>
      <code value="T38.0X3S"/>
      <display value="Poisoning by glucocorticoids and synthetic analogues, assault, sequela"/>
    </contains>
    <contains>
      <system value="http://hl7.org/fhir/sid/icd-10-cm"/>
      <code value="T38.0X3D"/>
      <display value="Poisoning by glucocorticoids and synthetic analogues, assault, subsequent encounter"/>
    </contains>
    <contains>
      <system value="http://hl7.org/fhir/sid/icd-10-cm"/>
      <code value="T38.0X2A"/>
      <display value="Poisoning by glucocorticoids and synthetic analogues, intentional self-harm, initial encounter"/>
    </contains>
    <contains>
      <system value="http://hl7.org/fhir/sid/icd-10-cm"/>
      <code value="T38.0X2S"/>
      <display value="Poisoning by glucocorticoids and synthetic analogues, intentional self-harm, sequela"/>
    </contains>
    <contains>
      <system value="http://hl7.org/fhir/sid/icd-10-cm"/>
      <code value="T38.0X2D"/>
      <display value="Poisoning by glucocorticoids and synthetic analogues, intentional self-harm, subsequent encounter"/>
    </contains>
    <contains>
      <system value="http://hl7.org/fhir/sid/icd-10-cm"/>
      <code value="T38.0X6D"/>
      <display value="Underdosing of glucocorticoids and synthetic analogues, subsequent encounter"/>
    </contains>
    <contains>
      <system value="http://hl7.org/fhir/sid/icd-10-cm"/>
      <code value="T38.0X6S"/>
      <display value="Underdosing of glucocorticoids and synthetic analogues, sequela"/>
    </contains>
    <contains>
      <system value="http://hl7.org/fhir/sid/icd-10-cm"/>
      <code value="T38.0X6A"/>
      <display value="Underdosing of glucocorticoids and synthetic analogues, initial encounter"/>
    </contains>
    <contains>
      <system value="http://hl7.org/fhir/sid/icd-10-cm"/>
      <code value="T38.0X4D"/>
      <display value="Poisoning by glucocorticoids and synthetic analogues, undetermined, subsequent encounter"/>
    </contains>
    <contains>
      <system value="http://hl7.org/fhir/sid/icd-10-cm"/>
      <code value="T38.0X4S"/>
      <display value="Poisoning by glucocorticoids and synthetic analogues, undetermined, sequela"/>
    </contains>
    <contains>
      <system value="http://hl7.org/fhir/sid/icd-10-cm"/>
      <code value="T38.0X4A"/>
      <display value="Poisoning by glucocorticoids and synthetic analogues, undetermined, initial encounter"/>
    </contains>
  </expansion>
</ValueSet>