<?xml version="1.0" encoding="UTF-8"?>

<ValueSet xmlns="http://hl7.org/fhir">
  <id value="covid-19-condition-risk-immunosuppression-icd10"/>
  <language value="en"/>
  <text>
    <status value="generated"/><div xmlns="http://www.w3.org/1999/xhtml" xml:lang="en" lang="en"><p>This value set contains 2 concepts</p><p>All codes from system <a href="http://terminology.hl7.org/2.1.0/CodeSystem-icd10CM.html"><code>http://hl7.org/fhir/sid/icd-10-cm</code></a></p><table class="codes"><tr><td style="white-space:nowrap"><b>Code</b></td><td><b>Display</b></td><td><b>Definition</b></td></tr><tr><td style="white-space:nowrap"><a name="http---hl7.org-fhir-sid-icd-10-cm-Q89.01"> </a>Q89.01</td><td>Asplenia (congenital)</td><td/></tr><tr><td style="white-space:nowrap"><a name="http---hl7.org-fhir-sid-icd-10-cm-Z90.81"> </a>Z90.81</td><td>Acquired absence of spleen</td><td/></tr></table></div>
  </text>
  <url value="http://fhir.org/guides/acep/ValueSet/covid-19-condition-risk-immunosuppression-icd10"/>
  <version value="0.1.0"/>
  <name value="COVID19ICD10ConditionRiskImmunosuppression"/>
  <title value="COVID-19 ICD10 Condition Risk Immunosuppression"/>
  <status value="active"/>
  <date value="2021-08-24T21:18:53+00:00"/>
  <publisher value="Veterans Health Administration (VHA)"/>
  <contact>
    <telecom>
      <system value="url"/>
      <value value="http://hl7.org/Special/committees/[something]"/>
    </telecom>
  </contact>
  <description value="COVID-19 ICD10 Condition Risk Immunosuppression"/>
  <jurisdiction>
    <coding>
      <system value="http://unstats.un.org/unsd/methods/m49/m49.htm"/>
      <code value="001"/>
    </coding>
  </jurisdiction>
  <expansion>
    <contains>
      <system value="http://hl7.org/fhir/sid/icd-10-cm"/>
      <code value="Q89.01"/>
      <display value="Asplenia (congenital)"/>
    </contains>
    <contains>
      <system value="http://hl7.org/fhir/sid/icd-10-cm"/>
      <code value="Z90.81"/>
      <display value="Acquired absence of spleen"/>
    </contains>
  </expansion>
</ValueSet>