<?xml version="1.0" encoding="UTF-8"?>

<ValueSet xmlns="http://hl7.org/fhir">
  <id value="covid-19-lab-ast"/>
  <meta>
    <profile value="http://hl7.org/fhir/uv/cpg/StructureDefinition/cpg-executablevalueset"/>
  </meta>
  <language value="en"/>
  <text>
    <status value="generated"/><div xmlns="http://www.w3.org/1999/xhtml" xml:lang="en" lang="en"><p>This value set contains 4 concepts</p><p>All codes from system <a href="http://terminology.hl7.org/2.1.0/CodeSystem-v3-loinc.html"><code>http://loinc.org</code></a></p><table class="codes"><tr><td style="white-space:nowrap"><b>Code</b></td><td><b>Display</b></td><td><b>Definition</b></td></tr><tr><td style="white-space:nowrap"><a name="http---loinc.org-1920-8"> </a><a href="http://details.loinc.org/LOINC/1920-8.html">1920-8</a></td><td/><td/></tr><tr><td style="white-space:nowrap"><a name="http---loinc.org-88112-8"> </a><a href="http://details.loinc.org/LOINC/88112-8.html">88112-8</a></td><td/><td/></tr><tr><td style="white-space:nowrap"><a name="http---loinc.org-30239-8"> </a><a href="http://details.loinc.org/LOINC/30239-8.html">30239-8</a></td><td/><td/></tr><tr><td style="white-space:nowrap"><a name="http---loinc.org-44786-2"> </a><a href="http://details.loinc.org/LOINC/44786-2.html">44786-2</a></td><td/><td/></tr></table></div>
  </text>
  <extension url="http://hl7.org/fhir/uv/cpg/StructureDefinition/cpg-knowledgeCapability">
    <valueCode value="executable"/>
  </extension>
  <extension url="http://hl7.org/fhir/uv/cpg/StructureDefinition/cpg-knowledgeRepresentationLevel">
    <valueCode value="executable"/>
  </extension>
  <url value="http://fhir.org/guides/acep/ValueSet/covid-19-lab-ast"/>
  <version value="0.1.0"/>
  <name value="COVID19LabAST"/>
  <title value="COVID-19 Laboratory Value Set for AST"/>
  <status value="active"/>
  <date value="2021-02-26T20:00:00+00:00"/>
  <publisher value="Veterans Health Administration (VHA)"/>
  <contact>
    <telecom>
      <system value="url"/>
      <value value="http://hl7.org/Special/committees/[something]"/>
    </telecom>
  </contact>
  <description value="COVID-19 Laboratory Value Set for AST"/>
  <jurisdiction>
    <coding>
      <system value="http://unstats.un.org/unsd/methods/m49/m49.htm"/>
      <code value="001"/>
    </coding>
  </jurisdiction>
  <compose>
    <include>
      <system value="http://loinc.org"/>
      <concept>
        <code value="1920-8"/>
      </concept>
      <concept>
        <code value="88112-8"/>
      </concept>
      <concept>
        <code value="30239-8"/>
      </concept>
      <concept>
        <code value="44786-2"/>
      </concept>
    </include>
  </compose>
  <expansion>
    <timestamp value="2021-03-14T21:43:10-06:00"/>
    <contains>
      <system value="http://loinc.org"/>
      <code value="1920-8"/>
    </contains>
    <contains>
      <system value="http://loinc.org"/>
      <code value="88112-8"/>
    </contains>
    <contains>
      <system value="http://loinc.org"/>
      <code value="30239-8"/>
    </contains>
    <contains>
      <system value="http://loinc.org"/>
      <code value="44786-2"/>
    </contains>
  </expansion>
</ValueSet>