<?xml version="1.0" encoding="UTF-8"?>

<ValueSet xmlns="http://hl7.org/fhir">
  <id value="covid-19-obs-alertness"/>
  <meta>
    <profile value="http://hl7.org/fhir/uv/cpg/StructureDefinition/cpg-executablevalueset"/>
  </meta>
  <language value="en"/>
  <text>
    <status value="generated"/><div xmlns="http://www.w3.org/1999/xhtml" xml:lang="en" lang="en"><p>This value set contains 2 concepts</p><p>All codes in this table are from the system <a href="http://terminology.hl7.org/2.1.0/CodeSystem-v3-snomed-CT.html"><code>http://snomed.info/sct</code></a></p><table class="codes"><tr><td style="white-space:nowrap"><b>Code</b></td><td><b>Display</b></td><td><b>Definition</b></td></tr><tr><td style="white-space:nowrap"><a name="http---snomed.info-sct-248234008"> </a><a href="http://snomed.info/id/248234008">248234008</a></td><td>Mentally alert (finding)</td><td/></tr><tr><td style="white-space:nowrap"><a name="http---snomed.info-sct-130987000"> </a><a href="http://snomed.info/id/130987000">130987000</a></td><td>Acute confusion (finding)</td><td/></tr></table></div>
  </text>
  <extension url="http://hl7.org/fhir/uv/cpg/StructureDefinition/cpg-knowledgeCapability">
    <valueCode value="executable"/>
  </extension>
  <extension url="http://hl7.org/fhir/uv/cpg/StructureDefinition/cpg-knowledgeRepresentationLevel">
    <valueCode value="executable"/>
  </extension>
  <url value="http://fhir.org/guides/acep/ValueSet/covid-19-obs-alertness"/>
  <version value="0.1.0"/>
  <name value="COVID19ObservationAlertness"/>
  <title value="COVID-19 Clinical Observation for Alertness"/>
  <status value="active"/>
  <date value="2021-03-14T20:00:00+00:00"/>
  <publisher value="Veterans Health Administration (VHA)"/>
  <contact>
    <telecom>
      <system value="url"/>
      <value value="http://hl7.org/Special/committees/[something]"/>
    </telecom>
  </contact>
  <description value="COVID-19 Clinical Observation for Alertness"/>
  <jurisdiction>
    <coding>
      <system value="http://unstats.un.org/unsd/methods/m49/m49.htm"/>
      <code value="001"/>
    </coding>
  </jurisdiction>
  <expansion>
    <contains>
      <system value="http://snomed.info/sct"/>
      <code value="248234008"/>
      <display value="Mentally alert (finding)"/>
    </contains>
    <contains>
      <system value="http://snomed.info/sct"/>
      <code value="130987000"/>
      <display value="Acute confusion (finding)"/>
    </contains>
  </expansion>
</ValueSet>