<?xml version="1.0" encoding="UTF-8"?>

<ValueSet xmlns="http://hl7.org/fhir">
  <id value="covid-19-condition-risk-downs-syndrome"/>
  <language value="en"/>
  <text>
    <status value="generated"/><div xmlns="http://www.w3.org/1999/xhtml" xml:lang="en" lang="en"><p>This value set contains 8 concepts</p><p style="border: black 1px dotted; background-color: #EEEEEE; padding: 8px; margin-bottom: 8px">Expansion based on SNOMED CT Australian edition 04-Feb 2021</p><p>All codes from system <a href="http://terminology.hl7.org/2.1.0/CodeSystem-v3-snomed-CT.html"><code>http://snomed.info/sct</code></a></p><table class="codes"><tr><td style="white-space:nowrap"><b>Code</b></td><td><b>Display</b></td><td><b>Definition</b></td></tr><tr><td style="white-space:nowrap"><a name="http---snomed.info-sct-709469005"> </a><a href="http://browser.ihtsdotools.org/?perspective=full&amp;conceptId1=709469005">709469005</a></td><td>Periodontitis co-occurrent with Down syndrome</td><td/></tr><tr><td style="white-space:nowrap"><a name="http---snomed.info-sct-840505007"> </a><a href="http://browser.ihtsdotools.org/?perspective=full&amp;conceptId1=840505007">840505007</a></td><td>Down syndrome co-occurrent with leukaemoid reaction associated transient neonatal pustulosis</td><td/></tr><tr><td style="white-space:nowrap"><a name="http---snomed.info-sct-724644005"> </a><a href="http://browser.ihtsdotools.org/?perspective=full&amp;conceptId1=724644005">724644005</a></td><td>Myeloid leukaemia co-occurrent with Down syndrome</td><td/></tr><tr><td style="white-space:nowrap"><a name="http---snomed.info-sct-724643004"> </a><a href="http://browser.ihtsdotools.org/?perspective=full&amp;conceptId1=724643004">724643004</a></td><td>Transient abnormal myelopoiesis co-occurrent with Down syndrome</td><td/></tr><tr><td style="white-space:nowrap"><a name="http---snomed.info-sct-205615000"> </a><a href="http://browser.ihtsdotools.org/?perspective=full&amp;conceptId1=205615000">205615000</a></td><td>Trisomy 21- meiotic nondisjunction</td><td/></tr><tr><td style="white-space:nowrap"><a name="http---snomed.info-sct-733194007"> </a><a href="http://browser.ihtsdotools.org/?perspective=full&amp;conceptId1=733194007">733194007</a></td><td>Dementia co-occurrent and due to Down syndrome</td><td/></tr><tr><td style="white-space:nowrap"><a name="http---snomed.info-sct-125501000119105"> </a><a href="http://browser.ihtsdotools.org/?perspective=full&amp;conceptId1=125501000119105">125501000119105</a></td><td>Fetal trisomy 21, Down syndrome</td><td/></tr><tr><td style="white-space:nowrap"><a name="http---snomed.info-sct-41040004"> </a><a href="http://browser.ihtsdotools.org/?perspective=full&amp;conceptId1=41040004">41040004</a></td><td>Complete trisomy 21 syndrome</td><td/></tr></table></div>
  </text>
  <url value="http://fhir.org/guides/acep/ValueSet/covid-19-condition-risk-downs-syndrome"/>
  <version value="0.1.0"/>
  <name value="COVID19RiskFactorDownsSyndrome"/>
  <title value="COVID-19 Risk Factor Downs Syndrome Conditions Value Set"/>
  <status value="active"/>
  <date value="2021-04-02T16:16:39+00:00"/>
  <publisher value="Veterans Health Administration (VHA)"/>
  <contact>
    <telecom>
      <system value="url"/>
      <value value="http://hl7.org/Special/committees/[something]"/>
    </telecom>
  </contact>
  <description value="COVID-19 Risk Factor Downs Syndrome Conditions Value Set"/>
  <jurisdiction>
    <coding>
      <system value="http://unstats.un.org/unsd/methods/m49/m49.htm"/>
      <code value="001"/>
    </coding>
  </jurisdiction>
  <expansion>
    <identifier value="f3d77542-b753-48cd-81e8-42d201ca903b"/>
    <timestamp value="2021-02-20T05:22:21+10:00"/>
    <total value="8"/>
    <offset value="0"/>
    <parameter>
      <name value="version"/>
      <valueUri value="http://snomed.info/sct|http://snomed.info/sct/32506021000036107/version/20210204"/>
    </parameter>
    <parameter>
      <name value="count"/>
      <valueInteger value="2147483647"/>
    </parameter>
    <parameter>
      <name value="offset"/>
      <valueInteger value="0"/>
    </parameter>
    <contains>
      <system value="http://snomed.info/sct"/>
      <code value="709469005"/>
      <display value="Periodontitis co-occurrent with Down syndrome"/>
    </contains>
    <contains>
      <system value="http://snomed.info/sct"/>
      <code value="840505007"/>
      <display value="Down syndrome co-occurrent with leukaemoid reaction associated transient neonatal pustulosis"/>
    </contains>
    <contains>
      <system value="http://snomed.info/sct"/>
      <code value="724644005"/>
      <display value="Myeloid leukaemia co-occurrent with Down syndrome"/>
    </contains>
    <contains>
      <system value="http://snomed.info/sct"/>
      <code value="724643004"/>
      <display value="Transient abnormal myelopoiesis co-occurrent with Down syndrome"/>
    </contains>
    <contains>
      <system value="http://snomed.info/sct"/>
      <code value="205615000"/>
      <display value="Trisomy 21- meiotic nondisjunction"/>
    </contains>
    <contains>
      <system value="http://snomed.info/sct"/>
      <code value="733194007"/>
      <display value="Dementia co-occurrent and due to Down syndrome"/>
    </contains>
    <contains>
      <system value="http://snomed.info/sct"/>
      <code value="125501000119105"/>
      <display value="Fetal trisomy 21, Down syndrome"/>
    </contains>
    <contains>
      <system value="http://snomed.info/sct"/>
      <code value="41040004"/>
      <display value="Complete trisomy 21 syndrome"/>
    </contains>
  </expansion>
</ValueSet>