{
  "resourceType": "ValueSet",
  "id": "2.16.840.1.113883.3.464.1003.198.12.1019",
  "text": {
    "status": "generated",
    "div": "<div xmlns=\"http://www.w3.org/1999/xhtml\"><p>This value set contains 27 concepts</p><table class=\"codes\"><tr><td style=\"white-space:nowrap\"><b>Code</b></td><td><b>System</b></td><td><b>Display</b></td><td><b>Definition</b></td></tr><tr><td style=\"white-space:nowrap\"><a name=\"http---www.ama-assn.org-go-cpt-44150\"> </a>44150</td><td>http://www.ama-assn.org/go/cpt</td><td>Colectomy, total, abdominal, without proctectomy; with ileostomy or ileoproctostomy</td><td/></tr><tr><td style=\"white-space:nowrap\"><a name=\"http---www.ama-assn.org-go-cpt-44151\"> </a>44151</td><td>http://www.ama-assn.org/go/cpt</td><td>Colectomy, total, abdominal, without proctectomy; with continent ileostomy</td><td/></tr><tr><td style=\"white-space:nowrap\"><a name=\"http---www.ama-assn.org-go-cpt-44155\"> </a>44155</td><td>http://www.ama-assn.org/go/cpt</td><td>Colectomy, total, abdominal, with proctectomy; with ileostomy</td><td/></tr><tr><td style=\"white-space:nowrap\"><a name=\"http---www.ama-assn.org-go-cpt-44156\"> </a>44156</td><td>http://www.ama-assn.org/go/cpt</td><td>Colectomy, total, abdominal, with proctectomy; with continent ileostomy</td><td/></tr><tr><td style=\"white-space:nowrap\"><a name=\"http---www.ama-assn.org-go-cpt-44157\"> </a>44157</td><td>http://www.ama-assn.org/go/cpt</td><td>Colectomy, total, abdominal, with proctectomy; with ileoanal anastomosis, includes loop ileostomy, and rectal mucosectomy, when performed</td><td/></tr><tr><td style=\"white-space:nowrap\"><a name=\"http---www.ama-assn.org-go-cpt-44158\"> </a>44158</td><td>http://www.ama-assn.org/go/cpt</td><td>Colectomy, total, abdominal, with proctectomy; with ileoanal anastomosis, creation of ileal reservoir (S or J), includes loop ileostomy, and rectal mucosectomy, when performed</td><td/></tr><tr><td style=\"white-space:nowrap\"><a name=\"http---www.ama-assn.org-go-cpt-44210\"> </a>44210</td><td>http://www.ama-assn.org/go/cpt</td><td>Laparoscopy, surgical; colectomy, total, abdominal, without proctectomy, with ileostomy or ileoproctostomy</td><td/></tr><tr><td style=\"white-space:nowrap\"><a name=\"http---www.ama-assn.org-go-cpt-44211\"> </a>44211</td><td>http://www.ama-assn.org/go/cpt</td><td>Laparoscopy, surgical; colectomy, total, abdominal, with proctectomy, with ileoanal anastomosis, creation of ileal reservoir (S or J), with loop ileostomy, includes rectal mucosectomy, when performed</td><td/></tr><tr><td style=\"white-space:nowrap\"><a name=\"http---www.ama-assn.org-go-cpt-44212\"> </a>44212</td><td>http://www.ama-assn.org/go/cpt</td><td>Laparoscopy, surgical; colectomy, total, abdominal, with proctectomy, with ileostomy</td><td/></tr><tr><td style=\"white-space:nowrap\"><a name=\"http---www.cms.gov-Medicare-Coding-ICD10-0DTE0ZZ\"> </a>0DTE0ZZ</td><td>http://www.cms.gov/Medicare/Coding/ICD10</td><td>Resection of Large Intestine, Open Approach</td><td/></tr><tr><td style=\"white-space:nowrap\"><a name=\"http---www.cms.gov-Medicare-Coding-ICD10-0DTE4ZZ\"> </a>0DTE4ZZ</td><td>http://www.cms.gov/Medicare/Coding/ICD10</td><td>Resection of Large Intestine, Percutaneous Endoscopic Approach</td><td/></tr><tr><td style=\"white-space:nowrap\"><a name=\"http---www.cms.gov-Medicare-Coding-ICD10-0DTE7ZZ\"> </a>0DTE7ZZ</td><td>http://www.cms.gov/Medicare/Coding/ICD10</td><td>Resection of Large Intestine, Via Natural or Artificial Opening</td><td/></tr><tr><td style=\"white-space:nowrap\"><a name=\"http---www.cms.gov-Medicare-Coding-ICD10-0DTE8ZZ\"> </a>0DTE8ZZ</td><td>http://www.cms.gov/Medicare/Coding/ICD10</td><td>Resection of Large Intestine, Via Natural or Artificial Opening Endoscopic</td><td/></tr><tr><td style=\"white-space:nowrap\"><a name=\"http---terminology.hl7.org-CodeSystem-icd9cm-45.81\"> </a>45.81</td><td>http://terminology.hl7.org/CodeSystem/icd9cm</td><td>Laparoscopic total intra-abdominal colectomy</td><td/></tr><tr><td style=\"white-space:nowrap\"><a name=\"http---terminology.hl7.org-CodeSystem-icd9cm-45.82\"> </a>45.82</td><td>http://terminology.hl7.org/CodeSystem/icd9cm</td><td>Open total intra-abdominal colectomy</td><td/></tr><tr><td style=\"white-space:nowrap\"><a name=\"http---terminology.hl7.org-CodeSystem-icd9cm-45.83\"> </a>45.83</td><td>http://terminology.hl7.org/CodeSystem/icd9cm</td><td>Other and unspecified total intra-abdominal colectomy</td><td/></tr><tr><td style=\"white-space:nowrap\"><a name=\"http---snomed.info-sct-119771000119101\"> </a><a href=\"http://browser.ihtsdotools.org/?perspective=full&amp;conceptId1=119771000119101\">119771000119101</a></td><td>http://snomed.info/sct</td><td>History of total colectomy (situation)</td><td/></tr><tr><td style=\"white-space:nowrap\"><a name=\"http---snomed.info-sct-26390003\"> </a><a href=\"http://browser.ihtsdotools.org/?perspective=full&amp;conceptId1=26390003\">26390003</a></td><td>http://snomed.info/sct</td><td>Total colectomy (procedure)</td><td/></tr><tr><td style=\"white-space:nowrap\"><a name=\"http---snomed.info-sct-303401008\"> </a><a href=\"http://browser.ihtsdotools.org/?perspective=full&amp;conceptId1=303401008\">303401008</a></td><td>http://snomed.info/sct</td><td>Parks panproctocolectomy, anastomosis of ileum to anus and creation of pouch (procedure)</td><td/></tr><tr><td style=\"white-space:nowrap\"><a name=\"http---snomed.info-sct-307666008\"> </a><a href=\"http://browser.ihtsdotools.org/?perspective=full&amp;conceptId1=307666008\">307666008</a></td><td>http://snomed.info/sct</td><td>Total colectomy and ileostomy (procedure)</td><td/></tr><tr><td style=\"white-space:nowrap\"><a name=\"http---snomed.info-sct-307667004\"> </a><a href=\"http://browser.ihtsdotools.org/?perspective=full&amp;conceptId1=307667004\">307667004</a></td><td>http://snomed.info/sct</td><td>Total colectomy, ileostomy and rectal mucous fistula (procedure)</td><td/></tr><tr><td style=\"white-space:nowrap\"><a name=\"http---snomed.info-sct-307669001\"> </a><a href=\"http://browser.ihtsdotools.org/?perspective=full&amp;conceptId1=307669001\">307669001</a></td><td>http://snomed.info/sct</td><td>Total colectomy, ileostomy and closure of rectal stump (procedure)</td><td/></tr><tr><td style=\"white-space:nowrap\"><a name=\"http---snomed.info-sct-31130001\"> </a><a href=\"http://browser.ihtsdotools.org/?perspective=full&amp;conceptId1=31130001\">31130001</a></td><td>http://snomed.info/sct</td><td>Total abdominal colectomy with proctectomy and ileostomy (procedure)</td><td/></tr><tr><td style=\"white-space:nowrap\"><a name=\"http---snomed.info-sct-36192008\"> </a><a href=\"http://browser.ihtsdotools.org/?perspective=full&amp;conceptId1=36192008\">36192008</a></td><td>http://snomed.info/sct</td><td>Total abdominal colectomy with ileoproctostomy (procedure)</td><td/></tr><tr><td style=\"white-space:nowrap\"><a name=\"http---snomed.info-sct-44751009\"> </a><a href=\"http://browser.ihtsdotools.org/?perspective=full&amp;conceptId1=44751009\">44751009</a></td><td>http://snomed.info/sct</td><td>Total abdominal colectomy with proctectomy and continent ileostomy (procedure)</td><td/></tr><tr><td style=\"white-space:nowrap\"><a name=\"http---snomed.info-sct-456004\"> </a><a href=\"http://browser.ihtsdotools.org/?perspective=full&amp;conceptId1=456004\">456004</a></td><td>http://snomed.info/sct</td><td>Total abdominal colectomy with ileostomy (procedure)</td><td/></tr><tr><td style=\"white-space:nowrap\"><a name=\"http---snomed.info-sct-80294005\"> </a><a href=\"http://browser.ihtsdotools.org/?perspective=full&amp;conceptId1=80294005\">80294005</a></td><td>http://snomed.info/sct</td><td>Total abdominal colectomy with rectal mucosectomy and ileoanal anastomosis (procedure)</td><td/></tr></table></div>"
  },
  "url": "http://cts.nlm.nih.gov/fhir/ValueSet/2.16.840.1.113883.3.464.1003.198.12.1019",
  "identifier": [
    {
      "system": "urn:ietf:rfc:3986",
      "value": "2.16.840.1.113883.3.464.1003.198.12.1019"
    }
  ],
  "version": "1.0.0",
  "name": "TotalColectomy",
  "title": "Total Colectomy",
  "status": "active",
  "experimental": false,
  "date": "2021-09-03T16:48:06+00:00",
  "publisher": "U.S. Preventive Services Task Force (USPSTF)",
  "contact": [
    {
      "telecom": [
        {
          "system": "url",
          "value": "https://www.uspreventiveservicestaskforce.org/uspstf/"
        }
      ]
    }
  ],
  "jurisdiction": [
    {
      "coding": [
        {
          "system": "http://unstats.un.org/unsd/methods/m49/m49.htm",
          "code": "001"
        }
      ]
    }
  ],
  "expansion": {
    "identifier": "20200507",
    "timestamp": "2021-01-14T20:59:46-07:00",
    "contains": [
      {
        "system": "http://www.ama-assn.org/go/cpt",
        "version": "2020",
        "code": "44150",
        "display": "Colectomy, total, abdominal, without proctectomy; with ileostomy or ileoproctostomy"
      },
      {
        "system": "http://www.ama-assn.org/go/cpt",
        "version": "2020",
        "code": "44151",
        "display": "Colectomy, total, abdominal, without proctectomy; with continent ileostomy"
      },
      {
        "system": "http://www.ama-assn.org/go/cpt",
        "version": "2020",
        "code": "44155",
        "display": "Colectomy, total, abdominal, with proctectomy; with ileostomy"
      },
      {
        "system": "http://www.ama-assn.org/go/cpt",
        "version": "2020",
        "code": "44156",
        "display": "Colectomy, total, abdominal, with proctectomy; with continent ileostomy"
      },
      {
        "system": "http://www.ama-assn.org/go/cpt",
        "version": "2020",
        "code": "44157",
        "display": "Colectomy, total, abdominal, with proctectomy; with ileoanal anastomosis, includes loop ileostomy, and rectal mucosectomy, when performed"
      },
      {
        "system": "http://www.ama-assn.org/go/cpt",
        "version": "2020",
        "code": "44158",
        "display": "Colectomy, total, abdominal, with proctectomy; with ileoanal anastomosis, creation of ileal reservoir (S or J), includes loop ileostomy, and rectal mucosectomy, when performed"
      },
      {
        "system": "http://www.ama-assn.org/go/cpt",
        "version": "2020",
        "code": "44210",
        "display": "Laparoscopy, surgical; colectomy, total, abdominal, without proctectomy, with ileostomy or ileoproctostomy"
      },
      {
        "system": "http://www.ama-assn.org/go/cpt",
        "version": "2020",
        "code": "44211",
        "display": "Laparoscopy, surgical; colectomy, total, abdominal, with proctectomy, with ileoanal anastomosis, creation of ileal reservoir (S or J), with loop ileostomy, includes rectal mucosectomy, when performed"
      },
      {
        "system": "http://www.ama-assn.org/go/cpt",
        "version": "2020",
        "code": "44212",
        "display": "Laparoscopy, surgical; colectomy, total, abdominal, with proctectomy, with ileostomy"
      },
      {
        "system": "http://www.cms.gov/Medicare/Coding/ICD10",
        "version": "2020",
        "code": "0DTE0ZZ",
        "display": "Resection of Large Intestine, Open Approach"
      },
      {
        "system": "http://www.cms.gov/Medicare/Coding/ICD10",
        "version": "2020",
        "code": "0DTE4ZZ",
        "display": "Resection of Large Intestine, Percutaneous Endoscopic Approach"
      },
      {
        "system": "http://www.cms.gov/Medicare/Coding/ICD10",
        "version": "2020",
        "code": "0DTE7ZZ",
        "display": "Resection of Large Intestine, Via Natural or Artificial Opening"
      },
      {
        "system": "http://www.cms.gov/Medicare/Coding/ICD10",
        "version": "2020",
        "code": "0DTE8ZZ",
        "display": "Resection of Large Intestine, Via Natural or Artificial Opening Endoscopic"
      },
      {
        "system": "http://terminology.hl7.org/CodeSystem/icd9cm",
        "version": "2013",
        "code": "45.81",
        "display": "Laparoscopic total intra-abdominal colectomy"
      },
      {
        "system": "http://terminology.hl7.org/CodeSystem/icd9cm",
        "version": "2013",
        "code": "45.82",
        "display": "Open total intra-abdominal colectomy"
      },
      {
        "system": "http://terminology.hl7.org/CodeSystem/icd9cm",
        "version": "2013",
        "code": "45.83",
        "display": "Other and unspecified total intra-abdominal colectomy"
      },
      {
        "system": "http://snomed.info/sct",
        "version": "2019-09",
        "code": "119771000119101",
        "display": "History of total colectomy (situation)"
      },
      {
        "system": "http://snomed.info/sct",
        "version": "2019-09",
        "code": "26390003",
        "display": "Total colectomy (procedure)"
      },
      {
        "system": "http://snomed.info/sct",
        "version": "2019-09",
        "code": "303401008",
        "display": "Parks panproctocolectomy, anastomosis of ileum to anus and creation of pouch (procedure)"
      },
      {
        "system": "http://snomed.info/sct",
        "version": "2019-09",
        "code": "307666008",
        "display": "Total colectomy and ileostomy (procedure)"
      },
      {
        "system": "http://snomed.info/sct",
        "version": "2019-09",
        "code": "307667004",
        "display": "Total colectomy, ileostomy and rectal mucous fistula (procedure)"
      },
      {
        "system": "http://snomed.info/sct",
        "version": "2019-09",
        "code": "307669001",
        "display": "Total colectomy, ileostomy and closure of rectal stump (procedure)"
      },
      {
        "system": "http://snomed.info/sct",
        "version": "2019-09",
        "code": "31130001",
        "display": "Total abdominal colectomy with proctectomy and ileostomy (procedure)"
      },
      {
        "system": "http://snomed.info/sct",
        "version": "2019-09",
        "code": "36192008",
        "display": "Total abdominal colectomy with ileoproctostomy (procedure)"
      },
      {
        "system": "http://snomed.info/sct",
        "version": "2019-09",
        "code": "44751009",
        "display": "Total abdominal colectomy with proctectomy and continent ileostomy (procedure)"
      },
      {
        "system": "http://snomed.info/sct",
        "version": "2019-09",
        "code": "456004",
        "display": "Total abdominal colectomy with ileostomy (procedure)"
      },
      {
        "system": "http://snomed.info/sct",
        "version": "2019-09",
        "code": "80294005",
        "display": "Total abdominal colectomy with rectal mucosectomy and ileoanal anastomosis (procedure)"
      }
    ]
  }
}