{"resourceType":"ImplementationGuide","id":"fhir.preventive-care-ig","text":{"status":"extensions","div":"<div xmlns=\"http://www.w3.org/1999/xhtml\"><h2>PreventiveCareGuidelines</h2><p>The official URL for this implementation guide is: </p><pre>http://fhir.org/guides/preventive-care/ImplementationGuide/fhir.preventive-care-ig</pre><div><p>Implementation guide for preventive care guidelines and patient-directed care plans.</p>\n</div></div>"},"url":"http://fhir.org/guides/preventive-care/ImplementationGuide/fhir.preventive-care-ig","version":"1.0.0","name":"PreventiveCareGuidelines","title":"Preventive Care Guidelines IG","status":"draft","experimental":false,"date":"2021-09-03T16:48:06+00:00","publisher":"U.S. Preventive Services Task Force (USPSTF)","contact":[{"telecom":[{"system":"url","value":"https://www.uspreventiveservicestaskforce.org/uspstf/"}]}],"description":"Implementation guide for preventive care guidelines and patient-directed care plans.","jurisdiction":[{"coding":[{"system":"http://unstats.un.org/unsd/methods/m49/m49.htm","code":"001"}]}],"packageId":"fhir.preventive-care-ig","license":"Apache-2.0","fhirVersion":["4.0.1"],"dependsOn":[{"id":"cpg","uri":"http://hl7.org/fhir/uv/cpg/ImplementationGuide/hl7.fhir.uv.cpg","packageId":"hl7.fhir.uv.cpg","version":"1.0.0"}],"definition":{"extension":[{"extension":[{"url":"code","valueString":"copyrightyear"},{"url":"value","valueString":"2020+"}],"url":"http://hl7.org/fhir/tools/StructureDefinition/ig-parameter"},{"extension":[{"url":"code","valueString":"releaselabel"},{"url":"value","valueString":"CI Build"}],"url":"http://hl7.org/fhir/tools/StructureDefinition/ig-parameter"},{"extension":[{"url":"code","valueString":"path-binary"},{"url":"value","valueString":"input/cql"}],"url":"http://hl7.org/fhir/tools/StructureDefinition/ig-parameter"},{"extension":[{"url":"code","valueString":"excludettl"},{"url":"value","valueString":"true"}],"url":"http://hl7.org/fhir/tools/StructureDefinition/ig-parameter"},{"extension":[{"url":"code","valueString":"excludemap"},{"url":"value","valueString":"true"}],"url":"http://hl7.org/fhir/tools/StructureDefinition/ig-parameter"},{"extension":[{"url":"code","valueString":"path-suppressed-warnings"},{"url":"value","valueString":"input/ignoreWarnings.txt"}],"url":"http://hl7.org/fhir/tools/StructureDefinition/ig-parameter"},{"extension":[{"url":"code","valueString":"autoload-resources"},{"url":"value","valueString":"true"}],"url":"http://hl7.org/fhir/tools/StructureDefinition/ig-parameter"},{"extension":[{"url":"code","valueString":"path-liquid"},{"url":"value","valueString":"template/liquid"}],"url":"http://hl7.org/fhir/tools/StructureDefinition/ig-parameter"},{"extension":[{"url":"code","valueString":"path-liquid"},{"url":"value","valueString":"input/liquid"}],"url":"http://hl7.org/fhir/tools/StructureDefinition/ig-parameter"},{"extension":[{"url":"code","valueString":"path-qa"},{"url":"value","valueString":"temp/qa"}],"url":"http://hl7.org/fhir/tools/StructureDefinition/ig-parameter"},{"extension":[{"url":"code","valueString":"path-temp"},{"url":"value","valueString":"temp/pages"}],"url":"http://hl7.org/fhir/tools/StructureDefinition/ig-parameter"},{"extension":[{"url":"code","valueString":"path-output"},{"url":"value","valueString":"output"}],"url":"http://hl7.org/fhir/tools/StructureDefinition/ig-parameter"},{"extension":[{"url":"code","valueString":"path-history"},{"url":"value","valueString":"http://fhir.org/guides/preventive-care/history.html"}],"url":"http://hl7.org/fhir/tools/StructureDefinition/ig-parameter"},{"extension":[{"url":"code","valueString":"template-html"},{"url":"value","valueString":"template-page.html"}],"url":"http://hl7.org/fhir/tools/StructureDefinition/ig-parameter"},{"extension":[{"url":"code","valueString":"template-md"},{"url":"value","valueString":"template-page-md.html"}],"url":"http://hl7.org/fhir/tools/StructureDefinition/ig-parameter"},{"extension":[{"url":"code","valueString":"apply-contact"},{"url":"value","valueString":"true"}],"url":"http://hl7.org/fhir/tools/StructureDefinition/ig-parameter"},{"extension":[{"url":"code","valueString":"apply-context"},{"url":"value","valueString":"true"}],"url":"http://hl7.org/fhir/tools/StructureDefinition/ig-parameter"},{"extension":[{"url":"code","valueString":"apply-copyright"},{"url":"value","valueString":"true"}],"url":"http://hl7.org/fhir/tools/StructureDefinition/ig-parameter"},{"extension":[{"url":"code","valueString":"apply-jurisdiction"},{"url":"value","valueString":"true"}],"url":"http://hl7.org/fhir/tools/StructureDefinition/ig-parameter"},{"extension":[{"url":"code","valueString":"apply-license"},{"url":"value","valueString":"true"}],"url":"http://hl7.org/fhir/tools/StructureDefinition/ig-parameter"},{"extension":[{"url":"code","valueString":"apply-publisher"},{"url":"value","valueString":"true"}],"url":"http://hl7.org/fhir/tools/StructureDefinition/ig-parameter"},{"extension":[{"url":"code","valueString":"apply-version"},{"url":"value","valueString":"true"}],"url":"http://hl7.org/fhir/tools/StructureDefinition/ig-parameter"},{"extension":[{"url":"code","valueString":"active-tables"},{"url":"value","valueString":"true"}],"url":"http://hl7.org/fhir/tools/StructureDefinition/ig-parameter"}],"grouping":[{"id":"_str_questionnaire","name":"Structures: Questionnaires","description":"These define forms used by systems conforming with this implementation guide to capture or expose data to end users"},{"id":"_term_valueset","name":"Terminology: Value Sets","description":"These define sets of codes used by systems conforming with this implementation guide"},{"id":"_other","name":"Other","description":"These are resources that are used within this implementation guide that do not fit into one of the other categories"}],"resource":[{"extension":[{"url":"http://hl7.org/fhir/StructureDefinition/implementationguide-page","valueUri":"Library-library-PreventiveCareHooks.html"}],"reference":{"reference":"Library/library-PreventiveCareHooks"},"groupingId":"_other"},{"extension":[{"url":"http://hl7.org/fhir/StructureDefinition/implementationguide-page","valueUri":"Library-library-PreventiveCareSummary.html"}],"reference":{"reference":"Library/library-PreventiveCareSummary"},"groupingId":"_other"},{"extension":[{"url":"http://hl7.org/fhir/StructureDefinition/implementationguide-page","valueUri":"Library-library-CDSConnectCommons.html"}],"reference":{"reference":"Library/library-CDSConnectCommons"},"groupingId":"_other"},{"extension":[{"url":"http://hl7.org/fhir/StructureDefinition/implementationguide-page","valueUri":"Library-library-FHIRHelpers.html"}],"reference":{"reference":"Library/library-FHIRHelpers"},"groupingId":"_other"},{"extension":[{"url":"http://hl7.org/fhir/StructureDefinition/implementationguide-page","valueUri":"Library-library-PreventiveCareData.html"}],"reference":{"reference":"Library/library-PreventiveCareData"},"groupingId":"_other"},{"extension":[{"url":"http://hl7.org/fhir/StructureDefinition/implementationguide-page","valueUri":"Library-library-ProstateCancerSummary.html"}],"reference":{"reference":"Library/library-ProstateCancerSummary"},"groupingId":"_other"},{"extension":[{"url":"http://hl7.org/fhir/StructureDefinition/implementationguide-page","valueUri":"Library-library-ColonCancerScreening.html"}],"reference":{"reference":"Library/library-ColonCancerScreening"},"groupingId":"_other"},{"extension":[{"url":"http://hl7.org/fhir/StructureDefinition/implementationguide-page","valueUri":"Library-library-BreastCancerScreening.html"}],"reference":{"reference":"Library/library-BreastCancerScreening"},"groupingId":"_other"},{"extension":[{"url":"http://hl7.org/fhir/StructureDefinition/implementationguide-page","valueUri":"Library-library-PreventiveCareConcepts.html"}],"reference":{"reference":"Library/library-PreventiveCareConcepts"},"groupingId":"_other"},{"extension":[{"url":"http://hl7.org/fhir/StructureDefinition/implementationguide-page","valueUri":"Library-library-FHIRCommon.html"}],"reference":{"reference":"Library/library-FHIRCommon"},"groupingId":"_other"},{"extension":[{"url":"http://hl7.org/fhir/StructureDefinition/implementationguide-page","valueUri":"Library-library-LungCancerScreening.html"}],"reference":{"reference":"Library/library-LungCancerScreening"},"groupingId":"_other"},{"extension":[{"url":"http://hl7.org/fhir/StructureDefinition/implementationguide-page","valueUri":"Library-library-ProstateCancerScreening.html"}],"reference":{"reference":"Library/library-ProstateCancerScreening"},"groupingId":"_other"},{"extension":[{"url":"http://hl7.org/fhir/StructureDefinition/implementationguide-page","valueUri":"PlanDefinition-PreventiveCareScreening.html"}],"reference":{"reference":"PlanDefinition/PreventiveCareScreening"},"name":"PlanDefinition - Recommendations on Prostate Cancer Screening","description":"Recommends decision-making on preventive care screening for Prostate Cancer.","groupingId":"_other"},{"extension":[{"url":"http://hl7.org/fhir/StructureDefinition/implementationguide-page","valueUri":"PlanDefinition-PreventiveCarePlanning.html"}],"reference":{"reference":"PlanDefinition/PreventiveCarePlanning"},"name":"PlanDefinition - Patient-Directed Care Plan for Prostate Cancer Screening","description":"Create a patient-directed preventive care plan for Prostate Cancer screening.","groupingId":"_other"},{"extension":[{"url":"http://hl7.org/fhir/StructureDefinition/implementationguide-page","valueUri":"ActivityDefinition-NextStepAction.html"}],"reference":{"reference":"ActivityDefinition/NextStepAction"},"name":"Activity Next Step Action","description":"Activity Definition for next step action in a patient's care plan.","groupingId":"_other"},{"extension":[{"url":"http://hl7.org/fhir/StructureDefinition/implementationguide-page","valueUri":"Questionnaire-mpc-lung-cancer.html"}],"reference":{"reference":"Questionnaire/mpc-lung-cancer"},"name":"Lung Cancer Screening Questionnaire","groupingId":"_str_questionnaire"},{"extension":[{"url":"http://hl7.org/fhir/StructureDefinition/implementationguide-page","valueUri":"Questionnaire-mpc-colon-cancer.html"}],"reference":{"reference":"Questionnaire/mpc-colon-cancer"},"name":"Colon Cancer Screening Questionnaire","groupingId":"_str_questionnaire"},{"extension":[{"url":"http://hl7.org/fhir/StructureDefinition/implementationguide-page","valueUri":"Questionnaire-mpc-breast-cancer.html"}],"reference":{"reference":"Questionnaire/mpc-breast-cancer"},"name":"Breast Cancer Screening Questionnaire","groupingId":"_str_questionnaire"},{"extension":[{"url":"http://hl7.org/fhir/StructureDefinition/implementationguide-page","valueUri":"Questionnaire-mpc-prostate-cancer.html"}],"reference":{"reference":"Questionnaire/mpc-prostate-cancer"},"name":"Prostate Cancer Screening Questionnaire","groupingId":"_str_questionnaire"},{"extension":[{"url":"http://hl7.org/fhir/StructureDefinition/implementationguide-page","valueUri":"ValueSet-2.16.840.1.113883.3.464.1003.199.12.1035.html"}],"reference":{"reference":"ValueSet/2.16.840.1.113883.3.464.1003.199.12.1035"},"name":"Chronic Liver Disease","groupingId":"_term_valueset"},{"extension":[{"url":"http://hl7.org/fhir/StructureDefinition/implementationguide-page","valueUri":"ValueSet-2.16.840.1.113883.3.464.1003.199.12.1036.html"}],"reference":{"reference":"ValueSet/2.16.840.1.113883.3.464.1003.199.12.1036"},"name":"Chronic Malnutrition","groupingId":"_term_valueset"},{"extension":[{"url":"http://hl7.org/fhir/StructureDefinition/implementationguide-page","valueUri":"ValueSet-2.16.840.1.113883.3.464.1003.108.12.1018.html"}],"reference":{"reference":"ValueSet/2.16.840.1.113883.3.464.1003.108.12.1018"},"name":"Mammography","groupingId":"_term_valueset"},{"extension":[{"url":"http://hl7.org/fhir/StructureDefinition/implementationguide-page","valueUri":"ValueSet-2.16.840.1.113883.3.464.1003.198.12.1134.html"}],"reference":{"reference":"ValueSet/2.16.840.1.113883.3.464.1003.198.12.1134"},"name":"Unilateral Mastectomy Right","groupingId":"_term_valueset"},{"extension":[{"url":"http://hl7.org/fhir/StructureDefinition/implementationguide-page","valueUri":"ValueSet-2.16.840.1.113883.3.464.1003.198.12.1071.html"}],"reference":{"reference":"ValueSet/2.16.840.1.113883.3.464.1003.198.12.1071"},"name":"Unilateral Mastectomy, Unspecified Laterality","groupingId":"_term_valueset"},{"extension":[{"url":"http://hl7.org/fhir/StructureDefinition/implementationguide-page","valueUri":"ValueSet-2.16.840.1.113883.3.464.1003.198.12.1133.html"}],"reference":{"reference":"ValueSet/2.16.840.1.113883.3.464.1003.198.12.1133"},"name":"Unilateral Mastectomy Left","groupingId":"_term_valueset"},{"extension":[{"url":"http://hl7.org/fhir/StructureDefinition/implementationguide-page","valueUri":"ValueSet-2.16.840.1.113883.3.464.1003.106.12.1005.html"}],"reference":{"reference":"ValueSet/2.16.840.1.113883.3.464.1003.106.12.1005"},"name":"Alcohol and Drug Dependence Treatment","groupingId":"_term_valueset"},{"extension":[{"url":"http://hl7.org/fhir/StructureDefinition/implementationguide-page","valueUri":"ValueSet-2.16.840.1.113883.3.464.1003.198.12.1069.html"}],"reference":{"reference":"ValueSet/2.16.840.1.113883.3.464.1003.198.12.1069"},"name":"Status Post Left Mastectomy","groupingId":"_term_valueset"},{"extension":[{"url":"http://hl7.org/fhir/StructureDefinition/implementationguide-page","valueUri":"ValueSet-2.16.840.1.113883.3.464.1003.198.12.1068.html"}],"reference":{"reference":"ValueSet/2.16.840.1.113883.3.464.1003.198.12.1068"},"name":"History of bilateral mastectomy","groupingId":"_term_valueset"},{"extension":[{"url":"http://hl7.org/fhir/StructureDefinition/implementationguide-page","valueUri":"ValueSet-2.16.840.1.113883.3.464.1003.198.12.1070.html"}],"reference":{"reference":"ValueSet/2.16.840.1.113883.3.464.1003.198.12.1070"},"name":"Status Post Right Mastectomy","groupingId":"_term_valueset"},{"extension":[{"url":"http://hl7.org/fhir/StructureDefinition/implementationguide-page","valueUri":"ValueSet-2.16.840.1.113883.3.464.1003.198.12.1011.html"}],"reference":{"reference":"ValueSet/2.16.840.1.113883.3.464.1003.198.12.1011"},"name":"Fecal Occult Blood Test (FOBT)","groupingId":"_term_valueset"},{"extension":[{"url":"http://hl7.org/fhir/StructureDefinition/implementationguide-page","valueUri":"ValueSet-2.16.840.1.113883.3.464.1003.198.12.1010.html"}],"reference":{"reference":"ValueSet/2.16.840.1.113883.3.464.1003.198.12.1010"},"name":"Flexible Sigmoidoscopy","groupingId":"_term_valueset"},{"extension":[{"url":"http://hl7.org/fhir/StructureDefinition/implementationguide-page","valueUri":"ValueSet-2.16.840.1.113883.3.464.1003.198.12.1019.html"}],"reference":{"reference":"ValueSet/2.16.840.1.113883.3.464.1003.198.12.1019"},"name":"Total Colectomy","groupingId":"_term_valueset"},{"extension":[{"url":"http://hl7.org/fhir/StructureDefinition/implementationguide-page","valueUri":"ValueSet-2.16.840.1.113883.3.464.1003.108.12.1039.html"}],"reference":{"reference":"ValueSet/2.16.840.1.113883.3.464.1003.108.12.1039"},"name":"FIT DNA","groupingId":"_term_valueset"},{"extension":[{"url":"http://hl7.org/fhir/StructureDefinition/implementationguide-page","valueUri":"ValueSet-2.16.840.1.113883.3.464.1003.108.12.1001.html"}],"reference":{"reference":"ValueSet/2.16.840.1.113883.3.464.1003.108.12.1001"},"name":"Malignant Neoplasm of Colon","groupingId":"_term_valueset"},{"extension":[{"url":"http://hl7.org/fhir/StructureDefinition/implementationguide-page","valueUri":"ValueSet-2.16.840.1.113883.3.464.1003.108.12.1038.html"}],"reference":{"reference":"ValueSet/2.16.840.1.113883.3.464.1003.108.12.1038"},"name":"CT Colonography","groupingId":"_term_valueset"},{"extension":[{"url":"http://hl7.org/fhir/StructureDefinition/implementationguide-page","valueUri":"ValueSet-2.16.840.1.113883.3.464.1003.108.12.1020.html"}],"reference":{"reference":"ValueSet/2.16.840.1.113883.3.464.1003.108.12.1020"},"name":"Colonoscopy","groupingId":"_term_valueset"},{"extension":[{"url":"http://hl7.org/fhir/StructureDefinition/implementationguide-page","valueUri":"ValueSet-currentsmoker.html"}],"reference":{"reference":"ValueSet/currentsmoker"},"name":"Current Smoker Status","description":"This value set indicates the current smoking status of a patient who is currently a smoker.","groupingId":"_term_valueset"},{"extension":[{"url":"http://hl7.org/fhir/StructureDefinition/implementationguide-page","valueUri":"ValueSet-us-core-observation-smokingstatus.html"}],"reference":{"reference":"ValueSet/us-core-observation-smokingstatus"},"name":"US Core Smoking Status","description":"This value set indicates the current smoking status of a patient.","groupingId":"_term_valueset"},{"extension":[{"url":"http://hl7.org/fhir/StructureDefinition/implementationguide-page","valueUri":"ValueSet-2.16.840.1.113762.1.4.1116.89.html"}],"reference":{"reference":"ValueSet/2.16.840.1.113762.1.4.1116.89"},"name":"Lung Cancer","description":"This value set indicates the possible ICD9/ICD10 Lung Cancer codes.","groupingId":"_term_valueset"},{"extension":[{"url":"http://hl7.org/fhir/StructureDefinition/implementationguide-page","valueUri":"ValueSet-chest-ct-proc-code.html"}],"reference":{"reference":"ValueSet/chest-ct-proc-code"},"name":"Chest CT Procedure Code","description":"This value set includes CPT codes used to identify Low-dose Cest CT scans used for Lung Cancer screening at University of Utah","groupingId":"_term_valueset"},{"extension":[{"url":"http://hl7.org/fhir/StructureDefinition/implementationguide-page","valueUri":"ValueSet-conditionclinical.html"}],"reference":{"reference":"ValueSet/conditionclinical"},"name":"Condition Clinical Status","description":"Value set for Active Condition Clinical Status.","groupingId":"_term_valueset"},{"extension":[{"url":"http://hl7.org/fhir/StructureDefinition/implementationguide-page","valueUri":"ValueSet-2.16.840.1.113883.3.526.2.215.html"}],"reference":{"reference":"ValueSet/2.16.840.1.113883.3.526.2.215"},"name":"Prostate Specific Antigen Test","description":"This value set contains concepts that represent prostate specific antigen (PSA) test.","groupingId":"_term_valueset"}],"page":{"nameUrl":"toc.html","title":"Table of Contents","generation":"html","page":[{"nameUrl":"index.html","title":"Preventive Care Screening and Care Plans","generation":"html"},{"nameUrl":"background.html","title":"Background","generation":"html"},{"nameUrl":"spec.html","title":"Detailed Specification","generation":"markdown"},{"nameUrl":"downloads.html","title":"Useful Downloads","generation":"html"},{"nameUrl":"changes.html","title":"IG Change History","generation":"html"},{"nameUrl":"artifacts.html","title":"Artifacts Summary","generation":"html","page":[{"nameUrl":"Questionnaire-mpc-lung-cancer.html","title":"Lung Cancer Screening Questionnaire","generation":"generated"},{"nameUrl":"Questionnaire-mpc-colon-cancer.html","title":"Colon Cancer Screening Questionnaire","generation":"generated"},{"nameUrl":"Questionnaire-mpc-breast-cancer.html","title":"Breast Cancer Screening Questionnaire","generation":"generated"},{"nameUrl":"Questionnaire-mpc-prostate-cancer.html","title":"Prostate Cancer Screening Questionnaire","generation":"generated"},{"nameUrl":"ValueSet-2.16.840.1.113883.3.464.1003.199.12.1035.html","title":"Chronic Liver Disease","generation":"generated"},{"nameUrl":"ValueSet-2.16.840.1.113883.3.464.1003.199.12.1036.html","title":"Chronic Malnutrition","generation":"generated"},{"nameUrl":"ValueSet-2.16.840.1.113883.3.464.1003.108.12.1018.html","title":"Mammography","generation":"generated"},{"nameUrl":"ValueSet-2.16.840.1.113883.3.464.1003.198.12.1134.html","title":"Unilateral Mastectomy Right","generation":"generated"},{"nameUrl":"ValueSet-2.16.840.1.113883.3.464.1003.198.12.1071.html","title":"Unilateral Mastectomy, Unspecified Laterality","generation":"generated"},{"nameUrl":"ValueSet-2.16.840.1.113883.3.464.1003.198.12.1133.html","title":"Unilateral Mastectomy Left","generation":"generated"},{"nameUrl":"ValueSet-2.16.840.1.113883.3.464.1003.106.12.1005.html","title":"Alcohol and Drug Dependence Treatment","generation":"generated"},{"nameUrl":"ValueSet-2.16.840.1.113883.3.464.1003.198.12.1069.html","title":"Status Post Left Mastectomy","generation":"generated"},{"nameUrl":"ValueSet-2.16.840.1.113883.3.464.1003.198.12.1068.html","title":"History of bilateral mastectomy","generation":"generated"},{"nameUrl":"ValueSet-2.16.840.1.113883.3.464.1003.198.12.1070.html","title":"Status Post Right Mastectomy","generation":"generated"},{"nameUrl":"ValueSet-2.16.840.1.113883.3.464.1003.198.12.1011.html","title":"Fecal Occult Blood Test (FOBT)","generation":"generated"},{"nameUrl":"ValueSet-2.16.840.1.113883.3.464.1003.198.12.1010.html","title":"Flexible Sigmoidoscopy","generation":"generated"},{"nameUrl":"ValueSet-2.16.840.1.113883.3.464.1003.198.12.1019.html","title":"Total Colectomy","generation":"generated"},{"nameUrl":"ValueSet-2.16.840.1.113883.3.464.1003.108.12.1039.html","title":"FIT DNA","generation":"generated"},{"nameUrl":"ValueSet-2.16.840.1.113883.3.464.1003.108.12.1001.html","title":"Malignant Neoplasm of Colon","generation":"generated"},{"nameUrl":"ValueSet-2.16.840.1.113883.3.464.1003.108.12.1038.html","title":"CT Colonography","generation":"generated"},{"nameUrl":"ValueSet-2.16.840.1.113883.3.464.1003.108.12.1020.html","title":"Colonoscopy","generation":"generated"},{"nameUrl":"ValueSet-currentsmoker.html","title":"Current Smoker Status","generation":"generated"},{"nameUrl":"ValueSet-us-core-observation-smokingstatus.html","title":"US Core Smoking Status","generation":"generated"},{"nameUrl":"ValueSet-2.16.840.1.113762.1.4.1116.89.html","title":"Lung Cancer","generation":"generated"},{"nameUrl":"ValueSet-chest-ct-proc-code.html","title":"Chest CT Procedure Code","generation":"generated"},{"nameUrl":"ValueSet-conditionclinical.html","title":"Condition Clinical Status","generation":"generated"},{"nameUrl":"ValueSet-2.16.840.1.113883.3.526.2.215.html","title":"Prostate Specific Antigen Test","generation":"generated"},{"nameUrl":"Library-library-PreventiveCareHooks.html","generation":"generated"},{"nameUrl":"Library-library-PreventiveCareSummary.html","generation":"generated"},{"nameUrl":"Library-library-CDSConnectCommons.html","generation":"generated"},{"nameUrl":"Library-library-FHIRHelpers.html","generation":"generated"},{"nameUrl":"Library-library-PreventiveCareData.html","generation":"generated"},{"nameUrl":"Library-library-ProstateCancerSummary.html","generation":"generated"},{"nameUrl":"Library-library-ColonCancerScreening.html","generation":"generated"},{"nameUrl":"Library-library-BreastCancerScreening.html","generation":"generated"},{"nameUrl":"Library-library-PreventiveCareConcepts.html","generation":"generated"},{"nameUrl":"Library-library-FHIRCommon.html","generation":"generated"},{"nameUrl":"Library-library-LungCancerScreening.html","generation":"generated"},{"nameUrl":"Library-library-ProstateCancerScreening.html","generation":"generated"},{"nameUrl":"PlanDefinition-PreventiveCareScreening.html","title":"PlanDefinition - Recommendations on Prostate Cancer Screening","generation":"generated"},{"nameUrl":"PlanDefinition-PreventiveCarePlanning.html","title":"PlanDefinition - Patient-Directed Care Plan for Prostate Cancer Screening","generation":"generated"},{"nameUrl":"ActivityDefinition-NextStepAction.html","title":"Activity Next Step Action","generation":"generated"}]}]},"parameter":[{"code":"path-resource","value":"input/resources/library"},{"code":"path-resource","value":"input/resources/plandefinition"},{"code":"path-resource","value":"input/resources/activitydefinition"},{"code":"path-resource","value":"input/resources/questionnaires"},{"code":"path-resource","value":"input/vocabulary/codesystem"},{"code":"path-resource","value":"input/vocabulary/valueset"},{"code":"path-resource","value":"input/vocabulary/valueset/bcs"},{"code":"path-resource","value":"input/vocabulary/valueset/ccs"},{"code":"path-resource","value":"input/vocabulary/valueset/lcs"},{"code":"path-resource","value":"input/vocabulary/valueset/pcs"},{"code":"path-resource","value":"input/capabilities"},{"code":"path-resource","value":"input/examples"},{"code":"path-resource","value":"input/extensions"},{"code":"path-resource","value":"input/models"},{"code":"path-resource","value":"input/operations"},{"code":"path-resource","value":"input/profiles"},{"code":"path-resource","value":"input/resources"},{"code":"path-resource","value":"input/vocabulary"},{"code":"path-resource","value":"input/testing"},{"code":"path-resource","value":"input/history"},{"code":"path-pages","value":"template/config"},{"code":"path-pages","value":"input/images"},{"code":"path-tx-cache","value":"input-cache/txcache"}]}}