{"resourceType":"ImplementationGuide","id":"fhir.preventive-care-ig","text":{"status":"extensions","div":"<div xmlns=\"http://www.w3.org/1999/xhtml\"><h2>PreventiveCareGuidelines</h2><p>The official URL for this implementation guide is: </p><pre>http://fhir.org/guides/preventive-care/ImplementationGuide/fhir.preventive-care-ig</pre><div><p>Implementation guide for preventive care guidelines and patient-directed care plans.</p>\n</div></div>"},"url":"http://fhir.org/guides/preventive-care/ImplementationGuide/fhir.preventive-care-ig","version":"1.0.0","name":"PreventiveCareGuidelines","title":"Preventive Care Guidelines IG","status":"draft","experimental":false,"date":"2021-04-13T01:53:55+00:00","publisher":"U.S. Preventive Services Task Force (USPSTF)","contact":[{"telecom":[{"system":"url","value":"https://www.uspreventiveservicestaskforce.org/uspstf/"}]}],"description":"Implementation guide for preventive care guidelines and patient-directed care plans.","jurisdiction":[{"coding":[{"system":"http://unstats.un.org/unsd/methods/m49/m49.htm","code":"001"}]}],"packageId":"fhir.preventive-care-ig","license":"Apache-2.0","fhirVersion":["4.0.1"],"dependsOn":[{"id":"cpg","uri":"http://hl7.org/fhir/uv/cpg/ImplementationGuide/hl7.fhir.uv.cpg","packageId":"hl7.fhir.uv.cpg","version":"1.0.0"}],"definition":{"extension":[{"extension":[{"url":"code","valueString":"copyrightyear"},{"url":"value","valueString":"2020+"}],"url":"http://hl7.org/fhir/tools/StructureDefinition/ig-parameter"},{"extension":[{"url":"code","valueString":"releaselabel"},{"url":"value","valueString":"CI Build"}],"url":"http://hl7.org/fhir/tools/StructureDefinition/ig-parameter"},{"extension":[{"url":"code","valueString":"path-binary"},{"url":"value","valueString":"input/cql"}],"url":"http://hl7.org/fhir/tools/StructureDefinition/ig-parameter"},{"extension":[{"url":"code","valueString":"excludettl"},{"url":"value","valueString":"true"}],"url":"http://hl7.org/fhir/tools/StructureDefinition/ig-parameter"},{"extension":[{"url":"code","valueString":"excludemap"},{"url":"value","valueString":"true"}],"url":"http://hl7.org/fhir/tools/StructureDefinition/ig-parameter"},{"extension":[{"url":"code","valueString":"path-suppressed-warnings"},{"url":"value","valueString":"input/ignoreWarnings.txt"}],"url":"http://hl7.org/fhir/tools/StructureDefinition/ig-parameter"},{"extension":[{"url":"code","valueString":"autoload-resources"},{"url":"value","valueString":"true"}],"url":"http://hl7.org/fhir/tools/StructureDefinition/ig-parameter"},{"extension":[{"url":"code","valueString":"path-liquid"},{"url":"value","valueString":"template/liquid"}],"url":"http://hl7.org/fhir/tools/StructureDefinition/ig-parameter"},{"extension":[{"url":"code","valueString":"path-liquid"},{"url":"value","valueString":"input/liquid"}],"url":"http://hl7.org/fhir/tools/StructureDefinition/ig-parameter"},{"extension":[{"url":"code","valueString":"path-qa"},{"url":"value","valueString":"temp/qa"}],"url":"http://hl7.org/fhir/tools/StructureDefinition/ig-parameter"},{"extension":[{"url":"code","valueString":"path-temp"},{"url":"value","valueString":"temp/pages"}],"url":"http://hl7.org/fhir/tools/StructureDefinition/ig-parameter"},{"extension":[{"url":"code","valueString":"path-output"},{"url":"value","valueString":"output"}],"url":"http://hl7.org/fhir/tools/StructureDefinition/ig-parameter"},{"extension":[{"url":"code","valueString":"path-history"},{"url":"value","valueString":"http://fhir.org/guides/preventive-care/history.html"}],"url":"http://hl7.org/fhir/tools/StructureDefinition/ig-parameter"},{"extension":[{"url":"code","valueString":"template-html"},{"url":"value","valueString":"template-page.html"}],"url":"http://hl7.org/fhir/tools/StructureDefinition/ig-parameter"},{"extension":[{"url":"code","valueString":"template-md"},{"url":"value","valueString":"template-page-md.html"}],"url":"http://hl7.org/fhir/tools/StructureDefinition/ig-parameter"},{"extension":[{"url":"code","valueString":"apply-contact"},{"url":"value","valueString":"true"}],"url":"http://hl7.org/fhir/tools/StructureDefinition/ig-parameter"},{"extension":[{"url":"code","valueString":"apply-context"},{"url":"value","valueString":"true"}],"url":"http://hl7.org/fhir/tools/StructureDefinition/ig-parameter"},{"extension":[{"url":"code","valueString":"apply-copyright"},{"url":"value","valueString":"true"}],"url":"http://hl7.org/fhir/tools/StructureDefinition/ig-parameter"},{"extension":[{"url":"code","valueString":"apply-jurisdiction"},{"url":"value","valueString":"true"}],"url":"http://hl7.org/fhir/tools/StructureDefinition/ig-parameter"},{"extension":[{"url":"code","valueString":"apply-license"},{"url":"value","valueString":"true"}],"url":"http://hl7.org/fhir/tools/StructureDefinition/ig-parameter"},{"extension":[{"url":"code","valueString":"apply-publisher"},{"url":"value","valueString":"true"}],"url":"http://hl7.org/fhir/tools/StructureDefinition/ig-parameter"},{"extension":[{"url":"code","valueString":"apply-version"},{"url":"value","valueString":"true"}],"url":"http://hl7.org/fhir/tools/StructureDefinition/ig-parameter"},{"extension":[{"url":"code","valueString":"active-tables"},{"url":"value","valueString":"true"}],"url":"http://hl7.org/fhir/tools/StructureDefinition/ig-parameter"}],"grouping":[{"id":"_term_valueset","name":"Terminology: Value Sets","description":"These define sets of codes used by systems conforming to this implementation guide"},{"id":"_ka_activitydefinition","name":"Knowledge Artifacts: Activity Definitions","description":"These define activities that can be performed as part of content in this implementation guide"},{"id":"_ka_plandefinition","name":"Knowledge Artifacts: Plan Definitions","description":"These define workflows, rules, strategies, or protocols as part of content in this implementation guide"},{"id":"_ka_library","name":"Knowledge Artifacts: Libraries","description":"These define logic, asset collections and other libraries as part of content in this implementation guide"}],"resource":[{"extension":[{"url":"http://hl7.org/fhir/StructureDefinition/implementationguide-page","valueUri":"Library-PreventiveCareData.html"}],"reference":{"reference":"Library/PreventiveCareData"},"name":"CQL Library - Preventive Care Shared Data Logic","description":"The Preventive Care Data logic library supports data retrieval for decision support.","groupingId":"_ka_library"},{"extension":[{"url":"http://hl7.org/fhir/StructureDefinition/implementationguide-page","valueUri":"Library-FHIRHelpers-4.0.1.html"}],"reference":{"reference":"Library/FHIRHelpers-4.0.1"},"name":"CQL Library - FHIR Helpers for CDS","description":"CQL Library - FHIR Helpers for CDS","groupingId":"_ka_library"},{"extension":[{"url":"http://hl7.org/fhir/StructureDefinition/implementationguide-page","valueUri":"Library-ProstateCancerScreening.html"}],"reference":{"reference":"Library/ProstateCancerScreening"},"name":"CQL Library - CDS Logic for Prostate Cancer Screening and Personalized Care Plans","description":"This library contains logic to support prostate cancer screening and personalized, patient-centered care plans.","groupingId":"_ka_library"},{"extension":[{"url":"http://hl7.org/fhir/StructureDefinition/implementationguide-page","valueUri":"Library-CDSConnectCommons.html"}],"reference":{"reference":"Library/CDSConnectCommons"},"name":"CQL Library - Common Logic for CDS","description":"CQL Common Logic for CDS providing shared helper functions.","groupingId":"_ka_library"},{"extension":[{"url":"http://hl7.org/fhir/StructureDefinition/implementationguide-page","valueUri":"Library-PreventiveCareHooks.html"}],"reference":{"reference":"Library/PreventiveCareHooks"},"name":"CQL Library - CDS Hooks for Preventive Care Screening and Personalized Care Plans","description":"This library contains logic to support CDS Hooks for the preventive care screening and personalized, patient-centered care plans.","groupingId":"_ka_library"},{"extension":[{"url":"http://hl7.org/fhir/StructureDefinition/implementationguide-page","valueUri":"Library-PreventiveCareConcepts.html"}],"reference":{"reference":"Library/PreventiveCareConcepts"},"name":"CQL Library - Preventive Care Shared Concepts and Terminology","description":"Preventive care shared concepts and terminology imported by other CQL logic libraries.","groupingId":"_ka_library"},{"extension":[{"url":"http://hl7.org/fhir/StructureDefinition/implementationguide-page","valueUri":"PlanDefinition-PreventiveCareScreening.html"}],"reference":{"reference":"PlanDefinition/PreventiveCareScreening"},"name":"PlanDefinition - Recommendations on Prostate Cancer Screening","description":"Recommends decision-making on preventive care screening for Prostate Cancer.","groupingId":"_ka_plandefinition"},{"extension":[{"url":"http://hl7.org/fhir/StructureDefinition/implementationguide-page","valueUri":"PlanDefinition-PreventiveCarePlanning.html"}],"reference":{"reference":"PlanDefinition/PreventiveCarePlanning"},"name":"PlanDefinition - Patient-Directed Care Plan for Prostate Cancer Screening","description":"Create a patient-directed preventive care plan for Prostate Cancer screening.","groupingId":"_ka_plandefinition"},{"extension":[{"url":"http://hl7.org/fhir/StructureDefinition/implementationguide-page","valueUri":"ActivityDefinition-NextStepAction.html"}],"reference":{"reference":"ActivityDefinition/NextStepAction"},"name":"Activity Next Step Action","description":"Activity Definition for next step action in a patient's care plan.","groupingId":"_ka_activitydefinition"},{"extension":[{"url":"http://hl7.org/fhir/StructureDefinition/implementationguide-page","valueUri":"ValueSet-2.16.840.1.113883.3.526.2.215.html"}],"reference":{"reference":"ValueSet/2.16.840.1.113883.3.526.2.215"},"name":"Prostate Specific Antigen Test","description":"This value set contains concepts that represent prostate specific antigen (PSA) test.","groupingId":"_term_valueset"}],"page":{"nameUrl":"toc.html","title":"Table of Contents","generation":"html","page":[{"nameUrl":"index.html","title":"Preventive Care Screening and Care Plans","generation":"html"},{"nameUrl":"background.html","title":"Background","generation":"html"},{"nameUrl":"spec.html","title":"Detailed Specification","generation":"markdown"},{"nameUrl":"downloads.html","title":"Useful Downloads","generation":"html"},{"nameUrl":"changes.html","title":"IG Change History","generation":"html"},{"nameUrl":"artifacts.html","title":"Artifacts Summary","generation":"html","page":[{"nameUrl":"ValueSet-2.16.840.1.113883.3.526.2.215.html","title":"Prostate Specific Antigen Test","generation":"generated"},{"nameUrl":"ActivityDefinition-NextStepAction.html","title":"Activity Next Step Action","generation":"generated"},{"nameUrl":"PlanDefinition-PreventiveCareScreening.html","title":"PlanDefinition - Recommendations on Prostate Cancer Screening","generation":"generated"},{"nameUrl":"PlanDefinition-PreventiveCarePlanning.html","title":"PlanDefinition - Patient-Directed Care Plan for Prostate Cancer Screening","generation":"generated"},{"nameUrl":"Library-PreventiveCareData.html","title":"CQL Library - Preventive Care Shared Data Logic","generation":"generated"},{"nameUrl":"Library-FHIRHelpers-4.0.1.html","title":"CQL Library - FHIR Helpers for CDS","generation":"generated"},{"nameUrl":"Library-ProstateCancerScreening.html","title":"CQL Library - CDS Logic for Prostate Cancer Screening and Personalized Care Plans","generation":"generated"},{"nameUrl":"Library-CDSConnectCommons.html","title":"CQL Library - Common Logic for CDS","generation":"generated"},{"nameUrl":"Library-PreventiveCareHooks.html","title":"CQL Library - CDS Hooks for Preventive Care Screening and Personalized Care Plans","generation":"generated"},{"nameUrl":"Library-PreventiveCareConcepts.html","title":"CQL Library - Preventive Care Shared Concepts and Terminology","generation":"generated"}]}]},"parameter":[{"code":"path-resource","value":"input/resources/library"},{"code":"path-resource","value":"input/resources/plandefinition"},{"code":"path-resource","value":"input/resources/activitydefinition"},{"code":"path-resource","value":"input/vocabulary/codesystem"},{"code":"path-resource","value":"input/vocabulary/valueset"},{"code":"path-resource","value":"input/capabilities"},{"code":"path-resource","value":"input/examples"},{"code":"path-resource","value":"input/extensions"},{"code":"path-resource","value":"input/models"},{"code":"path-resource","value":"input/operations"},{"code":"path-resource","value":"input/profiles"},{"code":"path-resource","value":"input/resources"},{"code":"path-resource","value":"input/vocabulary"},{"code":"path-resource","value":"input/testing"},{"code":"path-resource","value":"input/history"},{"code":"path-resource","value":"fsh-generated/resources"},{"code":"path-pages","value":"template/config"},{"code":"path-pages","value":"input/images"},{"code":"path-tx-cache","value":"input-cache/txcache"}]}}