{"resourceType":"PlanDefinition","id":"PreventiveCareScreening","meta":{"profile":["http://hl7.org/fhir/uv/cpg/StructureDefinition/cpg-recommendationdefinition"]},"extension":[{"url":"http://hl7.org/fhir/uv/cpg/StructureDefinition/cpg-knowledgeCapability","valueCode":"shareable"},{"url":"http://hl7.org/fhir/uv/cpg/StructureDefinition/cpg-knowledgeCapability","valueCode":"computable"},{"url":"http://hl7.org/fhir/uv/cpg/StructureDefinition/cpg-knowledgeCapability","valueCode":"publishable"}],"url":"http://fhir.org/guides/preventive-care/PlanDefinition/PreventiveCareScreening","identifier":[{"use":"official","value":"PlanDefinition_PreventiveCareScreening"}],"version":"1.0.0","name":"ProstateCancerScreening","title":"PlanDefinition - Recommendations on Prostate Cancer Screening","type":{"coding":[{"system":"http://terminology.hl7.org/CodeSystem/plan-definition-type","code":"eca-rule","display":"ECA Rule"}]},"status":"draft","experimental":true,"date":"2021-03-05","publisher":"U.S. Preventive Services Task Force (USPSTF)","contact":[{"telecom":[{"system":"url","value":"https://www.uspreventiveservicestaskforce.org/uspstf/"}]}],"description":"Recommends decision-making on preventive care screening for Prostate Cancer.","jurisdiction":[{"coding":[{"system":"http://unstats.un.org/unsd/methods/m49/m49.htm","code":"001"}]}],"copyright":"© U.S. Preventive Services Task Force (USPSTF) 2020+.","library":["http://fhir.org/guides/preventive-care/Library/PreventiveCareHooks"],"action":[{"title":"Recommendations on Prostate Cancer Screening","description":"Recommends decision-making on preventive care screening for Prostate Cancer.","documentation":[{"type":"documentation","display":"USPSTF recommendation for prostate cancer testing","url":"http://www.uspreventiveservicestaskforce.org/Page/Topic/recommendation-summary/prostate-cancer-screening?ds=1&s=prostate%20cancer"}],"trigger":[{"type":"named-event","name":"patient-view"}],"condition":[{"kind":"applicability","expression":{"language":"text/cql","expression":"Needs Prostate Cancer Screening"}}],"dynamicValue":[{"path":"action.title","expression":{"language":"text/cql","expression":"Needs Prostate Cancer Screening Summary"}},{"path":"action.description","expression":{"language":"text/cql","expression":"Needs Prostate Cancer Screening Detail"}},{"path":"action.extension","expression":{"language":"text/cql","expression":"Needs Prostate Cancer Screening Indicator"}}]}]}