{"resourceType":"ValueSet","id":"2.16.840.1.113883.3.464.1003.108.12.1039","text":{"status":"generated","div":"<div xmlns=\"http://www.w3.org/1999/xhtml\"><p>This value set contains 2 concepts</p><p>All codes in this table are from the system <a href=\"http://terminology.hl7.org/2.1.0/CodeSystem-v3-loinc.html\"><code>http://loinc.org</code></a></p><table class=\"codes\"><tr><td style=\"white-space:nowrap\"><b>Code</b></td><td><b>Display</b></td><td><b>Definition</b></td></tr><tr><td style=\"white-space:nowrap\"><a name=\"http---loinc.org-77353-1\"> </a><a href=\"http://details.loinc.org/LOINC/77353-1.html\">77353-1</a></td><td>Noninvasive colorectal cancer DNA and occult blood screening [Interpretation] in Stool Narrative</td><td/></tr><tr><td style=\"white-space:nowrap\"><a name=\"http---loinc.org-77354-9\"> </a><a href=\"http://details.loinc.org/LOINC/77354-9.html\">77354-9</a></td><td>Noninvasive colorectal cancer DNA and occult blood screening [Presence] in Stool</td><td/></tr></table></div>"},"url":"http://cts.nlm.nih.gov/fhir/ValueSet/2.16.840.1.113883.3.464.1003.108.12.1039","identifier":[{"system":"urn:ietf:rfc:3986","value":"2.16.840.1.113883.3.464.1003.108.12.1039"}],"version":"1.0.0","name":"FITDNA","title":"FIT DNA","status":"active","experimental":false,"date":"2021-09-03T16:48:06+00:00","publisher":"U.S. Preventive Services Task Force (USPSTF)","contact":[{"telecom":[{"system":"url","value":"https://www.uspreventiveservicestaskforce.org/uspstf/"}]}],"jurisdiction":[{"coding":[{"system":"http://unstats.un.org/unsd/methods/m49/m49.htm","code":"001"}]}],"expansion":{"identifier":"20200507","timestamp":"2021-01-14T20:59:46-07:00","contains":[{"system":"http://loinc.org","version":"2.67","code":"77353-1","display":"Noninvasive colorectal cancer DNA and occult blood screening [Interpretation] in Stool Narrative"},{"system":"http://loinc.org","version":"2.67","code":"77354-9","display":"Noninvasive colorectal cancer DNA and occult blood screening [Presence] in Stool"}]}}