{"resourceType":"ValueSet","id":"2.16.840.1.113883.3.464.1003.108.12.1018","text":{"status":"generated","div":"<div xmlns=\"http://www.w3.org/1999/xhtml\"><p>This value set contains 94 concepts</p><table class=\"codes\"><tr><td style=\"white-space:nowrap\"><b>Code</b></td><td><b>System</b></td><td><b>Display</b></td><td><b>Definition</b></td></tr><tr><td style=\"white-space:nowrap\"><a name=\"urn-oid-2.16.840.1.113883.6.285-G0202\"> </a>G0202</td><td>urn:oid:2.16.840.1.113883.6.285</td><td>Screening mammography, bilateral (2-view study of each breast), including computer-aided detection (cad) when performed</td><td/></tr><tr><td style=\"white-space:nowrap\"><a name=\"urn-oid-2.16.840.1.113883.6.285-G0204\"> </a>G0204</td><td>urn:oid:2.16.840.1.113883.6.285</td><td>Diagnostic mammography, including computer-aided detection (cad) when performed; bilateral</td><td/></tr><tr><td style=\"white-space:nowrap\"><a name=\"urn-oid-2.16.840.1.113883.6.285-G0206\"> </a>G0206</td><td>urn:oid:2.16.840.1.113883.6.285</td><td>Diagnostic mammography, including computer-aided detection (cad) when performed; unilateral</td><td/></tr><tr><td style=\"white-space:nowrap\"><a name=\"http---loinc.org-24604-1\"> </a><a href=\"http://details.loinc.org/LOINC/24604-1.html\">24604-1</a></td><td>http://loinc.org</td><td>MG Breast Diagnostic Limited Views</td><td/></tr><tr><td style=\"white-space:nowrap\"><a name=\"http---loinc.org-24605-8\"> </a><a href=\"http://details.loinc.org/LOINC/24605-8.html\">24605-8</a></td><td>http://loinc.org</td><td>MG Breast Diagnostic</td><td/></tr><tr><td style=\"white-space:nowrap\"><a name=\"http---loinc.org-24606-6\"> </a><a href=\"http://details.loinc.org/LOINC/24606-6.html\">24606-6</a></td><td>http://loinc.org</td><td>MG Breast Screening</td><td/></tr><tr><td style=\"white-space:nowrap\"><a name=\"http---loinc.org-24610-8\"> </a><a href=\"http://details.loinc.org/LOINC/24610-8.html\">24610-8</a></td><td>http://loinc.org</td><td>MG Breast Limited Views</td><td/></tr><tr><td style=\"white-space:nowrap\"><a name=\"http---loinc.org-26175-0\"> </a><a href=\"http://details.loinc.org/LOINC/26175-0.html\">26175-0</a></td><td>http://loinc.org</td><td>MG Breast - bilateral Screening</td><td/></tr><tr><td style=\"white-space:nowrap\"><a name=\"http---loinc.org-26176-8\"> </a><a href=\"http://details.loinc.org/LOINC/26176-8.html\">26176-8</a></td><td>http://loinc.org</td><td>MG Breast - left Screening</td><td/></tr><tr><td style=\"white-space:nowrap\"><a name=\"http---loinc.org-26177-6\"> </a><a href=\"http://details.loinc.org/LOINC/26177-6.html\">26177-6</a></td><td>http://loinc.org</td><td>MG Breast - right Screening</td><td/></tr><tr><td style=\"white-space:nowrap\"><a name=\"http---loinc.org-26287-3\"> </a><a href=\"http://details.loinc.org/LOINC/26287-3.html\">26287-3</a></td><td>http://loinc.org</td><td>MG Breast - bilateral Limited Views</td><td/></tr><tr><td style=\"white-space:nowrap\"><a name=\"http---loinc.org-26289-9\"> </a><a href=\"http://details.loinc.org/LOINC/26289-9.html\">26289-9</a></td><td>http://loinc.org</td><td>MG Breast - left Limited Views</td><td/></tr><tr><td style=\"white-space:nowrap\"><a name=\"http---loinc.org-26291-5\"> </a><a href=\"http://details.loinc.org/LOINC/26291-5.html\">26291-5</a></td><td>http://loinc.org</td><td>MG Breast - right Limited Views</td><td/></tr><tr><td style=\"white-space:nowrap\"><a name=\"http---loinc.org-26346-7\"> </a><a href=\"http://details.loinc.org/LOINC/26346-7.html\">26346-7</a></td><td>http://loinc.org</td><td>MG Breast - bilateral Diagnostic</td><td/></tr><tr><td style=\"white-space:nowrap\"><a name=\"http---loinc.org-26347-5\"> </a><a href=\"http://details.loinc.org/LOINC/26347-5.html\">26347-5</a></td><td>http://loinc.org</td><td>MG Breast - left Diagnostic</td><td/></tr><tr><td style=\"white-space:nowrap\"><a name=\"http---loinc.org-26348-3\"> </a><a href=\"http://details.loinc.org/LOINC/26348-3.html\">26348-3</a></td><td>http://loinc.org</td><td>MG Breast - right Diagnostic</td><td/></tr><tr><td style=\"white-space:nowrap\"><a name=\"http---loinc.org-26349-1\"> </a><a href=\"http://details.loinc.org/LOINC/26349-1.html\">26349-1</a></td><td>http://loinc.org</td><td>MG Breast - bilateral Diagnostic Limited Views</td><td/></tr><tr><td style=\"white-space:nowrap\"><a name=\"http---loinc.org-26350-9\"> </a><a href=\"http://details.loinc.org/LOINC/26350-9.html\">26350-9</a></td><td>http://loinc.org</td><td>MG Breast - left Diagnostic Limited Views</td><td/></tr><tr><td style=\"white-space:nowrap\"><a name=\"http---loinc.org-26351-7\"> </a><a href=\"http://details.loinc.org/LOINC/26351-7.html\">26351-7</a></td><td>http://loinc.org</td><td>MG Breast - right Diagnostic Limited Views</td><td/></tr><tr><td style=\"white-space:nowrap\"><a name=\"http---loinc.org-36319-2\"> </a><a href=\"http://details.loinc.org/LOINC/36319-2.html\">36319-2</a></td><td>http://loinc.org</td><td>MG Breast 4 Views</td><td/></tr><tr><td style=\"white-space:nowrap\"><a name=\"http---loinc.org-36625-2\"> </a><a href=\"http://details.loinc.org/LOINC/36625-2.html\">36625-2</a></td><td>http://loinc.org</td><td>MG Breast Views</td><td/></tr><tr><td style=\"white-space:nowrap\"><a name=\"http---loinc.org-36626-0\"> </a><a href=\"http://details.loinc.org/LOINC/36626-0.html\">36626-0</a></td><td>http://loinc.org</td><td>MG Breast - bilateral Views</td><td/></tr><tr><td style=\"white-space:nowrap\"><a name=\"http---loinc.org-36627-8\"> </a><a href=\"http://details.loinc.org/LOINC/36627-8.html\">36627-8</a></td><td>http://loinc.org</td><td>MG Breast - left Views</td><td/></tr><tr><td style=\"white-space:nowrap\"><a name=\"http---loinc.org-36642-7\"> </a><a href=\"http://details.loinc.org/LOINC/36642-7.html\">36642-7</a></td><td>http://loinc.org</td><td>MG Breast - left 2 Views</td><td/></tr><tr><td style=\"white-space:nowrap\"><a name=\"http---loinc.org-36962-9\"> </a><a href=\"http://details.loinc.org/LOINC/36962-9.html\">36962-9</a></td><td>http://loinc.org</td><td>MG Breast Axillary</td><td/></tr><tr><td style=\"white-space:nowrap\"><a name=\"http---loinc.org-37005-6\"> </a><a href=\"http://details.loinc.org/LOINC/37005-6.html\">37005-6</a></td><td>http://loinc.org</td><td>MG Breast - left Magnification</td><td/></tr><tr><td style=\"white-space:nowrap\"><a name=\"http---loinc.org-37006-4\"> </a><a href=\"http://details.loinc.org/LOINC/37006-4.html\">37006-4</a></td><td>http://loinc.org</td><td>MG Breast - bilateral MLO</td><td/></tr><tr><td style=\"white-space:nowrap\"><a name=\"http---loinc.org-37016-3\"> </a><a href=\"http://details.loinc.org/LOINC/37016-3.html\">37016-3</a></td><td>http://loinc.org</td><td>MG Breast - bilateral Rolled Views</td><td/></tr><tr><td style=\"white-space:nowrap\"><a name=\"http---loinc.org-37017-1\"> </a><a href=\"http://details.loinc.org/LOINC/37017-1.html\">37017-1</a></td><td>http://loinc.org</td><td>MG Breast - left Rolled Views</td><td/></tr><tr><td style=\"white-space:nowrap\"><a name=\"http---loinc.org-37028-8\"> </a><a href=\"http://details.loinc.org/LOINC/37028-8.html\">37028-8</a></td><td>http://loinc.org</td><td>MG Breast Tangential</td><td/></tr><tr><td style=\"white-space:nowrap\"><a name=\"http---loinc.org-37029-6\"> </a><a href=\"http://details.loinc.org/LOINC/37029-6.html\">37029-6</a></td><td>http://loinc.org</td><td>MG Breast - bilateral Tangential</td><td/></tr><tr><td style=\"white-space:nowrap\"><a name=\"http---loinc.org-37030-4\"> </a><a href=\"http://details.loinc.org/LOINC/37030-4.html\">37030-4</a></td><td>http://loinc.org</td><td>MG Breast - left Tangential</td><td/></tr><tr><td style=\"white-space:nowrap\"><a name=\"http---loinc.org-37037-9\"> </a><a href=\"http://details.loinc.org/LOINC/37037-9.html\">37037-9</a></td><td>http://loinc.org</td><td>MG Breast True lateral</td><td/></tr><tr><td style=\"white-space:nowrap\"><a name=\"http---loinc.org-37038-7\"> </a><a href=\"http://details.loinc.org/LOINC/37038-7.html\">37038-7</a></td><td>http://loinc.org</td><td>MG Breast - bilateral True lateral</td><td/></tr><tr><td style=\"white-space:nowrap\"><a name=\"http---loinc.org-37052-8\"> </a><a href=\"http://details.loinc.org/LOINC/37052-8.html\">37052-8</a></td><td>http://loinc.org</td><td>MG Breast - bilateral XCCL</td><td/></tr><tr><td style=\"white-space:nowrap\"><a name=\"http---loinc.org-37053-6\"> </a><a href=\"http://details.loinc.org/LOINC/37053-6.html\">37053-6</a></td><td>http://loinc.org</td><td>MG Breast - left XCCL</td><td/></tr><tr><td style=\"white-space:nowrap\"><a name=\"http---loinc.org-37539-4\"> </a><a href=\"http://details.loinc.org/LOINC/37539-4.html\">37539-4</a></td><td>http://loinc.org</td><td>MG Breast Grid Views</td><td/></tr><tr><td style=\"white-space:nowrap\"><a name=\"http---loinc.org-37542-8\"> </a><a href=\"http://details.loinc.org/LOINC/37542-8.html\">37542-8</a></td><td>http://loinc.org</td><td>MG Breast Magnification Views</td><td/></tr><tr><td style=\"white-space:nowrap\"><a name=\"http---loinc.org-37543-6\"> </a><a href=\"http://details.loinc.org/LOINC/37543-6.html\">37543-6</a></td><td>http://loinc.org</td><td>MG Breast - bilateral Magnification Views</td><td/></tr><tr><td style=\"white-space:nowrap\"><a name=\"http---loinc.org-37551-9\"> </a><a href=\"http://details.loinc.org/LOINC/37551-9.html\">37551-9</a></td><td>http://loinc.org</td><td>MG Breast Spot Views</td><td/></tr><tr><td style=\"white-space:nowrap\"><a name=\"http---loinc.org-37552-7\"> </a><a href=\"http://details.loinc.org/LOINC/37552-7.html\">37552-7</a></td><td>http://loinc.org</td><td>MG Breast - bilateral Spot Views</td><td/></tr><tr><td style=\"white-space:nowrap\"><a name=\"http---loinc.org-37553-5\"> </a><a href=\"http://details.loinc.org/LOINC/37553-5.html\">37553-5</a></td><td>http://loinc.org</td><td>MG Breast - left Spot Views compression</td><td/></tr><tr><td style=\"white-space:nowrap\"><a name=\"http---loinc.org-37554-3\"> </a><a href=\"http://details.loinc.org/LOINC/37554-3.html\">37554-3</a></td><td>http://loinc.org</td><td>MG Breast - bilateral Magnification and Spot</td><td/></tr><tr><td style=\"white-space:nowrap\"><a name=\"http---loinc.org-37768-9\"> </a><a href=\"http://details.loinc.org/LOINC/37768-9.html\">37768-9</a></td><td>http://loinc.org</td><td>MG Breast - right 2 Views</td><td/></tr><tr><td style=\"white-space:nowrap\"><a name=\"http---loinc.org-37769-7\"> </a><a href=\"http://details.loinc.org/LOINC/37769-7.html\">37769-7</a></td><td>http://loinc.org</td><td>MG Breast - right Magnification and Spot</td><td/></tr><tr><td style=\"white-space:nowrap\"><a name=\"http---loinc.org-37770-5\"> </a><a href=\"http://details.loinc.org/LOINC/37770-5.html\">37770-5</a></td><td>http://loinc.org</td><td>MG Breast - right Tangential</td><td/></tr><tr><td style=\"white-space:nowrap\"><a name=\"http---loinc.org-37771-3\"> </a><a href=\"http://details.loinc.org/LOINC/37771-3.html\">37771-3</a></td><td>http://loinc.org</td><td>MG Breast - right True lateral</td><td/></tr><tr><td style=\"white-space:nowrap\"><a name=\"http---loinc.org-37772-1\"> </a><a href=\"http://details.loinc.org/LOINC/37772-1.html\">37772-1</a></td><td>http://loinc.org</td><td>MG Breast - right XCCL</td><td/></tr><tr><td style=\"white-space:nowrap\"><a name=\"http---loinc.org-37773-9\"> </a><a href=\"http://details.loinc.org/LOINC/37773-9.html\">37773-9</a></td><td>http://loinc.org</td><td>MG Breast - right Magnification</td><td/></tr><tr><td style=\"white-space:nowrap\"><a name=\"http---loinc.org-37774-7\"> </a><a href=\"http://details.loinc.org/LOINC/37774-7.html\">37774-7</a></td><td>http://loinc.org</td><td>MG Breast - right Views</td><td/></tr><tr><td style=\"white-space:nowrap\"><a name=\"http---loinc.org-37775-4\"> </a><a href=\"http://details.loinc.org/LOINC/37775-4.html\">37775-4</a></td><td>http://loinc.org</td><td>MG Breast - right Rolled Views</td><td/></tr><tr><td style=\"white-space:nowrap\"><a name=\"http---loinc.org-38070-9\"> </a><a href=\"http://details.loinc.org/LOINC/38070-9.html\">38070-9</a></td><td>http://loinc.org</td><td>MG Breast Views for implant</td><td/></tr><tr><td style=\"white-space:nowrap\"><a name=\"http---loinc.org-38071-7\"> </a><a href=\"http://details.loinc.org/LOINC/38071-7.html\">38071-7</a></td><td>http://loinc.org</td><td>MG Breast - bilateral Views for implant</td><td/></tr><tr><td style=\"white-space:nowrap\"><a name=\"http---loinc.org-38072-5\"> </a><a href=\"http://details.loinc.org/LOINC/38072-5.html\">38072-5</a></td><td>http://loinc.org</td><td>MG Breast - left Views for implant</td><td/></tr><tr><td style=\"white-space:nowrap\"><a name=\"http---loinc.org-38090-7\"> </a><a href=\"http://details.loinc.org/LOINC/38090-7.html\">38090-7</a></td><td>http://loinc.org</td><td>MG Breast - bilateral Air gap Views</td><td/></tr><tr><td style=\"white-space:nowrap\"><a name=\"http---loinc.org-38091-5\"> </a><a href=\"http://details.loinc.org/LOINC/38091-5.html\">38091-5</a></td><td>http://loinc.org</td><td>MG Breast - left Air gap Views</td><td/></tr><tr><td style=\"white-space:nowrap\"><a name=\"http---loinc.org-38807-4\"> </a><a href=\"http://details.loinc.org/LOINC/38807-4.html\">38807-4</a></td><td>http://loinc.org</td><td>MG Breast - right Spot Views</td><td/></tr><tr><td style=\"white-space:nowrap\"><a name=\"http---loinc.org-38820-7\"> </a><a href=\"http://details.loinc.org/LOINC/38820-7.html\">38820-7</a></td><td>http://loinc.org</td><td>MG Breast - right Views for implant</td><td/></tr><tr><td style=\"white-space:nowrap\"><a name=\"http---loinc.org-38854-6\"> </a><a href=\"http://details.loinc.org/LOINC/38854-6.html\">38854-6</a></td><td>http://loinc.org</td><td>MG Breast - left Magnification and Spot</td><td/></tr><tr><td style=\"white-space:nowrap\"><a name=\"http---loinc.org-38855-3\"> </a><a href=\"http://details.loinc.org/LOINC/38855-3.html\">38855-3</a></td><td>http://loinc.org</td><td>MG Breast - left True lateral</td><td/></tr><tr><td style=\"white-space:nowrap\"><a name=\"http---loinc.org-39150-8\"> </a><a href=\"http://details.loinc.org/LOINC/39150-8.html\">39150-8</a></td><td>http://loinc.org</td><td>FFD mammogram Breast Views Post Localization</td><td/></tr><tr><td style=\"white-space:nowrap\"><a name=\"http---loinc.org-39152-4\"> </a><a href=\"http://details.loinc.org/LOINC/39152-4.html\">39152-4</a></td><td>http://loinc.org</td><td>FFD mammogram Breast Diagnostic</td><td/></tr><tr><td style=\"white-space:nowrap\"><a name=\"http---loinc.org-39153-2\"> </a><a href=\"http://details.loinc.org/LOINC/39153-2.html\">39153-2</a></td><td>http://loinc.org</td><td>FFD mammogram Breast Screening</td><td/></tr><tr><td style=\"white-space:nowrap\"><a name=\"http---loinc.org-39154-0\"> </a><a href=\"http://details.loinc.org/LOINC/39154-0.html\">39154-0</a></td><td>http://loinc.org</td><td>FFD mammogram Breast - bilateral Diagnostic</td><td/></tr><tr><td style=\"white-space:nowrap\"><a name=\"http---loinc.org-42168-5\"> </a><a href=\"http://details.loinc.org/LOINC/42168-5.html\">42168-5</a></td><td>http://loinc.org</td><td>FFD mammogram Breast - right Diagnostic</td><td/></tr><tr><td style=\"white-space:nowrap\"><a name=\"http---loinc.org-42169-3\"> </a><a href=\"http://details.loinc.org/LOINC/42169-3.html\">42169-3</a></td><td>http://loinc.org</td><td>FFD mammogram Breast - left Diagnostic</td><td/></tr><tr><td style=\"white-space:nowrap\"><a name=\"http---loinc.org-42174-3\"> </a><a href=\"http://details.loinc.org/LOINC/42174-3.html\">42174-3</a></td><td>http://loinc.org</td><td>FFD mammogram Breast - bilateral Screening</td><td/></tr><tr><td style=\"white-space:nowrap\"><a name=\"http---loinc.org-42415-0\"> </a><a href=\"http://details.loinc.org/LOINC/42415-0.html\">42415-0</a></td><td>http://loinc.org</td><td>MG Breast - bilateral Views Post Wire Placement</td><td/></tr><tr><td style=\"white-space:nowrap\"><a name=\"http---loinc.org-42416-8\"> </a><a href=\"http://details.loinc.org/LOINC/42416-8.html\">42416-8</a></td><td>http://loinc.org</td><td>MG Breast - left Views Post Wire Placement</td><td/></tr><tr><td style=\"white-space:nowrap\"><a name=\"http---loinc.org-46335-6\"> </a><a href=\"http://details.loinc.org/LOINC/46335-6.html\">46335-6</a></td><td>http://loinc.org</td><td>MG Breast - bilateral Single view</td><td/></tr><tr><td style=\"white-space:nowrap\"><a name=\"http---loinc.org-46336-4\"> </a><a href=\"http://details.loinc.org/LOINC/46336-4.html\">46336-4</a></td><td>http://loinc.org</td><td>MG Breast - left Single view</td><td/></tr><tr><td style=\"white-space:nowrap\"><a name=\"http---loinc.org-46337-2\"> </a><a href=\"http://details.loinc.org/LOINC/46337-2.html\">46337-2</a></td><td>http://loinc.org</td><td>MG Breast - right Single view</td><td/></tr><tr><td style=\"white-space:nowrap\"><a name=\"http---loinc.org-46338-0\"> </a><a href=\"http://details.loinc.org/LOINC/46338-0.html\">46338-0</a></td><td>http://loinc.org</td><td>MG Breast - unilateral Single view</td><td/></tr><tr><td style=\"white-space:nowrap\"><a name=\"http---loinc.org-46339-8\"> </a><a href=\"http://details.loinc.org/LOINC/46339-8.html\">46339-8</a></td><td>http://loinc.org</td><td>MG Breast - unilateral Views</td><td/></tr><tr><td style=\"white-space:nowrap\"><a name=\"http---loinc.org-46342-2\"> </a><a href=\"http://details.loinc.org/LOINC/46342-2.html\">46342-2</a></td><td>http://loinc.org</td><td>FFD mammogram Breast Views</td><td/></tr><tr><td style=\"white-space:nowrap\"><a name=\"http---loinc.org-46350-5\"> </a><a href=\"http://details.loinc.org/LOINC/46350-5.html\">46350-5</a></td><td>http://loinc.org</td><td>MG Breast - unilateral Diagnostic</td><td/></tr><tr><td style=\"white-space:nowrap\"><a name=\"http---loinc.org-46351-3\"> </a><a href=\"http://details.loinc.org/LOINC/46351-3.html\">46351-3</a></td><td>http://loinc.org</td><td>MG Breast - bilateral Displacement Views for Implant</td><td/></tr><tr><td style=\"white-space:nowrap\"><a name=\"http---loinc.org-46354-7\"> </a><a href=\"http://details.loinc.org/LOINC/46354-7.html\">46354-7</a></td><td>http://loinc.org</td><td>FFD mammogram Breast - right Screening</td><td/></tr><tr><td style=\"white-space:nowrap\"><a name=\"http---loinc.org-46355-4\"> </a><a href=\"http://details.loinc.org/LOINC/46355-4.html\">46355-4</a></td><td>http://loinc.org</td><td>FFD mammogram Breast - left Screening</td><td/></tr><tr><td style=\"white-space:nowrap\"><a name=\"http---loinc.org-46356-2\"> </a><a href=\"http://details.loinc.org/LOINC/46356-2.html\">46356-2</a></td><td>http://loinc.org</td><td>MG Breast - unilateral Screening</td><td/></tr><tr><td style=\"white-space:nowrap\"><a name=\"http---loinc.org-46380-2\"> </a><a href=\"http://details.loinc.org/LOINC/46380-2.html\">46380-2</a></td><td>http://loinc.org</td><td>MG Breast - unilateral Views for implant</td><td/></tr><tr><td style=\"white-space:nowrap\"><a name=\"http---loinc.org-48475-8\"> </a><a href=\"http://details.loinc.org/LOINC/48475-8.html\">48475-8</a></td><td>http://loinc.org</td><td>MG Breast - bilateral Diagnostic for implant</td><td/></tr><tr><td style=\"white-space:nowrap\"><a name=\"http---loinc.org-48492-3\"> </a><a href=\"http://details.loinc.org/LOINC/48492-3.html\">48492-3</a></td><td>http://loinc.org</td><td>MG Breast - bilateral Screening for implant</td><td/></tr><tr><td style=\"white-space:nowrap\"><a name=\"http---loinc.org-69150-1\"> </a><a href=\"http://details.loinc.org/LOINC/69150-1.html\">69150-1</a></td><td>http://loinc.org</td><td>MG Breast - left Diagnostic for implant</td><td/></tr><tr><td style=\"white-space:nowrap\"><a name=\"http---loinc.org-69251-7\"> </a><a href=\"http://details.loinc.org/LOINC/69251-7.html\">69251-7</a></td><td>http://loinc.org</td><td>MG Breast Views Post Wire Placement</td><td/></tr><tr><td style=\"white-space:nowrap\"><a name=\"http---loinc.org-69259-0\"> </a><a href=\"http://details.loinc.org/LOINC/69259-0.html\">69259-0</a></td><td>http://loinc.org</td><td>MG Breast - right Diagnostic for implant</td><td/></tr><tr><td style=\"white-space:nowrap\"><a name=\"http---loinc.org-72137-3\"> </a><a href=\"http://details.loinc.org/LOINC/72137-3.html\">72137-3</a></td><td>http://loinc.org</td><td>DBT Breast - right diagnostic</td><td/></tr><tr><td style=\"white-space:nowrap\"><a name=\"http---loinc.org-72138-1\"> </a><a href=\"http://details.loinc.org/LOINC/72138-1.html\">72138-1</a></td><td>http://loinc.org</td><td>DBT Breast - left diagnostic</td><td/></tr><tr><td style=\"white-space:nowrap\"><a name=\"http---loinc.org-72139-9\"> </a><a href=\"http://details.loinc.org/LOINC/72139-9.html\">72139-9</a></td><td>http://loinc.org</td><td>DBT Breast - bilateral diagnostic</td><td/></tr><tr><td style=\"white-space:nowrap\"><a name=\"http---loinc.org-72140-7\"> </a><a href=\"http://details.loinc.org/LOINC/72140-7.html\">72140-7</a></td><td>http://loinc.org</td><td>DBT Breast - right screening</td><td/></tr><tr><td style=\"white-space:nowrap\"><a name=\"http---loinc.org-72141-5\"> </a><a href=\"http://details.loinc.org/LOINC/72141-5.html\">72141-5</a></td><td>http://loinc.org</td><td>DBT Breast - left screening</td><td/></tr><tr><td style=\"white-space:nowrap\"><a name=\"http---loinc.org-72142-3\"> </a><a href=\"http://details.loinc.org/LOINC/72142-3.html\">72142-3</a></td><td>http://loinc.org</td><td>DBT Breast - bilateral screening</td><td/></tr><tr><td style=\"white-space:nowrap\"><a name=\"http---loinc.org-86462-9\"> </a><a href=\"http://details.loinc.org/LOINC/86462-9.html\">86462-9</a></td><td>http://loinc.org</td><td>DBT Breast - unilateral</td><td/></tr><tr><td style=\"white-space:nowrap\"><a name=\"http---loinc.org-86463-7\"> </a><a href=\"http://details.loinc.org/LOINC/86463-7.html\">86463-7</a></td><td>http://loinc.org</td><td>DBT Breast - bilateral</td><td/></tr></table></div>"},"url":"http://cts.nlm.nih.gov/fhir/ValueSet/2.16.840.1.113883.3.464.1003.108.12.1018","identifier":[{"system":"urn:ietf:rfc:3986","value":"2.16.840.1.113883.3.464.1003.108.12.1018"}],"version":"1.0.0","name":"Mammography","title":"Mammography","status":"active","experimental":false,"date":"2021-09-03T16:48:06+00:00","publisher":"U.S. Preventive Services Task Force (USPSTF)","contact":[{"telecom":[{"system":"url","value":"https://www.uspreventiveservicestaskforce.org/uspstf/"}]}],"jurisdiction":[{"coding":[{"system":"http://unstats.un.org/unsd/methods/m49/m49.htm","code":"001"}]}],"expansion":{"identifier":"20200507","timestamp":"2021-01-14T20:59:46-07:00","contains":[{"system":"urn:oid:2.16.840.1.113883.6.285","version":"2017","code":"G0202","display":"Screening mammography, bilateral (2-view study of each breast), including computer-aided detection (cad) when performed"},{"system":"urn:oid:2.16.840.1.113883.6.285","version":"2017","code":"G0204","display":"Diagnostic mammography, including computer-aided detection (cad) when performed; bilateral"},{"system":"urn:oid:2.16.840.1.113883.6.285","version":"2017","code":"G0206","display":"Diagnostic mammography, including computer-aided detection (cad) when performed; unilateral"},{"system":"http://loinc.org","version":"2.67","code":"24604-1","display":"MG Breast Diagnostic Limited Views"},{"system":"http://loinc.org","version":"2.67","code":"24605-8","display":"MG Breast Diagnostic"},{"system":"http://loinc.org","version":"2.67","code":"24606-6","display":"MG Breast Screening"},{"system":"http://loinc.org","version":"2.67","code":"24610-8","display":"MG Breast Limited Views"},{"system":"http://loinc.org","version":"2.67","code":"26175-0","display":"MG Breast - bilateral Screening"},{"system":"http://loinc.org","version":"2.67","code":"26176-8","display":"MG Breast - left Screening"},{"system":"http://loinc.org","version":"2.67","code":"26177-6","display":"MG Breast - right Screening"},{"system":"http://loinc.org","version":"2.67","code":"26287-3","display":"MG Breast - bilateral Limited Views"},{"system":"http://loinc.org","version":"2.67","code":"26289-9","display":"MG Breast - left Limited Views"},{"system":"http://loinc.org","version":"2.67","code":"26291-5","display":"MG Breast - right Limited Views"},{"system":"http://loinc.org","version":"2.67","code":"26346-7","display":"MG Breast - bilateral Diagnostic"},{"system":"http://loinc.org","version":"2.67","code":"26347-5","display":"MG Breast - left Diagnostic"},{"system":"http://loinc.org","version":"2.67","code":"26348-3","display":"MG Breast - right Diagnostic"},{"system":"http://loinc.org","version":"2.67","code":"26349-1","display":"MG Breast - bilateral Diagnostic Limited Views"},{"system":"http://loinc.org","version":"2.67","code":"26350-9","display":"MG Breast - left Diagnostic Limited Views"},{"system":"http://loinc.org","version":"2.67","code":"26351-7","display":"MG Breast - right Diagnostic Limited Views"},{"system":"http://loinc.org","version":"2.67","code":"36319-2","display":"MG Breast 4 Views"},{"system":"http://loinc.org","version":"2.67","code":"36625-2","display":"MG Breast Views"},{"system":"http://loinc.org","version":"2.67","code":"36626-0","display":"MG Breast - bilateral Views"},{"system":"http://loinc.org","version":"2.67","code":"36627-8","display":"MG Breast - left Views"},{"system":"http://loinc.org","version":"2.67","code":"36642-7","display":"MG Breast - left 2 Views"},{"system":"http://loinc.org","version":"2.67","code":"36962-9","display":"MG Breast Axillary"},{"system":"http://loinc.org","version":"2.67","code":"37005-6","display":"MG Breast - left Magnification"},{"system":"http://loinc.org","version":"2.67","code":"37006-4","display":"MG Breast - bilateral MLO"},{"system":"http://loinc.org","version":"2.67","code":"37016-3","display":"MG Breast - bilateral Rolled Views"},{"system":"http://loinc.org","version":"2.67","code":"37017-1","display":"MG Breast - left Rolled Views"},{"system":"http://loinc.org","version":"2.67","code":"37028-8","display":"MG Breast Tangential"},{"system":"http://loinc.org","version":"2.67","code":"37029-6","display":"MG Breast - bilateral Tangential"},{"system":"http://loinc.org","version":"2.67","code":"37030-4","display":"MG Breast - left Tangential"},{"system":"http://loinc.org","version":"2.67","code":"37037-9","display":"MG Breast True lateral"},{"system":"http://loinc.org","version":"2.67","code":"37038-7","display":"MG Breast - bilateral True lateral"},{"system":"http://loinc.org","version":"2.67","code":"37052-8","display":"MG Breast - bilateral XCCL"},{"system":"http://loinc.org","version":"2.67","code":"37053-6","display":"MG Breast - left XCCL"},{"system":"http://loinc.org","version":"2.67","code":"37539-4","display":"MG Breast Grid Views"},{"system":"http://loinc.org","version":"2.67","code":"37542-8","display":"MG Breast Magnification Views"},{"system":"http://loinc.org","version":"2.67","code":"37543-6","display":"MG Breast - bilateral Magnification Views"},{"system":"http://loinc.org","version":"2.67","code":"37551-9","display":"MG Breast Spot Views"},{"system":"http://loinc.org","version":"2.67","code":"37552-7","display":"MG Breast - bilateral Spot Views"},{"system":"http://loinc.org","version":"2.67","code":"37553-5","display":"MG Breast - left Spot Views compression"},{"system":"http://loinc.org","version":"2.67","code":"37554-3","display":"MG Breast - bilateral Magnification and Spot"},{"system":"http://loinc.org","version":"2.67","code":"37768-9","display":"MG Breast - right 2 Views"},{"system":"http://loinc.org","version":"2.67","code":"37769-7","display":"MG Breast - right Magnification and Spot"},{"system":"http://loinc.org","version":"2.67","code":"37770-5","display":"MG Breast - right Tangential"},{"system":"http://loinc.org","version":"2.67","code":"37771-3","display":"MG Breast - right True lateral"},{"system":"http://loinc.org","version":"2.67","code":"37772-1","display":"MG Breast - right XCCL"},{"system":"http://loinc.org","version":"2.67","code":"37773-9","display":"MG Breast - right Magnification"},{"system":"http://loinc.org","version":"2.67","code":"37774-7","display":"MG Breast - right Views"},{"system":"http://loinc.org","version":"2.67","code":"37775-4","display":"MG Breast - right Rolled Views"},{"system":"http://loinc.org","version":"2.67","code":"38070-9","display":"MG Breast Views for implant"},{"system":"http://loinc.org","version":"2.67","code":"38071-7","display":"MG Breast - bilateral Views for implant"},{"system":"http://loinc.org","version":"2.67","code":"38072-5","display":"MG Breast - left Views for implant"},{"system":"http://loinc.org","version":"2.67","code":"38090-7","display":"MG Breast - bilateral Air gap Views"},{"system":"http://loinc.org","version":"2.67","code":"38091-5","display":"MG Breast - left Air gap Views"},{"system":"http://loinc.org","version":"2.67","code":"38807-4","display":"MG Breast - right Spot Views"},{"system":"http://loinc.org","version":"2.67","code":"38820-7","display":"MG Breast - right Views for implant"},{"system":"http://loinc.org","version":"2.67","code":"38854-6","display":"MG Breast - left Magnification and Spot"},{"system":"http://loinc.org","version":"2.67","code":"38855-3","display":"MG Breast - left True lateral"},{"system":"http://loinc.org","version":"2.67","code":"39150-8","display":"FFD mammogram Breast Views Post Localization"},{"system":"http://loinc.org","version":"2.67","code":"39152-4","display":"FFD mammogram Breast Diagnostic"},{"system":"http://loinc.org","version":"2.67","code":"39153-2","display":"FFD mammogram Breast Screening"},{"system":"http://loinc.org","version":"2.67","code":"39154-0","display":"FFD mammogram Breast - bilateral Diagnostic"},{"system":"http://loinc.org","version":"2.67","code":"42168-5","display":"FFD mammogram Breast - right Diagnostic"},{"system":"http://loinc.org","version":"2.67","code":"42169-3","display":"FFD mammogram Breast - left Diagnostic"},{"system":"http://loinc.org","version":"2.67","code":"42174-3","display":"FFD mammogram Breast - bilateral Screening"},{"system":"http://loinc.org","version":"2.67","code":"42415-0","display":"MG Breast - bilateral Views Post Wire Placement"},{"system":"http://loinc.org","version":"2.67","code":"42416-8","display":"MG Breast - left Views Post Wire Placement"},{"system":"http://loinc.org","version":"2.67","code":"46335-6","display":"MG Breast - bilateral Single view"},{"system":"http://loinc.org","version":"2.67","code":"46336-4","display":"MG Breast - left Single view"},{"system":"http://loinc.org","version":"2.67","code":"46337-2","display":"MG Breast - right Single view"},{"system":"http://loinc.org","version":"2.67","code":"46338-0","display":"MG Breast - unilateral Single view"},{"system":"http://loinc.org","version":"2.67","code":"46339-8","display":"MG Breast - unilateral Views"},{"system":"http://loinc.org","version":"2.67","code":"46342-2","display":"FFD mammogram Breast Views"},{"system":"http://loinc.org","version":"2.67","code":"46350-5","display":"MG Breast - unilateral Diagnostic"},{"system":"http://loinc.org","version":"2.67","code":"46351-3","display":"MG Breast - bilateral Displacement Views for Implant"},{"system":"http://loinc.org","version":"2.67","code":"46354-7","display":"FFD mammogram Breast - right Screening"},{"system":"http://loinc.org","version":"2.67","code":"46355-4","display":"FFD mammogram Breast - left Screening"},{"system":"http://loinc.org","version":"2.67","code":"46356-2","display":"MG Breast - unilateral Screening"},{"system":"http://loinc.org","version":"2.67","code":"46380-2","display":"MG Breast - unilateral Views for implant"},{"system":"http://loinc.org","version":"2.67","code":"48475-8","display":"MG Breast - bilateral Diagnostic for implant"},{"system":"http://loinc.org","version":"2.67","code":"48492-3","display":"MG Breast - bilateral Screening for implant"},{"system":"http://loinc.org","version":"2.67","code":"69150-1","display":"MG Breast - left Diagnostic for implant"},{"system":"http://loinc.org","version":"2.67","code":"69251-7","display":"MG Breast Views Post Wire Placement"},{"system":"http://loinc.org","version":"2.67","code":"69259-0","display":"MG Breast - right Diagnostic for implant"},{"system":"http://loinc.org","version":"2.67","code":"72137-3","display":"DBT Breast - right diagnostic"},{"system":"http://loinc.org","version":"2.67","code":"72138-1","display":"DBT Breast - left diagnostic"},{"system":"http://loinc.org","version":"2.67","code":"72139-9","display":"DBT Breast - bilateral diagnostic"},{"system":"http://loinc.org","version":"2.67","code":"72140-7","display":"DBT Breast - right screening"},{"system":"http://loinc.org","version":"2.67","code":"72141-5","display":"DBT Breast - left screening"},{"system":"http://loinc.org","version":"2.67","code":"72142-3","display":"DBT Breast - bilateral screening"},{"system":"http://loinc.org","version":"2.67","code":"86462-9","display":"DBT Breast - unilateral"},{"system":"http://loinc.org","version":"2.67","code":"86463-7","display":"DBT Breast - bilateral"}]}}