{"resourceType":"ValueSet","id":"2.16.840.1.113883.3.464.1003.199.12.1036","text":{"status":"generated","div":"<div xmlns=\"http://www.w3.org/1999/xhtml\"><p>This value set contains 24 concepts</p><table class=\"codes\"><tr><td style=\"white-space:nowrap\"><b>Code</b></td><td><b>System</b></td><td><b>Display</b></td><td><b>Definition</b></td></tr><tr><td style=\"white-space:nowrap\"><a name=\"http---hl7.org-fhir-sid-icd-10-cm-F50.00\"> </a>F50.00</td><td>http://hl7.org/fhir/sid/icd-10-cm</td><td>Anorexia nervosa, unspecified</td><td/></tr><tr><td style=\"white-space:nowrap\"><a name=\"http---hl7.org-fhir-sid-icd-10-cm-F50.01\"> </a>F50.01</td><td>http://hl7.org/fhir/sid/icd-10-cm</td><td>Anorexia nervosa, restricting type</td><td/></tr><tr><td style=\"white-space:nowrap\"><a name=\"http---hl7.org-fhir-sid-icd-10-cm-F50.02\"> </a>F50.02</td><td>http://hl7.org/fhir/sid/icd-10-cm</td><td>Anorexia nervosa, binge eating/purging type</td><td/></tr><tr><td style=\"white-space:nowrap\"><a name=\"http---hl7.org-fhir-sid-icd-10-cm-F50.2\"> </a>F50.2</td><td>http://hl7.org/fhir/sid/icd-10-cm</td><td>Bulimia nervosa</td><td/></tr><tr><td style=\"white-space:nowrap\"><a name=\"http---hl7.org-fhir-sid-icd-10-cm-F50.82\"> </a>F50.82</td><td>http://hl7.org/fhir/sid/icd-10-cm</td><td>Avoidant/restrictive food intake disorder</td><td/></tr><tr><td style=\"white-space:nowrap\"><a name=\"http---hl7.org-fhir-sid-icd-10-cm-F50.9\"> </a>F50.9</td><td>http://hl7.org/fhir/sid/icd-10-cm</td><td>Eating disorder, unspecified</td><td/></tr><tr><td style=\"white-space:nowrap\"><a name=\"http---hl7.org-fhir-sid-icd-10-cm-R63.0\"> </a>R63.0</td><td>http://hl7.org/fhir/sid/icd-10-cm</td><td>Anorexia</td><td/></tr><tr><td style=\"white-space:nowrap\"><a name=\"http---terminology.hl7.org-CodeSystem-icd9cm-307.1\"> </a>307.1</td><td>http://terminology.hl7.org/CodeSystem/icd9cm</td><td>Anorexia nervosa</td><td/></tr><tr><td style=\"white-space:nowrap\"><a name=\"http---terminology.hl7.org-CodeSystem-icd9cm-307.50\"> </a>307.50</td><td>http://terminology.hl7.org/CodeSystem/icd9cm</td><td>Eating disorder, unspecified</td><td/></tr><tr><td style=\"white-space:nowrap\"><a name=\"http---terminology.hl7.org-CodeSystem-icd9cm-307.51\"> </a>307.51</td><td>http://terminology.hl7.org/CodeSystem/icd9cm</td><td>Bulimia nervosa</td><td/></tr><tr><td style=\"white-space:nowrap\"><a name=\"http---terminology.hl7.org-CodeSystem-icd9cm-307.54\"> </a>307.54</td><td>http://terminology.hl7.org/CodeSystem/icd9cm</td><td>Psychogenic vomiting</td><td/></tr><tr><td style=\"white-space:nowrap\"><a name=\"http---terminology.hl7.org-CodeSystem-icd9cm-307.59\"> </a>307.59</td><td>http://terminology.hl7.org/CodeSystem/icd9cm</td><td>Other disorders of eating</td><td/></tr><tr><td style=\"white-space:nowrap\"><a name=\"http---terminology.hl7.org-CodeSystem-icd9cm-783.0\"> </a>783.0</td><td>http://terminology.hl7.org/CodeSystem/icd9cm</td><td>Anorexia</td><td/></tr><tr><td style=\"white-space:nowrap\"><a name=\"http---snomed.info-sct-231522009\"> </a><a href=\"http://browser.ihtsdotools.org/?perspective=full&amp;conceptId1=231522009\">231522009</a></td><td>http://snomed.info/sct</td><td>Atypical anorexia nervosa (disorder)</td><td/></tr><tr><td style=\"white-space:nowrap\"><a name=\"http---snomed.info-sct-231523004\"> </a><a href=\"http://browser.ihtsdotools.org/?perspective=full&amp;conceptId1=231523004\">231523004</a></td><td>http://snomed.info/sct</td><td>Atypical bulimia nervosa (disorder)</td><td/></tr><tr><td style=\"white-space:nowrap\"><a name=\"http---snomed.info-sct-32721004\"> </a><a href=\"http://browser.ihtsdotools.org/?perspective=full&amp;conceptId1=32721004\">32721004</a></td><td>http://snomed.info/sct</td><td>Bulimia nervosa, purging type (disorder)</td><td/></tr><tr><td style=\"white-space:nowrap\"><a name=\"http---snomed.info-sct-427469003\"> </a><a href=\"http://browser.ihtsdotools.org/?perspective=full&amp;conceptId1=427469003\">427469003</a></td><td>http://snomed.info/sct</td><td>Eating disorder in remission (disorder)</td><td/></tr><tr><td style=\"white-space:nowrap\"><a name=\"http---snomed.info-sct-439960005\"> </a><a href=\"http://browser.ihtsdotools.org/?perspective=full&amp;conceptId1=439960005\">439960005</a></td><td>http://snomed.info/sct</td><td>Binge eating disorder (disorder)</td><td/></tr><tr><td style=\"white-space:nowrap\"><a name=\"http---snomed.info-sct-56882008\"> </a><a href=\"http://browser.ihtsdotools.org/?perspective=full&amp;conceptId1=56882008\">56882008</a></td><td>http://snomed.info/sct</td><td>Anorexia nervosa (disorder)</td><td/></tr><tr><td style=\"white-space:nowrap\"><a name=\"http---snomed.info-sct-59645001\"> </a><a href=\"http://browser.ihtsdotools.org/?perspective=full&amp;conceptId1=59645001\">59645001</a></td><td>http://snomed.info/sct</td><td>Bulimia nervosa, nonpurging type (disorder)</td><td/></tr><tr><td style=\"white-space:nowrap\"><a name=\"http---snomed.info-sct-63393005\"> </a><a href=\"http://browser.ihtsdotools.org/?perspective=full&amp;conceptId1=63393005\">63393005</a></td><td>http://snomed.info/sct</td><td>Anorexia nervosa, binge-eating purging type (disorder)</td><td/></tr><tr><td style=\"white-space:nowrap\"><a name=\"http---snomed.info-sct-72366004\"> </a><a href=\"http://browser.ihtsdotools.org/?perspective=full&amp;conceptId1=72366004\">72366004</a></td><td>http://snomed.info/sct</td><td>Eating disorder (disorder)</td><td/></tr><tr><td style=\"white-space:nowrap\"><a name=\"http---snomed.info-sct-77675002\"> </a><a href=\"http://browser.ihtsdotools.org/?perspective=full&amp;conceptId1=77675002\">77675002</a></td><td>http://snomed.info/sct</td><td>Anorexia nervosa, restricting type (disorder)</td><td/></tr><tr><td style=\"white-space:nowrap\"><a name=\"http---snomed.info-sct-78004001\"> </a><a href=\"http://browser.ihtsdotools.org/?perspective=full&amp;conceptId1=78004001\">78004001</a></td><td>http://snomed.info/sct</td><td>Bulimia nervosa (disorder)</td><td/></tr></table></div>"},"url":"http://cts.nlm.nih.gov/fhir/ValueSet/2.16.840.1.113883.3.464.1003.199.12.1036","identifier":[{"system":"urn:ietf:rfc:3986","value":"2.16.840.1.113883.3.464.1003.199.12.1036"}],"version":"1.0.0","name":"ChronicMalnutrition","title":"Chronic Malnutrition","status":"active","experimental":false,"date":"2021-09-03T16:48:06+00:00","publisher":"U.S. Preventive Services Task Force (USPSTF)","contact":[{"telecom":[{"system":"url","value":"https://www.uspreventiveservicestaskforce.org/uspstf/"}]}],"jurisdiction":[{"coding":[{"system":"http://unstats.un.org/unsd/methods/m49/m49.htm","code":"001"}]}],"expansion":{"identifier":"20200507","timestamp":"2021-01-14T20:59:47-07:00","contains":[{"system":"http://hl7.org/fhir/sid/icd-10-cm","version":"2020","code":"F50.00","display":"Anorexia nervosa, unspecified"},{"system":"http://hl7.org/fhir/sid/icd-10-cm","version":"2020","code":"F50.01","display":"Anorexia nervosa, restricting type"},{"system":"http://hl7.org/fhir/sid/icd-10-cm","version":"2020","code":"F50.02","display":"Anorexia nervosa, binge eating/purging type"},{"system":"http://hl7.org/fhir/sid/icd-10-cm","version":"2020","code":"F50.2","display":"Bulimia nervosa"},{"system":"http://hl7.org/fhir/sid/icd-10-cm","version":"2020","code":"F50.82","display":"Avoidant/restrictive food intake disorder"},{"system":"http://hl7.org/fhir/sid/icd-10-cm","version":"2020","code":"F50.9","display":"Eating disorder, unspecified"},{"system":"http://hl7.org/fhir/sid/icd-10-cm","version":"2020","code":"R63.0","display":"Anorexia"},{"system":"http://terminology.hl7.org/CodeSystem/icd9cm","version":"2013","code":"307.1","display":"Anorexia nervosa"},{"system":"http://terminology.hl7.org/CodeSystem/icd9cm","version":"2013","code":"307.50","display":"Eating disorder, unspecified"},{"system":"http://terminology.hl7.org/CodeSystem/icd9cm","version":"2013","code":"307.51","display":"Bulimia nervosa"},{"system":"http://terminology.hl7.org/CodeSystem/icd9cm","version":"2013","code":"307.54","display":"Psychogenic vomiting"},{"system":"http://terminology.hl7.org/CodeSystem/icd9cm","version":"2013","code":"307.59","display":"Other disorders of eating"},{"system":"http://terminology.hl7.org/CodeSystem/icd9cm","version":"2013","code":"783.0","display":"Anorexia"},{"system":"http://snomed.info/sct","version":"2019-09","code":"231522009","display":"Atypical anorexia nervosa (disorder)"},{"system":"http://snomed.info/sct","version":"2019-09","code":"231523004","display":"Atypical bulimia nervosa (disorder)"},{"system":"http://snomed.info/sct","version":"2019-09","code":"32721004","display":"Bulimia nervosa, purging type (disorder)"},{"system":"http://snomed.info/sct","version":"2019-09","code":"427469003","display":"Eating disorder in remission (disorder)"},{"system":"http://snomed.info/sct","version":"2019-09","code":"439960005","display":"Binge eating disorder (disorder)"},{"system":"http://snomed.info/sct","version":"2019-09","code":"56882008","display":"Anorexia nervosa (disorder)"},{"system":"http://snomed.info/sct","version":"2019-09","code":"59645001","display":"Bulimia nervosa, nonpurging type (disorder)"},{"system":"http://snomed.info/sct","version":"2019-09","code":"63393005","display":"Anorexia nervosa, binge-eating purging type (disorder)"},{"system":"http://snomed.info/sct","version":"2019-09","code":"72366004","display":"Eating disorder (disorder)"},{"system":"http://snomed.info/sct","version":"2019-09","code":"77675002","display":"Anorexia nervosa, restricting type (disorder)"},{"system":"http://snomed.info/sct","version":"2019-09","code":"78004001","display":"Bulimia nervosa (disorder)"}]}}