{"resourceType":"ValueSet","id":"2.16.840.1.113883.3.464.1003.108.12.1001","text":{"status":"generated","div":"<div xmlns=\"http://www.w3.org/1999/xhtml\"><p>This value set contains 81 concepts</p><table class=\"codes\"><tr><td style=\"white-space:nowrap\"><b>Code</b></td><td><b>System</b></td><td><b>Display</b></td><td><b>Definition</b></td></tr><tr><td style=\"white-space:nowrap\"><a name=\"http---hl7.org-fhir-sid-icd-10-cm-C18.0\"> </a>C18.0</td><td>http://hl7.org/fhir/sid/icd-10-cm</td><td>Malignant neoplasm of cecum</td><td/></tr><tr><td style=\"white-space:nowrap\"><a name=\"http---hl7.org-fhir-sid-icd-10-cm-C18.1\"> </a>C18.1</td><td>http://hl7.org/fhir/sid/icd-10-cm</td><td>Malignant neoplasm of appendix</td><td/></tr><tr><td style=\"white-space:nowrap\"><a name=\"http---hl7.org-fhir-sid-icd-10-cm-C18.2\"> </a>C18.2</td><td>http://hl7.org/fhir/sid/icd-10-cm</td><td>Malignant neoplasm of ascending colon</td><td/></tr><tr><td style=\"white-space:nowrap\"><a name=\"http---hl7.org-fhir-sid-icd-10-cm-C18.3\"> </a>C18.3</td><td>http://hl7.org/fhir/sid/icd-10-cm</td><td>Malignant neoplasm of hepatic flexure</td><td/></tr><tr><td style=\"white-space:nowrap\"><a name=\"http---hl7.org-fhir-sid-icd-10-cm-C18.4\"> </a>C18.4</td><td>http://hl7.org/fhir/sid/icd-10-cm</td><td>Malignant neoplasm of transverse colon</td><td/></tr><tr><td style=\"white-space:nowrap\"><a name=\"http---hl7.org-fhir-sid-icd-10-cm-C18.5\"> </a>C18.5</td><td>http://hl7.org/fhir/sid/icd-10-cm</td><td>Malignant neoplasm of splenic flexure</td><td/></tr><tr><td style=\"white-space:nowrap\"><a name=\"http---hl7.org-fhir-sid-icd-10-cm-C18.6\"> </a>C18.6</td><td>http://hl7.org/fhir/sid/icd-10-cm</td><td>Malignant neoplasm of descending colon</td><td/></tr><tr><td style=\"white-space:nowrap\"><a name=\"http---hl7.org-fhir-sid-icd-10-cm-C18.7\"> </a>C18.7</td><td>http://hl7.org/fhir/sid/icd-10-cm</td><td>Malignant neoplasm of sigmoid colon</td><td/></tr><tr><td style=\"white-space:nowrap\"><a name=\"http---hl7.org-fhir-sid-icd-10-cm-C18.8\"> </a>C18.8</td><td>http://hl7.org/fhir/sid/icd-10-cm</td><td>Malignant neoplasm of overlapping sites of colon</td><td/></tr><tr><td style=\"white-space:nowrap\"><a name=\"http---hl7.org-fhir-sid-icd-10-cm-C18.9\"> </a>C18.9</td><td>http://hl7.org/fhir/sid/icd-10-cm</td><td>Malignant neoplasm of colon, unspecified</td><td/></tr><tr><td style=\"white-space:nowrap\"><a name=\"http---hl7.org-fhir-sid-icd-10-cm-C19\"> </a>C19</td><td>http://hl7.org/fhir/sid/icd-10-cm</td><td>Malignant neoplasm of rectosigmoid junction</td><td/></tr><tr><td style=\"white-space:nowrap\"><a name=\"http---hl7.org-fhir-sid-icd-10-cm-C20\"> </a>C20</td><td>http://hl7.org/fhir/sid/icd-10-cm</td><td>Malignant neoplasm of rectum</td><td/></tr><tr><td style=\"white-space:nowrap\"><a name=\"http---hl7.org-fhir-sid-icd-10-cm-C21.2\"> </a>C21.2</td><td>http://hl7.org/fhir/sid/icd-10-cm</td><td>Malignant neoplasm of cloacogenic zone</td><td/></tr><tr><td style=\"white-space:nowrap\"><a name=\"http---hl7.org-fhir-sid-icd-10-cm-C21.8\"> </a>C21.8</td><td>http://hl7.org/fhir/sid/icd-10-cm</td><td>Malignant neoplasm of overlapping sites of rectum, anus and anal canal</td><td/></tr><tr><td style=\"white-space:nowrap\"><a name=\"http---hl7.org-fhir-sid-icd-10-cm-C78.5\"> </a>C78.5</td><td>http://hl7.org/fhir/sid/icd-10-cm</td><td>Secondary malignant neoplasm of large intestine and rectum</td><td/></tr><tr><td style=\"white-space:nowrap\"><a name=\"http---terminology.hl7.org-CodeSystem-icd9cm-153.0\"> </a>153.0</td><td>http://terminology.hl7.org/CodeSystem/icd9cm</td><td>Malignant neoplasm of hepatic flexure</td><td/></tr><tr><td style=\"white-space:nowrap\"><a name=\"http---terminology.hl7.org-CodeSystem-icd9cm-153.1\"> </a>153.1</td><td>http://terminology.hl7.org/CodeSystem/icd9cm</td><td>Malignant neoplasm of transverse colon</td><td/></tr><tr><td style=\"white-space:nowrap\"><a name=\"http---terminology.hl7.org-CodeSystem-icd9cm-153.2\"> </a>153.2</td><td>http://terminology.hl7.org/CodeSystem/icd9cm</td><td>Malignant neoplasm of descending colon</td><td/></tr><tr><td style=\"white-space:nowrap\"><a name=\"http---terminology.hl7.org-CodeSystem-icd9cm-153.3\"> </a>153.3</td><td>http://terminology.hl7.org/CodeSystem/icd9cm</td><td>Malignant neoplasm of sigmoid colon</td><td/></tr><tr><td style=\"white-space:nowrap\"><a name=\"http---terminology.hl7.org-CodeSystem-icd9cm-153.4\"> </a>153.4</td><td>http://terminology.hl7.org/CodeSystem/icd9cm</td><td>Malignant neoplasm of cecum</td><td/></tr><tr><td style=\"white-space:nowrap\"><a name=\"http---terminology.hl7.org-CodeSystem-icd9cm-153.5\"> </a>153.5</td><td>http://terminology.hl7.org/CodeSystem/icd9cm</td><td>Malignant neoplasm of appendix vermiformis</td><td/></tr><tr><td style=\"white-space:nowrap\"><a name=\"http---terminology.hl7.org-CodeSystem-icd9cm-153.6\"> </a>153.6</td><td>http://terminology.hl7.org/CodeSystem/icd9cm</td><td>Malignant neoplasm of ascending colon</td><td/></tr><tr><td style=\"white-space:nowrap\"><a name=\"http---terminology.hl7.org-CodeSystem-icd9cm-153.7\"> </a>153.7</td><td>http://terminology.hl7.org/CodeSystem/icd9cm</td><td>Malignant neoplasm of splenic flexure</td><td/></tr><tr><td style=\"white-space:nowrap\"><a name=\"http---terminology.hl7.org-CodeSystem-icd9cm-153.8\"> </a>153.8</td><td>http://terminology.hl7.org/CodeSystem/icd9cm</td><td>Malignant neoplasm of other specified sites of large intestine</td><td/></tr><tr><td style=\"white-space:nowrap\"><a name=\"http---terminology.hl7.org-CodeSystem-icd9cm-153.9\"> </a>153.9</td><td>http://terminology.hl7.org/CodeSystem/icd9cm</td><td>Malignant neoplasm of colon, unspecified site</td><td/></tr><tr><td style=\"white-space:nowrap\"><a name=\"http---terminology.hl7.org-CodeSystem-icd9cm-154.0\"> </a>154.0</td><td>http://terminology.hl7.org/CodeSystem/icd9cm</td><td>Malignant neoplasm of rectosigmoid junction</td><td/></tr><tr><td style=\"white-space:nowrap\"><a name=\"http---terminology.hl7.org-CodeSystem-icd9cm-154.1\"> </a>154.1</td><td>http://terminology.hl7.org/CodeSystem/icd9cm</td><td>Malignant neoplasm of rectum</td><td/></tr><tr><td style=\"white-space:nowrap\"><a name=\"http---terminology.hl7.org-CodeSystem-icd9cm-197.5\"> </a>197.5</td><td>http://terminology.hl7.org/CodeSystem/icd9cm</td><td>Secondary malignant neoplasm of large intestine and rectum</td><td/></tr><tr><td style=\"white-space:nowrap\"><a name=\"http---snomed.info-sct-716654007\"> </a><a href=\"http://browser.ihtsdotools.org/?perspective=full&amp;conceptId1=716654007\">716654007</a></td><td>http://snomed.info/sct</td><td>Non-polyposis Turcot syndrome (disorder)</td><td/></tr><tr><td style=\"white-space:nowrap\"><a name=\"http---snomed.info-sct-109838007\"> </a><a href=\"http://browser.ihtsdotools.org/?perspective=full&amp;conceptId1=109838007\">109838007</a></td><td>http://snomed.info/sct</td><td>Overlapping malignant neoplasm of colon (disorder)</td><td/></tr><tr><td style=\"white-space:nowrap\"><a name=\"http---snomed.info-sct-130381000119103\"> </a><a href=\"http://browser.ihtsdotools.org/?perspective=full&amp;conceptId1=130381000119103\">130381000119103</a></td><td>http://snomed.info/sct</td><td>Primary malignant neuroendocrine neoplasm of ascending colon (disorder)</td><td/></tr><tr><td style=\"white-space:nowrap\"><a name=\"http---snomed.info-sct-133751000119102\"> </a><a href=\"http://browser.ihtsdotools.org/?perspective=full&amp;conceptId1=133751000119102\">133751000119102</a></td><td>http://snomed.info/sct</td><td>Lymphoma of colon (disorder)</td><td/></tr><tr><td style=\"white-space:nowrap\"><a name=\"http---snomed.info-sct-1701000119104\"> </a><a href=\"http://browser.ihtsdotools.org/?perspective=full&amp;conceptId1=1701000119104\">1701000119104</a></td><td>http://snomed.info/sct</td><td>Primary adenocarcinoma of colon (disorder)</td><td/></tr><tr><td style=\"white-space:nowrap\"><a name=\"http---snomed.info-sct-184881000119106\"> </a><a href=\"http://browser.ihtsdotools.org/?perspective=full&amp;conceptId1=184881000119106\">184881000119106</a></td><td>http://snomed.info/sct</td><td>Primary adenocarcinoma of rectosigmoid junction (disorder)</td><td/></tr><tr><td style=\"white-space:nowrap\"><a name=\"http---snomed.info-sct-187757001\"> </a><a href=\"http://browser.ihtsdotools.org/?perspective=full&amp;conceptId1=187757001\">187757001</a></td><td>http://snomed.info/sct</td><td>Malignant neoplasm, overlapping lesion of colon (disorder)</td><td/></tr><tr><td style=\"white-space:nowrap\"><a name=\"http---snomed.info-sct-269533000\"> </a><a href=\"http://browser.ihtsdotools.org/?perspective=full&amp;conceptId1=269533000\">269533000</a></td><td>http://snomed.info/sct</td><td>Carcinoma of colon (disorder)</td><td/></tr><tr><td style=\"white-space:nowrap\"><a name=\"http---snomed.info-sct-269544008\"> </a><a href=\"http://browser.ihtsdotools.org/?perspective=full&amp;conceptId1=269544008\">269544008</a></td><td>http://snomed.info/sct</td><td>Carcinoma of the rectosigmoid junction (disorder)</td><td/></tr><tr><td style=\"white-space:nowrap\"><a name=\"http---snomed.info-sct-285312008\"> </a><a href=\"http://browser.ihtsdotools.org/?perspective=full&amp;conceptId1=285312008\">285312008</a></td><td>http://snomed.info/sct</td><td>Carcinoma of sigmoid colon (disorder)</td><td/></tr><tr><td style=\"white-space:nowrap\"><a name=\"http---snomed.info-sct-285611007\"> </a><a href=\"http://browser.ihtsdotools.org/?perspective=full&amp;conceptId1=285611007\">285611007</a></td><td>http://snomed.info/sct</td><td>Metastasis to colon of unknown primary (disorder)</td><td/></tr><tr><td style=\"white-space:nowrap\"><a name=\"http---snomed.info-sct-301756000\"> </a><a href=\"http://browser.ihtsdotools.org/?perspective=full&amp;conceptId1=301756000\">301756000</a></td><td>http://snomed.info/sct</td><td>Adenocarcinoma of sigmoid colon (disorder)</td><td/></tr><tr><td style=\"white-space:nowrap\"><a name=\"http---snomed.info-sct-312111009\"> </a><a href=\"http://browser.ihtsdotools.org/?perspective=full&amp;conceptId1=312111009\">312111009</a></td><td>http://snomed.info/sct</td><td>Carcinoma of ascending colon (disorder)</td><td/></tr><tr><td style=\"white-space:nowrap\"><a name=\"http---snomed.info-sct-312112002\"> </a><a href=\"http://browser.ihtsdotools.org/?perspective=full&amp;conceptId1=312112002\">312112002</a></td><td>http://snomed.info/sct</td><td>Carcinoma of transverse colon (disorder)</td><td/></tr><tr><td style=\"white-space:nowrap\"><a name=\"http---snomed.info-sct-312113007\"> </a><a href=\"http://browser.ihtsdotools.org/?perspective=full&amp;conceptId1=312113007\">312113007</a></td><td>http://snomed.info/sct</td><td>Carcinoma of descending colon (disorder)</td><td/></tr><tr><td style=\"white-space:nowrap\"><a name=\"http---snomed.info-sct-312114001\"> </a><a href=\"http://browser.ihtsdotools.org/?perspective=full&amp;conceptId1=312114001\">312114001</a></td><td>http://snomed.info/sct</td><td>Carcinoma of hepatic flexure (disorder)</td><td/></tr><tr><td style=\"white-space:nowrap\"><a name=\"http---snomed.info-sct-312115000\"> </a><a href=\"http://browser.ihtsdotools.org/?perspective=full&amp;conceptId1=312115000\">312115000</a></td><td>http://snomed.info/sct</td><td>Carcinoma of splenic flexure (disorder)</td><td/></tr><tr><td style=\"white-space:nowrap\"><a name=\"http---snomed.info-sct-314965007\"> </a><a href=\"http://browser.ihtsdotools.org/?perspective=full&amp;conceptId1=314965007\">314965007</a></td><td>http://snomed.info/sct</td><td>Local recurrence of malignant tumor of colon (disorder)</td><td/></tr><tr><td style=\"white-space:nowrap\"><a name=\"http---snomed.info-sct-315058005\"> </a><a href=\"http://browser.ihtsdotools.org/?perspective=full&amp;conceptId1=315058005\">315058005</a></td><td>http://snomed.info/sct</td><td>Hereditary nonpolyposis colon cancer (disorder)</td><td/></tr><tr><td style=\"white-space:nowrap\"><a name=\"http---snomed.info-sct-363406005\"> </a><a href=\"http://browser.ihtsdotools.org/?perspective=full&amp;conceptId1=363406005\">363406005</a></td><td>http://snomed.info/sct</td><td>Malignant neoplasm of colon (disorder)</td><td/></tr><tr><td style=\"white-space:nowrap\"><a name=\"http---snomed.info-sct-363407001\"> </a><a href=\"http://browser.ihtsdotools.org/?perspective=full&amp;conceptId1=363407001\">363407001</a></td><td>http://snomed.info/sct</td><td>Malignant tumor of hepatic flexure (disorder)</td><td/></tr><tr><td style=\"white-space:nowrap\"><a name=\"http---snomed.info-sct-363408006\"> </a><a href=\"http://browser.ihtsdotools.org/?perspective=full&amp;conceptId1=363408006\">363408006</a></td><td>http://snomed.info/sct</td><td>Malignant tumor of transverse colon (disorder)</td><td/></tr><tr><td style=\"white-space:nowrap\"><a name=\"http---snomed.info-sct-363409003\"> </a><a href=\"http://browser.ihtsdotools.org/?perspective=full&amp;conceptId1=363409003\">363409003</a></td><td>http://snomed.info/sct</td><td>Malignant tumor of descending colon (disorder)</td><td/></tr><tr><td style=\"white-space:nowrap\"><a name=\"http---snomed.info-sct-363410008\"> </a><a href=\"http://browser.ihtsdotools.org/?perspective=full&amp;conceptId1=363410008\">363410008</a></td><td>http://snomed.info/sct</td><td>Malignant tumor of sigmoid colon (disorder)</td><td/></tr><tr><td style=\"white-space:nowrap\"><a name=\"http---snomed.info-sct-363412000\"> </a><a href=\"http://browser.ihtsdotools.org/?perspective=full&amp;conceptId1=363412000\">363412000</a></td><td>http://snomed.info/sct</td><td>Malignant tumor of ascending colon (disorder)</td><td/></tr><tr><td style=\"white-space:nowrap\"><a name=\"http---snomed.info-sct-363413005\"> </a><a href=\"http://browser.ihtsdotools.org/?perspective=full&amp;conceptId1=363413005\">363413005</a></td><td>http://snomed.info/sct</td><td>Malignant tumor of splenic flexure (disorder)</td><td/></tr><tr><td style=\"white-space:nowrap\"><a name=\"http---snomed.info-sct-363414004\"> </a><a href=\"http://browser.ihtsdotools.org/?perspective=full&amp;conceptId1=363414004\">363414004</a></td><td>http://snomed.info/sct</td><td>Malignant tumor of rectosigmoid junction (disorder)</td><td/></tr><tr><td style=\"white-space:nowrap\"><a name=\"http---snomed.info-sct-363510005\"> </a><a href=\"http://browser.ihtsdotools.org/?perspective=full&amp;conceptId1=363510005\">363510005</a></td><td>http://snomed.info/sct</td><td>Malignant tumor of large intestine (disorder)</td><td/></tr><tr><td style=\"white-space:nowrap\"><a name=\"http---snomed.info-sct-425178004\"> </a><a href=\"http://browser.ihtsdotools.org/?perspective=full&amp;conceptId1=425178004\">425178004</a></td><td>http://snomed.info/sct</td><td>Adenocarcinoma of rectosigmoid junction (disorder)</td><td/></tr><tr><td style=\"white-space:nowrap\"><a name=\"http---snomed.info-sct-449218003\"> </a><a href=\"http://browser.ihtsdotools.org/?perspective=full&amp;conceptId1=449218003\">449218003</a></td><td>http://snomed.info/sct</td><td>Lymphoma of sigmoid colon (disorder)</td><td/></tr><tr><td style=\"white-space:nowrap\"><a name=\"http---snomed.info-sct-681601000119101\"> </a><a href=\"http://browser.ihtsdotools.org/?perspective=full&amp;conceptId1=681601000119101\">681601000119101</a></td><td>http://snomed.info/sct</td><td>Primary adenocarcinoma of ascending colon (disorder)</td><td/></tr><tr><td style=\"white-space:nowrap\"><a name=\"http---snomed.info-sct-721695008\"> </a><a href=\"http://browser.ihtsdotools.org/?perspective=full&amp;conceptId1=721695008\">721695008</a></td><td>http://snomed.info/sct</td><td>Primary adenocarcinoma of ascending colon and right flexure (disorder)</td><td/></tr><tr><td style=\"white-space:nowrap\"><a name=\"http---snomed.info-sct-721696009\"> </a><a href=\"http://browser.ihtsdotools.org/?perspective=full&amp;conceptId1=721696009\">721696009</a></td><td>http://snomed.info/sct</td><td>Primary adenocarcinoma of transverse colon (disorder)</td><td/></tr><tr><td style=\"white-space:nowrap\"><a name=\"http---snomed.info-sct-721699002\"> </a><a href=\"http://browser.ihtsdotools.org/?perspective=full&amp;conceptId1=721699002\">721699002</a></td><td>http://snomed.info/sct</td><td>Primary adenocarcinoma of descending colon and splenic flexure (disorder)</td><td/></tr><tr><td style=\"white-space:nowrap\"><a name=\"http---snomed.info-sct-737058005\"> </a><a href=\"http://browser.ihtsdotools.org/?perspective=full&amp;conceptId1=737058005\">737058005</a></td><td>http://snomed.info/sct</td><td>Microsatellite instability-high colorectal cancer (disorder)</td><td/></tr><tr><td style=\"white-space:nowrap\"><a name=\"http---snomed.info-sct-766981007\"> </a><a href=\"http://browser.ihtsdotools.org/?perspective=full&amp;conceptId1=766981007\">766981007</a></td><td>http://snomed.info/sct</td><td>Squamous cell carcinoma of colon (disorder)</td><td/></tr><tr><td style=\"white-space:nowrap\"><a name=\"http---snomed.info-sct-93761005\"> </a><a href=\"http://browser.ihtsdotools.org/?perspective=full&amp;conceptId1=93761005\">93761005</a></td><td>http://snomed.info/sct</td><td>Primary malignant neoplasm of colon (disorder)</td><td/></tr><tr><td style=\"white-space:nowrap\"><a name=\"http---snomed.info-sct-93771007\"> </a><a href=\"http://browser.ihtsdotools.org/?perspective=full&amp;conceptId1=93771007\">93771007</a></td><td>http://snomed.info/sct</td><td>Primary malignant neoplasm of descending colon (disorder)</td><td/></tr><tr><td style=\"white-space:nowrap\"><a name=\"http---snomed.info-sct-93826009\"> </a><a href=\"http://browser.ihtsdotools.org/?perspective=full&amp;conceptId1=93826009\">93826009</a></td><td>http://snomed.info/sct</td><td>Primary malignant neoplasm of hepatic flexure of colon (disorder)</td><td/></tr><tr><td style=\"white-space:nowrap\"><a name=\"http---snomed.info-sct-93980002\"> </a><a href=\"http://browser.ihtsdotools.org/?perspective=full&amp;conceptId1=93980002\">93980002</a></td><td>http://snomed.info/sct</td><td>Primary malignant neoplasm of rectosigmoid junction (disorder)</td><td/></tr><tr><td style=\"white-space:nowrap\"><a name=\"http---snomed.info-sct-94006002\"> </a><a href=\"http://browser.ihtsdotools.org/?perspective=full&amp;conceptId1=94006002\">94006002</a></td><td>http://snomed.info/sct</td><td>Primary malignant neoplasm of sigmoid colon (disorder)</td><td/></tr><tr><td style=\"white-space:nowrap\"><a name=\"http---snomed.info-sct-94072004\"> </a><a href=\"http://browser.ihtsdotools.org/?perspective=full&amp;conceptId1=94072004\">94072004</a></td><td>http://snomed.info/sct</td><td>Primary malignant neoplasm of splenic flexure of colon (disorder)</td><td/></tr><tr><td style=\"white-space:nowrap\"><a name=\"http---snomed.info-sct-94105000\"> </a><a href=\"http://browser.ihtsdotools.org/?perspective=full&amp;conceptId1=94105000\">94105000</a></td><td>http://snomed.info/sct</td><td>Primary malignant neoplasm of transverse colon (disorder)</td><td/></tr><tr><td style=\"white-space:nowrap\"><a name=\"http---snomed.info-sct-94179005\"> </a><a href=\"http://browser.ihtsdotools.org/?perspective=full&amp;conceptId1=94179005\">94179005</a></td><td>http://snomed.info/sct</td><td>Secondary malignant neoplasm of ascending colon (disorder)</td><td/></tr><tr><td style=\"white-space:nowrap\"><a name=\"http---snomed.info-sct-94260004\"> </a><a href=\"http://browser.ihtsdotools.org/?perspective=full&amp;conceptId1=94260004\">94260004</a></td><td>http://snomed.info/sct</td><td>Secondary malignant neoplasm of colon (disorder)</td><td/></tr><tr><td style=\"white-space:nowrap\"><a name=\"http---snomed.info-sct-94271003\"> </a><a href=\"http://browser.ihtsdotools.org/?perspective=full&amp;conceptId1=94271003\">94271003</a></td><td>http://snomed.info/sct</td><td>Secondary malignant neoplasm of descending colon (disorder)</td><td/></tr><tr><td style=\"white-space:nowrap\"><a name=\"http---snomed.info-sct-94328005\"> </a><a href=\"http://browser.ihtsdotools.org/?perspective=full&amp;conceptId1=94328005\">94328005</a></td><td>http://snomed.info/sct</td><td>Secondary malignant neoplasm of hepatic flexure of colon (disorder)</td><td/></tr><tr><td style=\"white-space:nowrap\"><a name=\"http---snomed.info-sct-94509004\"> </a><a href=\"http://browser.ihtsdotools.org/?perspective=full&amp;conceptId1=94509004\">94509004</a></td><td>http://snomed.info/sct</td><td>Secondary malignant neoplasm of rectosigmoid junction (disorder)</td><td/></tr><tr><td style=\"white-space:nowrap\"><a name=\"http---snomed.info-sct-94538001\"> </a><a href=\"http://browser.ihtsdotools.org/?perspective=full&amp;conceptId1=94538001\">94538001</a></td><td>http://snomed.info/sct</td><td>Secondary malignant neoplasm of sigmoid colon (disorder)</td><td/></tr><tr><td style=\"white-space:nowrap\"><a name=\"http---snomed.info-sct-94604000\"> </a><a href=\"http://browser.ihtsdotools.org/?perspective=full&amp;conceptId1=94604000\">94604000</a></td><td>http://snomed.info/sct</td><td>Secondary malignant neoplasm of splenic flexure of colon (disorder)</td><td/></tr><tr><td style=\"white-space:nowrap\"><a name=\"http---snomed.info-sct-94643001\"> </a><a href=\"http://browser.ihtsdotools.org/?perspective=full&amp;conceptId1=94643001\">94643001</a></td><td>http://snomed.info/sct</td><td>Secondary malignant neoplasm of transverse colon (disorder)</td><td/></tr><tr><td style=\"white-space:nowrap\"><a name=\"http---snomed.info-sct-96281000119107\"> </a><a href=\"http://browser.ihtsdotools.org/?perspective=full&amp;conceptId1=96281000119107\">96281000119107</a></td><td>http://snomed.info/sct</td><td>Overlapping malignant neoplasm of colon and rectum (disorder)</td><td/></tr><tr><td style=\"white-space:nowrap\"><a name=\"http---snomed.info-sct-96981000119102\"> </a><a href=\"http://browser.ihtsdotools.org/?perspective=full&amp;conceptId1=96981000119102\">96981000119102</a></td><td>http://snomed.info/sct</td><td>Malignant neoplasm of rectosigmoid junction metastatic to brain (disorder)</td><td/></tr></table></div>"},"url":"http://cts.nlm.nih.gov/fhir/ValueSet/2.16.840.1.113883.3.464.1003.108.12.1001","identifier":[{"system":"urn:ietf:rfc:3986","value":"2.16.840.1.113883.3.464.1003.108.12.1001"}],"version":"1.0.0","name":"MalignantNeoplasmofColon","title":"Malignant Neoplasm of Colon","status":"active","experimental":false,"date":"2021-09-03T16:48:06+00:00","publisher":"U.S. Preventive Services Task Force (USPSTF)","contact":[{"telecom":[{"system":"url","value":"https://www.uspreventiveservicestaskforce.org/uspstf/"}]}],"jurisdiction":[{"coding":[{"system":"http://unstats.un.org/unsd/methods/m49/m49.htm","code":"001"}]}],"expansion":{"identifier":"20200507","timestamp":"2021-01-14T20:59:46-07:00","contains":[{"system":"http://hl7.org/fhir/sid/icd-10-cm","version":"2020","code":"C18.0","display":"Malignant neoplasm of cecum"},{"system":"http://hl7.org/fhir/sid/icd-10-cm","version":"2020","code":"C18.1","display":"Malignant neoplasm of appendix"},{"system":"http://hl7.org/fhir/sid/icd-10-cm","version":"2020","code":"C18.2","display":"Malignant neoplasm of ascending colon"},{"system":"http://hl7.org/fhir/sid/icd-10-cm","version":"2020","code":"C18.3","display":"Malignant neoplasm of hepatic flexure"},{"system":"http://hl7.org/fhir/sid/icd-10-cm","version":"2020","code":"C18.4","display":"Malignant neoplasm of transverse colon"},{"system":"http://hl7.org/fhir/sid/icd-10-cm","version":"2020","code":"C18.5","display":"Malignant neoplasm of splenic flexure"},{"system":"http://hl7.org/fhir/sid/icd-10-cm","version":"2020","code":"C18.6","display":"Malignant neoplasm of descending colon"},{"system":"http://hl7.org/fhir/sid/icd-10-cm","version":"2020","code":"C18.7","display":"Malignant neoplasm of sigmoid colon"},{"system":"http://hl7.org/fhir/sid/icd-10-cm","version":"2020","code":"C18.8","display":"Malignant neoplasm of overlapping sites of colon"},{"system":"http://hl7.org/fhir/sid/icd-10-cm","version":"2020","code":"C18.9","display":"Malignant neoplasm of colon, unspecified"},{"system":"http://hl7.org/fhir/sid/icd-10-cm","version":"2020","code":"C19","display":"Malignant neoplasm of rectosigmoid junction"},{"system":"http://hl7.org/fhir/sid/icd-10-cm","version":"2020","code":"C20","display":"Malignant neoplasm of rectum"},{"system":"http://hl7.org/fhir/sid/icd-10-cm","version":"2020","code":"C21.2","display":"Malignant neoplasm of cloacogenic zone"},{"system":"http://hl7.org/fhir/sid/icd-10-cm","version":"2020","code":"C21.8","display":"Malignant neoplasm of overlapping sites of rectum, anus and anal canal"},{"system":"http://hl7.org/fhir/sid/icd-10-cm","version":"2020","code":"C78.5","display":"Secondary malignant neoplasm of large intestine and rectum"},{"system":"http://terminology.hl7.org/CodeSystem/icd9cm","version":"2013","code":"153.0","display":"Malignant neoplasm of hepatic flexure"},{"system":"http://terminology.hl7.org/CodeSystem/icd9cm","version":"2013","code":"153.1","display":"Malignant neoplasm of transverse colon"},{"system":"http://terminology.hl7.org/CodeSystem/icd9cm","version":"2013","code":"153.2","display":"Malignant neoplasm of descending colon"},{"system":"http://terminology.hl7.org/CodeSystem/icd9cm","version":"2013","code":"153.3","display":"Malignant neoplasm of sigmoid colon"},{"system":"http://terminology.hl7.org/CodeSystem/icd9cm","version":"2013","code":"153.4","display":"Malignant neoplasm of cecum"},{"system":"http://terminology.hl7.org/CodeSystem/icd9cm","version":"2013","code":"153.5","display":"Malignant neoplasm of appendix vermiformis"},{"system":"http://terminology.hl7.org/CodeSystem/icd9cm","version":"2013","code":"153.6","display":"Malignant neoplasm of ascending colon"},{"system":"http://terminology.hl7.org/CodeSystem/icd9cm","version":"2013","code":"153.7","display":"Malignant neoplasm of splenic flexure"},{"system":"http://terminology.hl7.org/CodeSystem/icd9cm","version":"2013","code":"153.8","display":"Malignant neoplasm of other specified sites of large intestine"},{"system":"http://terminology.hl7.org/CodeSystem/icd9cm","version":"2013","code":"153.9","display":"Malignant neoplasm of colon, unspecified site"},{"system":"http://terminology.hl7.org/CodeSystem/icd9cm","version":"2013","code":"154.0","display":"Malignant neoplasm of rectosigmoid junction"},{"system":"http://terminology.hl7.org/CodeSystem/icd9cm","version":"2013","code":"154.1","display":"Malignant neoplasm of rectum"},{"system":"http://terminology.hl7.org/CodeSystem/icd9cm","version":"2013","code":"197.5","display":"Secondary malignant neoplasm of large intestine and rectum"},{"system":"http://snomed.info/sct","version":"2019-03","code":"716654007","display":"Non-polyposis Turcot syndrome (disorder)"},{"system":"http://snomed.info/sct","version":"2019-09","code":"109838007","display":"Overlapping malignant neoplasm of colon (disorder)"},{"system":"http://snomed.info/sct","version":"2019-09","code":"130381000119103","display":"Primary malignant neuroendocrine neoplasm of ascending colon (disorder)"},{"system":"http://snomed.info/sct","version":"2019-09","code":"133751000119102","display":"Lymphoma of colon (disorder)"},{"system":"http://snomed.info/sct","version":"2019-09","code":"1701000119104","display":"Primary adenocarcinoma of colon (disorder)"},{"system":"http://snomed.info/sct","version":"2019-09","code":"184881000119106","display":"Primary adenocarcinoma of rectosigmoid junction (disorder)"},{"system":"http://snomed.info/sct","version":"2019-09","code":"187757001","display":"Malignant neoplasm, overlapping lesion of colon (disorder)"},{"system":"http://snomed.info/sct","version":"2019-09","code":"269533000","display":"Carcinoma of colon (disorder)"},{"system":"http://snomed.info/sct","version":"2019-09","code":"269544008","display":"Carcinoma of the rectosigmoid junction (disorder)"},{"system":"http://snomed.info/sct","version":"2019-09","code":"285312008","display":"Carcinoma of sigmoid colon (disorder)"},{"system":"http://snomed.info/sct","version":"2019-09","code":"285611007","display":"Metastasis to colon of unknown primary (disorder)"},{"system":"http://snomed.info/sct","version":"2019-09","code":"301756000","display":"Adenocarcinoma of sigmoid colon (disorder)"},{"system":"http://snomed.info/sct","version":"2019-09","code":"312111009","display":"Carcinoma of ascending colon (disorder)"},{"system":"http://snomed.info/sct","version":"2019-09","code":"312112002","display":"Carcinoma of transverse colon (disorder)"},{"system":"http://snomed.info/sct","version":"2019-09","code":"312113007","display":"Carcinoma of descending colon (disorder)"},{"system":"http://snomed.info/sct","version":"2019-09","code":"312114001","display":"Carcinoma of hepatic flexure (disorder)"},{"system":"http://snomed.info/sct","version":"2019-09","code":"312115000","display":"Carcinoma of splenic flexure (disorder)"},{"system":"http://snomed.info/sct","version":"2019-09","code":"314965007","display":"Local recurrence of malignant tumor of colon (disorder)"},{"system":"http://snomed.info/sct","version":"2019-09","code":"315058005","display":"Hereditary nonpolyposis colon cancer (disorder)"},{"system":"http://snomed.info/sct","version":"2019-09","code":"363406005","display":"Malignant neoplasm of colon (disorder)"},{"system":"http://snomed.info/sct","version":"2019-09","code":"363407001","display":"Malignant tumor of hepatic flexure (disorder)"},{"system":"http://snomed.info/sct","version":"2019-09","code":"363408006","display":"Malignant tumor of transverse colon (disorder)"},{"system":"http://snomed.info/sct","version":"2019-09","code":"363409003","display":"Malignant tumor of descending colon (disorder)"},{"system":"http://snomed.info/sct","version":"2019-09","code":"363410008","display":"Malignant tumor of sigmoid colon (disorder)"},{"system":"http://snomed.info/sct","version":"2019-09","code":"363412000","display":"Malignant tumor of ascending colon (disorder)"},{"system":"http://snomed.info/sct","version":"2019-09","code":"363413005","display":"Malignant tumor of splenic flexure (disorder)"},{"system":"http://snomed.info/sct","version":"2019-09","code":"363414004","display":"Malignant tumor of rectosigmoid junction (disorder)"},{"system":"http://snomed.info/sct","version":"2019-09","code":"363510005","display":"Malignant tumor of large intestine (disorder)"},{"system":"http://snomed.info/sct","version":"2019-09","code":"425178004","display":"Adenocarcinoma of rectosigmoid junction (disorder)"},{"system":"http://snomed.info/sct","version":"2019-09","code":"449218003","display":"Lymphoma of sigmoid colon (disorder)"},{"system":"http://snomed.info/sct","version":"2019-09","code":"681601000119101","display":"Primary adenocarcinoma of ascending colon (disorder)"},{"system":"http://snomed.info/sct","version":"2019-09","code":"721695008","display":"Primary adenocarcinoma of ascending colon and right flexure (disorder)"},{"system":"http://snomed.info/sct","version":"2019-09","code":"721696009","display":"Primary adenocarcinoma of transverse colon (disorder)"},{"system":"http://snomed.info/sct","version":"2019-09","code":"721699002","display":"Primary adenocarcinoma of descending colon and splenic flexure (disorder)"},{"system":"http://snomed.info/sct","version":"2019-09","code":"737058005","display":"Microsatellite instability-high colorectal cancer (disorder)"},{"system":"http://snomed.info/sct","version":"2019-09","code":"766981007","display":"Squamous cell carcinoma of colon (disorder)"},{"system":"http://snomed.info/sct","version":"2019-09","code":"93761005","display":"Primary malignant neoplasm of colon (disorder)"},{"system":"http://snomed.info/sct","version":"2019-09","code":"93771007","display":"Primary malignant neoplasm of descending colon (disorder)"},{"system":"http://snomed.info/sct","version":"2019-09","code":"93826009","display":"Primary malignant neoplasm of hepatic flexure of colon (disorder)"},{"system":"http://snomed.info/sct","version":"2019-09","code":"93980002","display":"Primary malignant neoplasm of rectosigmoid junction (disorder)"},{"system":"http://snomed.info/sct","version":"2019-09","code":"94006002","display":"Primary malignant neoplasm of sigmoid colon (disorder)"},{"system":"http://snomed.info/sct","version":"2019-09","code":"94072004","display":"Primary malignant neoplasm of splenic flexure of colon (disorder)"},{"system":"http://snomed.info/sct","version":"2019-09","code":"94105000","display":"Primary malignant neoplasm of transverse colon (disorder)"},{"system":"http://snomed.info/sct","version":"2019-09","code":"94179005","display":"Secondary malignant neoplasm of ascending colon (disorder)"},{"system":"http://snomed.info/sct","version":"2019-09","code":"94260004","display":"Secondary malignant neoplasm of colon (disorder)"},{"system":"http://snomed.info/sct","version":"2019-09","code":"94271003","display":"Secondary malignant neoplasm of descending colon (disorder)"},{"system":"http://snomed.info/sct","version":"2019-09","code":"94328005","display":"Secondary malignant neoplasm of hepatic flexure of colon (disorder)"},{"system":"http://snomed.info/sct","version":"2019-09","code":"94509004","display":"Secondary malignant neoplasm of rectosigmoid junction (disorder)"},{"system":"http://snomed.info/sct","version":"2019-09","code":"94538001","display":"Secondary malignant neoplasm of sigmoid colon (disorder)"},{"system":"http://snomed.info/sct","version":"2019-09","code":"94604000","display":"Secondary malignant neoplasm of splenic flexure of colon (disorder)"},{"system":"http://snomed.info/sct","version":"2019-09","code":"94643001","display":"Secondary malignant neoplasm of transverse colon (disorder)"},{"system":"http://snomed.info/sct","version":"2019-09","code":"96281000119107","display":"Overlapping malignant neoplasm of colon and rectum (disorder)"},{"system":"http://snomed.info/sct","version":"2019-09","code":"96981000119102","display":"Malignant neoplasm of rectosigmoid junction metastatic to brain (disorder)"}]}}