{"resourceType":"ValueSet","id":"2.16.840.1.113883.3.464.1003.198.12.1011","text":{"status":"generated","div":"<div xmlns=\"http://www.w3.org/1999/xhtml\"><p>This value set contains 16 concepts</p><p>All codes in this table are from the system <a href=\"http://terminology.hl7.org/2.1.0/CodeSystem-v3-loinc.html\"><code>http://loinc.org</code></a></p><table class=\"codes\"><tr><td style=\"white-space:nowrap\"><b>Code</b></td><td><b>Display</b></td><td><b>Definition</b></td></tr><tr><td style=\"white-space:nowrap\"><a name=\"http---loinc.org-12503-9\"> </a><a href=\"http://details.loinc.org/LOINC/12503-9.html\">12503-9</a></td><td>Hemoglobin.gastrointestinal [Presence] in Stool --4th specimen</td><td/></tr><tr><td style=\"white-space:nowrap\"><a name=\"http---loinc.org-12504-7\"> </a><a href=\"http://details.loinc.org/LOINC/12504-7.html\">12504-7</a></td><td>Hemoglobin.gastrointestinal [Presence] in Stool --5th specimen</td><td/></tr><tr><td style=\"white-space:nowrap\"><a name=\"http---loinc.org-14563-1\"> </a><a href=\"http://details.loinc.org/LOINC/14563-1.html\">14563-1</a></td><td>Hemoglobin.gastrointestinal [Presence] in Stool --1st specimen</td><td/></tr><tr><td style=\"white-space:nowrap\"><a name=\"http---loinc.org-14564-9\"> </a><a href=\"http://details.loinc.org/LOINC/14564-9.html\">14564-9</a></td><td>Hemoglobin.gastrointestinal [Presence] in Stool --2nd specimen</td><td/></tr><tr><td style=\"white-space:nowrap\"><a name=\"http---loinc.org-14565-6\"> </a><a href=\"http://details.loinc.org/LOINC/14565-6.html\">14565-6</a></td><td>Hemoglobin.gastrointestinal [Presence] in Stool --3rd specimen</td><td/></tr><tr><td style=\"white-space:nowrap\"><a name=\"http---loinc.org-2335-8\"> </a><a href=\"http://details.loinc.org/LOINC/2335-8.html\">2335-8</a></td><td>Hemoglobin.gastrointestinal [Presence] in Stool</td><td/></tr><tr><td style=\"white-space:nowrap\"><a name=\"http---loinc.org-27396-1\"> </a><a href=\"http://details.loinc.org/LOINC/27396-1.html\">27396-1</a></td><td>Hemoglobin.gastrointestinal [Mass/mass] in Stool</td><td/></tr><tr><td style=\"white-space:nowrap\"><a name=\"http---loinc.org-27401-9\"> </a><a href=\"http://details.loinc.org/LOINC/27401-9.html\">27401-9</a></td><td>Hemoglobin.gastrointestinal [Presence] in Stool --6th specimen</td><td/></tr><tr><td style=\"white-space:nowrap\"><a name=\"http---loinc.org-27925-7\"> </a><a href=\"http://details.loinc.org/LOINC/27925-7.html\">27925-7</a></td><td>Hemoglobin.gastrointestinal [Presence] in Stool --7th specimen</td><td/></tr><tr><td style=\"white-space:nowrap\"><a name=\"http---loinc.org-27926-5\"> </a><a href=\"http://details.loinc.org/LOINC/27926-5.html\">27926-5</a></td><td>Hemoglobin.gastrointestinal [Presence] in Stool --8th specimen</td><td/></tr><tr><td style=\"white-space:nowrap\"><a name=\"http---loinc.org-29771-3\"> </a><a href=\"http://details.loinc.org/LOINC/29771-3.html\">29771-3</a></td><td>Hemoglobin.gastrointestinal.lower [Presence] in Stool by Immunoassay</td><td/></tr><tr><td style=\"white-space:nowrap\"><a name=\"http---loinc.org-56490-6\"> </a><a href=\"http://details.loinc.org/LOINC/56490-6.html\">56490-6</a></td><td>Hemoglobin.gastrointestinal.lower [Presence] in Stool by Immunoassay --2nd specimen</td><td/></tr><tr><td style=\"white-space:nowrap\"><a name=\"http---loinc.org-56491-4\"> </a><a href=\"http://details.loinc.org/LOINC/56491-4.html\">56491-4</a></td><td>Hemoglobin.gastrointestinal.lower [Presence] in Stool by Immunoassay --3rd specimen</td><td/></tr><tr><td style=\"white-space:nowrap\"><a name=\"http---loinc.org-57905-2\"> </a><a href=\"http://details.loinc.org/LOINC/57905-2.html\">57905-2</a></td><td>Hemoglobin.gastrointestinal.lower [Presence] in Stool by Immunoassay --1st specimen</td><td/></tr><tr><td style=\"white-space:nowrap\"><a name=\"http---loinc.org-58453-2\"> </a><a href=\"http://details.loinc.org/LOINC/58453-2.html\">58453-2</a></td><td>Hemoglobin.gastrointestinal.lower [Mass/volume] in Stool by Immunoassay</td><td/></tr><tr><td style=\"white-space:nowrap\"><a name=\"http---loinc.org-80372-6\"> </a><a href=\"http://details.loinc.org/LOINC/80372-6.html\">80372-6</a></td><td>Hemoglobin.gastrointestinal [Presence] in Stool by Rapid immunoassay</td><td/></tr></table></div>"},"url":"http://cts.nlm.nih.gov/fhir/ValueSet/2.16.840.1.113883.3.464.1003.198.12.1011","identifier":[{"system":"urn:ietf:rfc:3986","value":"2.16.840.1.113883.3.464.1003.198.12.1011"}],"version":"1.0.0","name":"FecalOccultBloodTest(FOBT)","title":"Fecal Occult Blood Test (FOBT)","status":"active","experimental":false,"date":"2021-09-03T16:48:06+00:00","publisher":"U.S. Preventive Services Task Force (USPSTF)","contact":[{"telecom":[{"system":"url","value":"https://www.uspreventiveservicestaskforce.org/uspstf/"}]}],"jurisdiction":[{"coding":[{"system":"http://unstats.un.org/unsd/methods/m49/m49.htm","code":"001"}]}],"expansion":{"identifier":"20200507","timestamp":"2021-01-14T20:59:46-07:00","contains":[{"system":"http://loinc.org","version":"2.67","code":"12503-9","display":"Hemoglobin.gastrointestinal [Presence] in Stool --4th specimen"},{"system":"http://loinc.org","version":"2.67","code":"12504-7","display":"Hemoglobin.gastrointestinal [Presence] in Stool --5th specimen"},{"system":"http://loinc.org","version":"2.67","code":"14563-1","display":"Hemoglobin.gastrointestinal [Presence] in Stool --1st specimen"},{"system":"http://loinc.org","version":"2.67","code":"14564-9","display":"Hemoglobin.gastrointestinal [Presence] in Stool --2nd specimen"},{"system":"http://loinc.org","version":"2.67","code":"14565-6","display":"Hemoglobin.gastrointestinal [Presence] in Stool --3rd specimen"},{"system":"http://loinc.org","version":"2.67","code":"2335-8","display":"Hemoglobin.gastrointestinal [Presence] in Stool"},{"system":"http://loinc.org","version":"2.67","code":"27396-1","display":"Hemoglobin.gastrointestinal [Mass/mass] in Stool"},{"system":"http://loinc.org","version":"2.67","code":"27401-9","display":"Hemoglobin.gastrointestinal [Presence] in Stool --6th specimen"},{"system":"http://loinc.org","version":"2.67","code":"27925-7","display":"Hemoglobin.gastrointestinal [Presence] in Stool --7th specimen"},{"system":"http://loinc.org","version":"2.67","code":"27926-5","display":"Hemoglobin.gastrointestinal [Presence] in Stool --8th specimen"},{"system":"http://loinc.org","version":"2.67","code":"29771-3","display":"Hemoglobin.gastrointestinal.lower [Presence] in Stool by Immunoassay"},{"system":"http://loinc.org","version":"2.67","code":"56490-6","display":"Hemoglobin.gastrointestinal.lower [Presence] in Stool by Immunoassay --2nd specimen"},{"system":"http://loinc.org","version":"2.67","code":"56491-4","display":"Hemoglobin.gastrointestinal.lower [Presence] in Stool by Immunoassay --3rd specimen"},{"system":"http://loinc.org","version":"2.67","code":"57905-2","display":"Hemoglobin.gastrointestinal.lower [Presence] in Stool by Immunoassay --1st specimen"},{"system":"http://loinc.org","version":"2.67","code":"58453-2","display":"Hemoglobin.gastrointestinal.lower [Mass/volume] in Stool by Immunoassay"},{"system":"http://loinc.org","version":"2.67","code":"80372-6","display":"Hemoglobin.gastrointestinal [Presence] in Stool by Rapid immunoassay"}]}}