{"resourceType":"ValueSet","id":"chest-ct-proc-code","meta":{"profile":["http://hl7.org/fhir/uv/cpg/StructureDefinition/cpg-executablevalueset"]},"text":{"status":"generated","div":"<div xmlns=\"http://www.w3.org/1999/xhtml\"><p>This value set contains 3 concepts</p><p>All codes in this table are from the system <a href=\"http://terminology.hl7.org/2.1.0/CodeSystem-v3-cpt-4.html\"><code>http://www.ama-assn.org/go/cpt</code></a></p><table class=\"codes\"><tr><td style=\"white-space:nowrap\"><b>Code</b></td><td><b>Display</b></td><td><b>Definition</b></td></tr><tr><td style=\"white-space:nowrap\"><a name=\"http---www.ama-assn.org-go-cpt-G0297\"> </a>G0297</td><td>Low-dose CT scan (LDCT) for lung cancer screening</td><td/></tr><tr><td style=\"white-space:nowrap\"><a name=\"http---www.ama-assn.org-go-cpt-71250\"> </a>71250</td><td>Chest CT without contrast</td><td/></tr><tr><td style=\"white-space:nowrap\"><a name=\"http---www.ama-assn.org-go-cpt-71270\"> </a>71270</td><td>Check CT with and without contrast</td><td/></tr></table></div>"},"extension":[{"url":"http://hl7.org/fhir/StructureDefinition/valueset-sourceReference","valueUri":"https://www.acr.org/Clinical-Resources/Lung-Cancer-Screening-Resources/FAQ"},{"url":"http://hl7.org/fhir/StructureDefinition/valueset-sourceReference","valueUri":"https://www.rad.msu.edu/Patient/documents/MSU_CT_CPT_Codes.pdf"},{"url":"http://hl7.org/fhir/uv/cpg/StructureDefinition/cpg-knowledgeCapability","valueString":"executable"},{"url":"http://hl7.org/fhir/uv/cpg/StructureDefinition/cpg-knowledgeRepresentationLevel","valueString":"executable"}],"url":"http://fhir.org/guides/utah-edu/lcs-cds/ValueSet/chest-ct-proc-code","version":"1.0.0","name":"ChestCTProcCode","title":"Chest CT Procedure Code","status":"active","date":"2021-09-03T16:48:06+00:00","publisher":"U.S. Preventive Services Task Force (USPSTF)","contact":[{"telecom":[{"system":"url","value":"https://www.uspreventiveservicestaskforce.org/uspstf/"}]}],"description":"This value set includes CPT codes used to identify Low-dose Cest CT scans used for Lung Cancer screening at University of Utah","jurisdiction":[{"coding":[{"system":"http://unstats.un.org/unsd/methods/m49/m49.htm","code":"001"}]}],"copyright":"This value set includes content from Current Procedures Terminology (CPT) code set and requires a separate license from the American Medical Association. Users of this content are responsible for identifying and obtaining any necessary licenses or authorizations to utilize the codes, according to the licensing policies described at https://ww.ama-assn.org/practice-management/cpt-licensing","compose":{"include":[{"system":"http://www.ama-assn.org/go/cpt","concept":[{"code":"G0297","display":"Low-dose CT scan (LDCT) for lung cancer screening"},{"code":"71250","display":"Chest CT without contrast"},{"code":"71270","display":"Check CT with and without contrast"}]}]},"expansion":{"timestamp":"2021-06-04T14:54:23-06:00","contains":[{"system":"http://www.ama-assn.org/go/cpt","code":"G0297","display":"Low-dose CT scan (LDCT) for lung cancer screening"},{"system":"http://www.ama-assn.org/go/cpt","code":"71250","display":"Chest CT without contrast"},{"system":"http://www.ama-assn.org/go/cpt","code":"71270","display":"Check CT with and without contrast"}]}}