{"resourceType":"ValueSet","id":"2.16.840.1.113762.1.4.1116.89","meta":{"profile":["http://hl7.org/fhir/uv/cpg/StructureDefinition/cpg-executablevalueset"]},"text":{"status":"generated","div":"<div xmlns=\"http://www.w3.org/1999/xhtml\"><p>This value set contains 22 concepts</p><table class=\"codes\"><tr><td style=\"white-space:nowrap\"><b>Code</b></td><td><b>System</b></td><td><b>Display</b></td><td><b>Definition</b></td></tr><tr><td style=\"white-space:nowrap\"><a name=\"http---hl7.org-fhir-sid-icd-9-cm-162.2\"> </a>162.2</td><td>http://hl7.org/fhir/sid/icd-9-cm</td><td>Malignant neoplasm of main bronchus</td><td/></tr><tr><td style=\"white-space:nowrap\"><a name=\"http---hl7.org-fhir-sid-icd-9-cm-162.3\"> </a>162.3</td><td>http://hl7.org/fhir/sid/icd-9-cm</td><td>Malignant neoplasm of upper lobe, bronchus or lung</td><td/></tr><tr><td style=\"white-space:nowrap\"><a name=\"http---hl7.org-fhir-sid-icd-9-cm-162.4\"> </a>162.4</td><td>http://hl7.org/fhir/sid/icd-9-cm</td><td>Malignant neoplasm of middle lobe, bronchus or lung</td><td/></tr><tr><td style=\"white-space:nowrap\"><a name=\"http---hl7.org-fhir-sid-icd-9-cm-162.5\"> </a>162.5</td><td>http://hl7.org/fhir/sid/icd-9-cm</td><td>Malignant neoplasm of lower lobe, bronchus or lung</td><td/></tr><tr><td style=\"white-space:nowrap\"><a name=\"http---hl7.org-fhir-sid-icd-9-cm-162.8\"> </a>162.8</td><td>http://hl7.org/fhir/sid/icd-9-cm</td><td>Malignant neoplasm of other parts of bronchus or lung</td><td/></tr><tr><td style=\"white-space:nowrap\"><a name=\"http---hl7.org-fhir-sid-icd-9-cm-162.9\"> </a>162.9</td><td>http://hl7.org/fhir/sid/icd-9-cm</td><td>Malignant neoplasm of bronchus and lung, unspecified</td><td/></tr><tr><td style=\"white-space:nowrap\"><a name=\"http---hl7.org-fhir-sid-icd-10-C34.00\"> </a>C34.00</td><td>http://hl7.org/fhir/sid/icd-10</td><td>Malignant neoplasm of unspecified main bronchus</td><td/></tr><tr><td style=\"white-space:nowrap\"><a name=\"http---hl7.org-fhir-sid-icd-10-C34.01\"> </a>C34.01</td><td>http://hl7.org/fhir/sid/icd-10</td><td>Malignant neoplasm of right main bronchus</td><td/></tr><tr><td style=\"white-space:nowrap\"><a name=\"http---hl7.org-fhir-sid-icd-10-C34.02\"> </a>C34.02</td><td>http://hl7.org/fhir/sid/icd-10</td><td>Malignant neoplasm of left main bronchus</td><td/></tr><tr><td style=\"white-space:nowrap\"><a name=\"http---hl7.org-fhir-sid-icd-10-C34.10\"> </a>C34.10</td><td>http://hl7.org/fhir/sid/icd-10</td><td>Malignant neoplasm of upper lobe, unspecified bronchus or lung</td><td/></tr><tr><td style=\"white-space:nowrap\"><a name=\"http---hl7.org-fhir-sid-icd-10-C34.11\"> </a>C34.11</td><td>http://hl7.org/fhir/sid/icd-10</td><td>Malignant neoplasm of upper lobe, right bronchus or lung</td><td/></tr><tr><td style=\"white-space:nowrap\"><a name=\"http---hl7.org-fhir-sid-icd-10-C34.12\"> </a>C34.12</td><td>http://hl7.org/fhir/sid/icd-10</td><td>Malignant neoplasm of upper lobe, left bronchus or lung</td><td/></tr><tr><td style=\"white-space:nowrap\"><a name=\"http---hl7.org-fhir-sid-icd-10-C34.2\"> </a>C34.2</td><td>http://hl7.org/fhir/sid/icd-10</td><td>Malignant neoplasm of middle lobe, bronchus or lung</td><td/></tr><tr><td style=\"white-space:nowrap\"><a name=\"http---hl7.org-fhir-sid-icd-10-C34.30\"> </a>C34.30</td><td>http://hl7.org/fhir/sid/icd-10</td><td>Malignant neoplasm of lower lobe, unspecified bronchus or lung</td><td/></tr><tr><td style=\"white-space:nowrap\"><a name=\"http---hl7.org-fhir-sid-icd-10-C34.31\"> </a>C34.31</td><td>http://hl7.org/fhir/sid/icd-10</td><td>Malignant neoplasm of lower lobe, right bronchus or lung</td><td/></tr><tr><td style=\"white-space:nowrap\"><a name=\"http---hl7.org-fhir-sid-icd-10-C34.32\"> </a>C34.32</td><td>http://hl7.org/fhir/sid/icd-10</td><td>Malignant neoplasm of lower lobe, left bronchus or lung</td><td/></tr><tr><td style=\"white-space:nowrap\"><a name=\"http---hl7.org-fhir-sid-icd-10-C34.80\"> </a>C34.80</td><td>http://hl7.org/fhir/sid/icd-10</td><td>Malignant neoplasm of overlapping sites of unspecified bronchus and lung</td><td/></tr><tr><td style=\"white-space:nowrap\"><a name=\"http---hl7.org-fhir-sid-icd-10-C34.81\"> </a>C34.81</td><td>http://hl7.org/fhir/sid/icd-10</td><td>Malignant neoplasm of overlapping sites of right bronchus and lung</td><td/></tr><tr><td style=\"white-space:nowrap\"><a name=\"http---hl7.org-fhir-sid-icd-10-C34.82\"> </a>C34.82</td><td>http://hl7.org/fhir/sid/icd-10</td><td>Malignant neoplasm of overlapping sites of left bronchus and lung</td><td/></tr><tr><td style=\"white-space:nowrap\"><a name=\"http---hl7.org-fhir-sid-icd-10-C34.90\"> </a>C34.90</td><td>http://hl7.org/fhir/sid/icd-10</td><td>Malignant neoplasm of unspecified part of unspecified bronchus or lung</td><td/></tr><tr><td style=\"white-space:nowrap\"><a name=\"http---hl7.org-fhir-sid-icd-10-C34.91\"> </a>C34.91</td><td>http://hl7.org/fhir/sid/icd-10</td><td>Malignant neoplasm of unspecified part of right bronchus or lung</td><td/></tr><tr><td style=\"white-space:nowrap\"><a name=\"http---hl7.org-fhir-sid-icd-10-C34.92\"> </a>C34.92</td><td>http://hl7.org/fhir/sid/icd-10</td><td>Malignant neoplasm of unspecified part of left bronchus or lung</td><td/></tr></table></div>"},"extension":[{"url":"http://hl7.org/fhir/uv/cpg/StructureDefinition/cpg-knowledgeCapability","valueString":"executable"},{"url":"http://hl7.org/fhir/uv/cpg/StructureDefinition/cpg-knowledgeRepresentationLevel","valueString":"executable"}],"url":"http://cts.nlm.nih.gov/fhir/ValueSet/2.16.840.1.113762.1.4.1116.89","version":"1.0.0","name":"LungCancer","title":"Lung Cancer","status":"active","date":"2021-09-03T16:48:06+00:00","publisher":"U.S. Preventive Services Task Force (USPSTF)","contact":[{"telecom":[{"system":"url","value":"https://www.uspreventiveservicestaskforce.org/uspstf/"}]}],"description":"This value set indicates the possible ICD9/ICD10 Lung Cancer codes.","jurisdiction":[{"coding":[{"system":"http://unstats.un.org/unsd/methods/m49/m49.htm","code":"001"}]}],"compose":{"include":[{"system":"http://hl7.org/fhir/sid/icd-9-cm","version":"2013","concept":[{"code":"162.2","display":"Malignant neoplasm of main bronchus"},{"code":"162.3","display":"Malignant neoplasm of upper lobe, bronchus or lung"},{"code":"162.4","display":"Malignant neoplasm of middle lobe, bronchus or lung"},{"code":"162.5","display":"Malignant neoplasm of lower lobe, bronchus or lung"},{"code":"162.8","display":"Malignant neoplasm of other parts of bronchus or lung"},{"code":"162.9","display":"Malignant neoplasm of bronchus and lung, unspecified"}]},{"system":"http://hl7.org/fhir/sid/icd-10","version":"2020","concept":[{"code":"C34.00","display":"Malignant neoplasm of unspecified main bronchus"},{"code":"C34.01","display":"Malignant neoplasm of right main bronchus"},{"code":"C34.02","display":"Malignant neoplasm of left main bronchus"},{"code":"C34.10","display":"Malignant neoplasm of upper lobe, unspecified bronchus or lung"},{"code":"C34.11","display":"Malignant neoplasm of upper lobe, right bronchus or lung"},{"code":"C34.12","display":"Malignant neoplasm of upper lobe, left bronchus or lung"},{"code":"C34.2","display":"Malignant neoplasm of middle lobe, bronchus or lung"},{"code":"C34.30","display":"Malignant neoplasm of lower lobe, unspecified bronchus or lung"},{"code":"C34.31","display":"Malignant neoplasm of lower lobe, right bronchus or lung"},{"code":"C34.32","display":"Malignant neoplasm of lower lobe, left bronchus or lung"},{"code":"C34.80","display":"Malignant neoplasm of overlapping sites of unspecified bronchus and lung"},{"code":"C34.81","display":"Malignant neoplasm of overlapping sites of right bronchus and lung"},{"code":"C34.82","display":"Malignant neoplasm of overlapping sites of left bronchus and lung"},{"code":"C34.90","display":"Malignant neoplasm of unspecified part of unspecified bronchus or lung"},{"code":"C34.91","display":"Malignant neoplasm of unspecified part of right bronchus or lung"},{"code":"C34.92","display":"Malignant neoplasm of unspecified part of left bronchus or lung"}]}]},"expansion":{"timestamp":"2021-06-04T14:54:23-06:00","contains":[{"system":"http://hl7.org/fhir/sid/icd-9-cm","version":"2013","code":"162.2","display":"Malignant neoplasm of main bronchus"},{"system":"http://hl7.org/fhir/sid/icd-9-cm","version":"2013","code":"162.3","display":"Malignant neoplasm of upper lobe, bronchus or lung"},{"system":"http://hl7.org/fhir/sid/icd-9-cm","version":"2013","code":"162.4","display":"Malignant neoplasm of middle lobe, bronchus or lung"},{"system":"http://hl7.org/fhir/sid/icd-9-cm","version":"2013","code":"162.5","display":"Malignant neoplasm of lower lobe, bronchus or lung"},{"system":"http://hl7.org/fhir/sid/icd-9-cm","version":"2013","code":"162.8","display":"Malignant neoplasm of other parts of bronchus or lung"},{"system":"http://hl7.org/fhir/sid/icd-9-cm","version":"2013","code":"162.9","display":"Malignant neoplasm of bronchus and lung, unspecified"},{"system":"http://hl7.org/fhir/sid/icd-10","version":"2020","code":"C34.00","display":"Malignant neoplasm of unspecified main bronchus"},{"system":"http://hl7.org/fhir/sid/icd-10","version":"2020","code":"C34.01","display":"Malignant neoplasm of right main bronchus"},{"system":"http://hl7.org/fhir/sid/icd-10","version":"2020","code":"C34.02","display":"Malignant neoplasm of left main bronchus"},{"system":"http://hl7.org/fhir/sid/icd-10","version":"2020","code":"C34.10","display":"Malignant neoplasm of upper lobe, unspecified bronchus or lung"},{"system":"http://hl7.org/fhir/sid/icd-10","version":"2020","code":"C34.11","display":"Malignant neoplasm of upper lobe, right bronchus or lung"},{"system":"http://hl7.org/fhir/sid/icd-10","version":"2020","code":"C34.12","display":"Malignant neoplasm of upper lobe, left bronchus or lung"},{"system":"http://hl7.org/fhir/sid/icd-10","version":"2020","code":"C34.2","display":"Malignant neoplasm of middle lobe, bronchus or lung"},{"system":"http://hl7.org/fhir/sid/icd-10","version":"2020","code":"C34.30","display":"Malignant neoplasm of lower lobe, unspecified bronchus or lung"},{"system":"http://hl7.org/fhir/sid/icd-10","version":"2020","code":"C34.31","display":"Malignant neoplasm of lower lobe, right bronchus or lung"},{"system":"http://hl7.org/fhir/sid/icd-10","version":"2020","code":"C34.32","display":"Malignant neoplasm of lower lobe, left bronchus or lung"},{"system":"http://hl7.org/fhir/sid/icd-10","version":"2020","code":"C34.80","display":"Malignant neoplasm of overlapping sites of unspecified bronchus and lung"},{"system":"http://hl7.org/fhir/sid/icd-10","version":"2020","code":"C34.81","display":"Malignant neoplasm of overlapping sites of right bronchus and lung"},{"system":"http://hl7.org/fhir/sid/icd-10","version":"2020","code":"C34.82","display":"Malignant neoplasm of overlapping sites of left bronchus and lung"},{"system":"http://hl7.org/fhir/sid/icd-10","version":"2020","code":"C34.90","display":"Malignant neoplasm of unspecified part of unspecified bronchus or lung"},{"system":"http://hl7.org/fhir/sid/icd-10","version":"2020","code":"C34.91","display":"Malignant neoplasm of unspecified part of right bronchus or lung"},{"system":"http://hl7.org/fhir/sid/icd-10","version":"2020","code":"C34.92","display":"Malignant neoplasm of unspecified part of left bronchus or lung"}]}}