{"resourceType":"ValueSet","id":"conditionclinical","meta":{"profile":["http://hl7.org/fhir/StructureDefinition/shareablevalueset","http://hl7.org/fhir/uv/cpg/StructureDefinition/cpg-executablevalueset"]},"text":{"status":"generated","div":"<div xmlns=\"http://www.w3.org/1999/xhtml\"><p>This value set contains 3 concepts</p><p>All codes in this table are from the system <a href=\"http://terminology.hl7.org/2.1.0/CodeSystem-condition-clinical.html\"><code>http://terminology.hl7.org/CodeSystem/condition-clinical</code></a></p><table class=\"codes\"><tr><td style=\"white-space:nowrap\"><b>Code</b></td><td><b>Display</b></td><td><b>Definition</b></td></tr><tr><td style=\"white-space:nowrap\"><a name=\"http---terminology.hl7.org-CodeSystem-condition-clinical-active\"> </a><a href=\"http://terminology.hl7.org/2.1.0/CodeSystem-condition-clinical.html#condition-clinical-active\">active</a></td><td>Active</td><td>The subject is currently experiencing the condition or situation, there is evidence of the condition or situation, or considered to be a significant risk.</td></tr><tr><td style=\"white-space:nowrap\"><a name=\"http---terminology.hl7.org-CodeSystem-condition-clinical-recurrence\"> </a><a href=\"http://terminology.hl7.org/2.1.0/CodeSystem-condition-clinical.html#condition-clinical-recurrence\">recurrence</a></td><td>Recurrence</td><td>The subject is experiencing a reoccurence or repeating of a previously resolved condition or situation, e.g. urinary tract infection, food insecurity.</td></tr><tr><td style=\"white-space:nowrap\"><a name=\"http---terminology.hl7.org-CodeSystem-condition-clinical-relapse\"> </a><a href=\"http://terminology.hl7.org/2.1.0/CodeSystem-condition-clinical.html#condition-clinical-relapse\">relapse</a></td><td>Relapse</td><td>The subject is experiencing a return of a condition or situation after a period of improvement or remission, e.g. relapse of cancer, alcoholism.</td></tr></table></div>"},"extension":[{"url":"http://hl7.org/fhir/uv/cpg/StructureDefinition/cpg-knowledgeCapability","valueString":"executable"},{"url":"http://hl7.org/fhir/uv/cpg/StructureDefinition/cpg-knowledgeRepresentationLevel","valueString":"executable"}],"url":"http://fhir.org/guides/utah-edu/lcs-cds/ValueSet/conditionclinical","version":"1.0.0","name":"ConditionClinical","title":"Condition Clinical Status","status":"draft","experimental":false,"date":"2020-03-21T00:00:00+00:00","publisher":"U.S. Preventive Services Task Force (USPSTF)","contact":[{"telecom":[{"system":"url","value":"https://www.uspreventiveservicestaskforce.org/uspstf/"}]}],"description":"Value set for Active Condition Clinical Status.","jurisdiction":[{"coding":[{"system":"http://unstats.un.org/unsd/methods/m49/m49.htm","code":"001"}]}],"immutable":true,"compose":{"include":[{"system":"http://terminology.hl7.org/CodeSystem/condition-clinical","concept":[{"code":"active","display":"Active"},{"code":"recurrence","display":"Recurrence"},{"code":"relapse","display":"Relapse"}]}]},"expansion":{"timestamp":"2021-06-04T14:54:23-06:00","contains":[{"system":"http://terminology.hl7.org/CodeSystem/condition-clinical","code":"active","display":"Active"},{"system":"http://terminology.hl7.org/CodeSystem/condition-clinical","code":"recurrence","display":"Recurrence"},{"system":"http://terminology.hl7.org/CodeSystem/condition-clinical","code":"relapse","display":"Relapse"}]}}