{"resourceType":"ValueSet","id":"us-core-observation-smokingstatus","meta":{"profile":["http://hl7.org/fhir/uv/cpg/StructureDefinition/cpg-executablevalueset"]},"text":{"status":"generated","div":"<div xmlns=\"http://www.w3.org/1999/xhtml\"><p>This value set contains 8 concepts</p><p>All codes in this table are from the system <a href=\"http://terminology.hl7.org/2.1.0/CodeSystem-v3-snomed-CT.html\"><code>http://snomed.info/sct</code></a></p><table class=\"codes\"><tr><td style=\"white-space:nowrap\"><b>Code</b></td><td><b>Display</b></td><td><b>Definition</b></td></tr><tr><td style=\"white-space:nowrap\"><a name=\"http---snomed.info-sct-449868002\"> </a><a href=\"http://browser.ihtsdotools.org/?perspective=full&amp;conceptId1=449868002\">449868002</a></td><td>Current every day smoker</td><td/></tr><tr><td style=\"white-space:nowrap\"><a name=\"http---snomed.info-sct-428041000124106\"> </a><a href=\"http://browser.ihtsdotools.org/?perspective=full&amp;conceptId1=428041000124106\">428041000124106</a></td><td>Current some day smoker</td><td/></tr><tr><td style=\"white-space:nowrap\"><a name=\"http---snomed.info-sct-8517006\"> </a><a href=\"http://browser.ihtsdotools.org/?perspective=full&amp;conceptId1=8517006\">8517006</a></td><td>Former smoker</td><td/></tr><tr><td style=\"white-space:nowrap\"><a name=\"http---snomed.info-sct-266919005\"> </a><a href=\"http://browser.ihtsdotools.org/?perspective=full&amp;conceptId1=266919005\">266919005</a></td><td>Never smoker</td><td/></tr><tr><td style=\"white-space:nowrap\"><a name=\"http---snomed.info-sct-77176002\"> </a><a href=\"http://browser.ihtsdotools.org/?perspective=full&amp;conceptId1=77176002\">77176002</a></td><td>Smoker, current status unknown</td><td/></tr><tr><td style=\"white-space:nowrap\"><a name=\"http---snomed.info-sct-266927001\"> </a><a href=\"http://browser.ihtsdotools.org/?perspective=full&amp;conceptId1=266927001\">266927001</a></td><td>Unknown if ever smoked</td><td/></tr><tr><td style=\"white-space:nowrap\"><a name=\"http---snomed.info-sct-428071000124103\"> </a><a href=\"http://browser.ihtsdotools.org/?perspective=full&amp;conceptId1=428071000124103\">428071000124103</a></td><td>Current Heavy tobacco smoker</td><td/></tr><tr><td style=\"white-space:nowrap\"><a name=\"http---snomed.info-sct-428061000124105\"> </a><a href=\"http://browser.ihtsdotools.org/?perspective=full&amp;conceptId1=428061000124105\">428061000124105</a></td><td>Current Light tobacco smoker</td><td/></tr></table></div>"},"extension":[{"url":"http://hl7.org/fhir/uv/cpg/StructureDefinition/cpg-knowledgeCapability","valueString":"executable"},{"url":"http://hl7.org/fhir/uv/cpg/StructureDefinition/cpg-knowledgeRepresentationLevel","valueString":"executable"}],"url":"http://hl7.org/fhir/us/core/ValueSet/us-core-observation-smokingstatus","identifier":[{"system":"urn:ietf:rfc:3986","value":"urn:oid:2.16.840.1.113883.4.642.2.602"}],"version":"1.0.0","name":"USCoreSmokingStatus","title":"US Core Smoking Status","status":"active","date":"2019-05-21T00:00:00+10:00","publisher":"U.S. Preventive Services Task Force (USPSTF)","contact":[{"telecom":[{"system":"url","value":"https://www.uspreventiveservicestaskforce.org/uspstf/"}]}],"description":"This value set indicates the current smoking status of a patient.","jurisdiction":[{"coding":[{"system":"http://unstats.un.org/unsd/methods/m49/m49.htm","code":"001"}]}],"copyright":"This value set includes content from SNOMED CT, which is copyright © 2002+ International Health Terminology Standards Development Organisation (IHTSDO), and distributed by agreement between IHTSDO and HL7. Implementer use of SNOMED CT is not covered by this agreement","compose":{"include":[{"system":"http://snomed.info/sct","concept":[{"code":"449868002","display":"Current every day smoker"},{"code":"428041000124106","display":"Current some day smoker"},{"code":"8517006","display":"Former smoker"},{"code":"266919005","display":"Never smoker"},{"code":"77176002","display":"Smoker, current status unknown"},{"code":"266927001","display":"Unknown if ever smoked"},{"code":"428071000124103","display":"Current Heavy tobacco smoker"},{"code":"428061000124105","display":"Current Light tobacco smoker"}]}]},"expansion":{"timestamp":"2021-06-04T14:54:23-06:00","contains":[{"system":"http://snomed.info/sct","code":"449868002","display":"Current every day smoker"},{"system":"http://snomed.info/sct","code":"428041000124106","display":"Current some day smoker"},{"system":"http://snomed.info/sct","code":"8517006","display":"Former smoker"},{"system":"http://snomed.info/sct","code":"266919005","display":"Never smoker"},{"system":"http://snomed.info/sct","code":"77176002","display":"Smoker, current status unknown"},{"system":"http://snomed.info/sct","code":"266927001","display":"Unknown if ever smoked"},{"system":"http://snomed.info/sct","code":"428071000124103","display":"Current Heavy tobacco smoker"},{"system":"http://snomed.info/sct","code":"428061000124105","display":"Current Light tobacco smoker"}]}}